Country/Territory,Code,Year,Alzheimer's Disease and Other Dementias,Parkinson's Disease,Cardiovascular Diseases,Neoplasms,Diabetes Mellitus,Chronic Kidney Disease,Chronic Respiratory Diseases,Cirrhosis and Other Chronic Liver Diseases,HIV/AIDS,Total Chronic Deaths,GNI_per_capita,HDI,LifeExpectancy
Afghanistan,AFG,1990,1116,371,44899,11580,2108,3709,5945,2673,34,72435,2684.550019,0.273,45.9672
Afghanistan,AFG,1991,1136,374,45492,11796,2120,3724,6050,2728,41,73461,2276.289409,0.279,46.6631
Afghanistan,AFG,1992,1162,378,46557,12218,2153,3776,6223,2830,48,75345,2059.868084,0.287,47.5955
Afghanistan,AFG,1993,1187,384,47951,12634,2195,3862,6445,2943,56,77657,1525.533426,0.297,51.4664
Afghanistan,AFG,1994,1211,391,49308,12914,2231,3932,6664,3027,63,79741,1087.96189,0.292,51.4945
Afghanistan,AFG,1995,1225,394,50158,13106,2248,3974,6823,3076,71,81075,1339.087122,0.31,52.5442
Afghanistan,AFG,1996,1239,398,51125,13335,2298,4041,7000,3133,78,82647,1332.30721,0.319,53.2433
Afghanistan,AFG,1997,1253,402,52039,13572,2347,4094,7168,3200,84,84159,1230.26129,0.323,53.6342
Afghanistan,AFG,1998,1267,405,52720,13695,2388,4120,7287,3231,89,85202,1149.90239,0.324,52.9431
Afghanistan,AFG,1999,1281,409,53413,13811,2437,4150,7400,3247,93,86241,1071.800919,0.332,54.8464
Afghanistan,AFG,2000,1291,416,53919,13977,2515,4182,7471,3249,97,87117,984.9974338,0.335,55.2978
Afghanistan,AFG,2001,1300,424,54642,14312,2657,4251,7565,3267,104,88522,894.0245886,0.337,55.7981
Afghanistan,AFG,2002,1311,429,54213,14437,2745,4239,7455,3238,111,88178,1267.628852,0.362,56.4538
Afghanistan,AFG,2003,1326,434,54274,14951,2865,4336,7471,3342,118,89117,1401.324413,0.376,57.3445
Afghanistan,AFG,2004,1344,439,54438,15360,2986,4413,7477,3394,125,89976,1384.695729,0.392,57.9436
Afghanistan,AFG,2005,1362,442,54196,15556,3070,4431,7391,3388,132,89968,1435.19173,0.4,58.3608
Afghanistan,AFG,2006,1381,446,54080,15724,3130,4461,7310,3366,140,90038,1518.767846,0.409,58.6844
Afghanistan,AFG,2007,1402,450,53962,15925,3189,4490,7222,3346,148,90134,1811.166659,0.424,59.1113
Afghanistan,AFG,2008,1424,455,54051,16148,3261,4534,7143,3316,157,90489,1753.066993,0.43,59.8515
Afghanistan,AFG,2009,1449,460,53964,16383,3336,4597,7045,3291,167,90692,1884.200863,0.44,60.3636
Afghanistan,AFG,2010,1476,465,53934,16718,3413,4693,6969,3304,176,91148,1938.315627,0.448,60.8508
Afghanistan,AFG,2011,1508,473,54347,17094,3550,4785,6916,3318,184,92175,1999.653042,0.456,61.4191
Afghanistan,AFG,2012,1544,482,54868,17522,3682,4846,6878,3353,191,93366,2125.862821,0.466,61.923
Afghanistan,AFG,2013,1581,491,55274,18015,3827,4945,6859,3413,200,94605,2193.553936,0.474,62.4167
Afghanistan,AFG,2014,1620,502,55932,18462,3986,5055,6851,3454,213,96075,2178.507021,0.479,62.5451
Afghanistan,AFG,2015,1652,511,56875,18876,4143,5153,6835,3492,230,97767,2101.589319,0.478,62.6587
Afghanistan,AFG,2016,1690,524,57970,19459,4349,5296,6894,3578,251,100011,2077.566899,0.481,63.1361
Afghanistan,AFG,2017,1728,537,59553,20111,4497,5419,6982,3693,272,102792,2085.487571,0.482,63.016
Afghanistan,AFG,2018,1757,551,60893,20673,4664,5531,7036,3732,291,105128,2054.939895,0.483,63.081
Afghanistan,AFG,2019,1775,560,61995,21247,4817,5637,7082,3797,318,107228,2097.88945,0.488,63.5645
Albania,ALB,1990,360,93,6701,2616,100,241,1006,326,1,11444,4742.215529,0.647,73.1439
Albania,ALB,1991,363,96,6903,2698,107,246,1009,330,1,11753,3358.087827,0.629,73.3776
Albania,ALB,1992,365,94,6699,2642,106,233,967,318,1,11425,3080.746654,0.614,73.7148
Albania,ALB,1993,368,92,6480,2586,104,222,922,307,2,11083,3538.885493,0.617,73.9391
Albania,ALB,1994,373,90,6191,2493,102,209,855,287,2,10602,3940.312045,0.624,74.1313
Albania,ALB,1995,382,95,6500,2614,109,217,851,289,2,11059,4583.051036,0.634,74.3616
Albania,ALB,1996,391,100,6822,2756,116,224,850,288,2,11549,5044.975175,0.645,74.5923
Albania,ALB,1997,400,105,7063,2871,123,232,832,286,2,11914,4496.163681,0.642,73.9039
Albania,ALB,1998,411,108,7269,2963,129,238,804,279,2,12203,4952.596957,0.657,74.9899
Albania,ALB,1999,425,113,7490,3030,136,241,775,272,2,12484,5595.612697,0.669,75.1828
Albania,ALB,2000,438,117,7641,3073,141,244,753,265,2,12674,6065.195257,0.677,75.4043
Albania,ALB,2001,451,118,7622,3044,140,237,706,255,2,12575,6645.348336,0.684,75.6388
Albania,ALB,2002,471,128,8230,3190,151,243,711,257,2,13383,6920.555095,0.689,75.8899
Albania,ALB,2003,489,141,9045,3388,163,256,734,266,2,14484,7341.564007,0.696,76.1421
Albania,ALB,2004,501,147,9335,3463,163,256,716,268,2,14851,7756.648389,0.7,76.3761
Albania,ALB,2005,514,149,9414,3468,156,252,676,267,2,14898,8197.993857,0.711,76.6208
Albania,ALB,2006,527,146,9172,3395,142,240,622,261,2,14507,8814.501734,0.718,76.8162
Albania,ALB,2007,543,146,9024,3357,130,231,586,260,2,14279,9399.46896,0.73,77.5491
Albania,ALB,2008,567,154,9393,3471,125,236,583,269,2,14800,9962.442236,0.736,77.6529
Albania,ALB,2009,590,159,9513,3528,119,238,578,274,2,15001,10153.09601,0.741,77.781
Albania,ALB,2010,616,166,9748,3617,120,247,587,280,2,15383,10643.05764,0.754,77.9359
Albania,ALB,2011,647,176,10142,3759,127,257,616,288,2,16014,11056.64517,0.766,78.0919
Albania,ALB,2012,678,185,10446,3865,133,265,639,293,2,16506,11146.26303,0.778,78.064
Albania,ALB,2013,710,195,10800,3982,139,275,665,299,2,17067,11552.98247,0.785,78.1226
Albania,ALB,2014,743,207,11275,4143,147,286,702,306,2,17811,11691.64829,0.792,78.4075
Albania,ALB,2015,776,219,11754,4313,155,299,737,317,2,18572,12016.2976,0.795,78.6441
Albania,ALB,2016,809,227,12053,4419,161,307,759,321,2,19058,12484.6242,0.798,78.8602
Albania,ALB,2017,844,235,12345,4517,166,314,779,326,2,19528,12802.14831,0.802,79.0473
Albania,ALB,2018,880,242,12629,4611,170,321,797,330,2,19982,13302.70596,0.806,79.1838
Albania,ALB,2019,917,248,12904,4705,175,329,815,333,2,20428,13485.31124,0.81,79.2825
Algeria,DZA,1990,1337,439,53488,10571,1743,3559,4410,2401,44,77992,8512.436516,0.591,67.416
Algeria,DZA,1991,1411,451,54722,10917,1787,3640,4481,2456,50,79915,8094.818491,0.594,67.6875
Algeria,DZA,1992,1494,470,56107,11145,1813,3687,4571,2500,57,81844,8123.264461,0.599,67.7571
Algeria,DZA,1993,1582,488,57522,11386,1840,3741,4668,2542,64,83833,7837.072107,0.601,67.7195
Algeria,DZA,1994,1675,509,59055,11629,1873,3806,4773,2588,72,85980,7576.303703,0.602,67.3614
Algeria,DZA,1995,1763,525,60182,11865,1894,3856,4846,2632,80,87643,7662.601491,0.606,67.4544
Algeria,DZA,1996,1855,540,61130,12034,1917,3906,4903,2670,90,89045,7826.571624,0.617,68.7493
Algeria,DZA,1997,1945,554,62011,12203,1933,3937,4960,2718,101,90362,7830.179146,0.624,69.1706
Algeria,DZA,1998,2037,565,62637,12338,1941,3962,4993,2753,113,91339,8142.569213,0.633,69.4506
Algeria,DZA,1999,2129,582,64123,12640,1994,4060,5080,2821,118,93547,8252.437526,0.641,70.0316
Algeria,DZA,2000,2219,597,64792,12910,2062,4136,5124,2870,123,94833,8392.02018,0.649,70.4779
Algeria,DZA,2001,2313,618,65386,13167,2178,4222,5179,2911,137,96111,8655.406542,0.655,70.8233
Algeria,DZA,2002,2411,641,65986,13499,2300,4326,5240,2935,155,97493,8959.828434,0.664,71.2296
Algeria,DZA,2003,2508,655,66329,13869,2415,4422,5270,2954,175,98597,9488.768809,0.67,71.2868
Algeria,DZA,2004,2618,683,67142,14377,2560,4605,5353,2988,196,100522,9719.483869,0.678,71.7617
Algeria,DZA,2005,2732,714,67957,14916,2706,4771,5437,3021,217,102471,10049.69754,0.685,72.0612
Algeria,DZA,2006,2847,744,68935,15400,2861,4951,5509,3053,244,104544,10137.74673,0.69,72.3336
Algeria,DZA,2007,2976,777,70099,15949,3016,5133,5594,3087,278,106909,10563.37199,0.697,72.6019
Algeria,DZA,2008,3102,809,71264,16524,3170,5320,5679,3121,297,109286,10694.43513,0.705,72.9405
Algeria,DZA,2009,3247,844,72767,17155,3333,5534,5788,3161,318,112147,10666.52497,0.714,73.6196
Algeria,DZA,2010,3401,877,74239,17706,3504,5764,5887,3202,329,114909,10918.46514,0.721,73.8081
Algeria,DZA,2011,3573,921,76392,18236,3685,5991,6040,3267,335,118440,10945.42525,0.727,74.1234
Algeria,DZA,2012,3757,963,78530,18795,3858,6208,6198,3336,343,121988,11066.79725,0.729,74.2024
Algeria,DZA,2013,3936,1001,80572,19359,4037,6447,6344,3405,345,125446,11077.58045,0.731,74.6153
Algeria,DZA,2014,4136,1048,83376,19993,4246,6738,6536,3494,355,129922,11242.29072,0.735,75.11
Algeria,DZA,2015,4343,1096,86306,20663,4468,7045,6739,3592,328,134580,11421.66895,0.74,75.622
Algeria,DZA,2016,4563,1136,88545,21303,4648,7280,6903,3684,309,138371,11707.07707,0.743,75.7318
Algeria,DZA,2017,4790,1179,91371,22061,4832,7532,7100,3796,289,142950,11562.26587,0.744,75.7428
Algeria,DZA,2018,5005,1234,94824,22953,5093,7886,7320,3924,275,148514,11344.17458,0.745,76.0656
Algeria,DZA,2019,5209,1283,97931,23816,5328,8201,7528,4045,264,153605,11241.86472,0.748,76.4742
Andorra,AND,1990,6,2,65,101,4,4,16,6,1,205,43773.1465,,78.4063
Andorra,AND,1991,6,2,69,107,4,4,17,7,2,218,43175.1476,,77.9805
Andorra,AND,1992,7,2,74,114,4,5,18,7,2,233,41935.7872,,80.3241
Andorra,AND,1993,8,2,79,121,4,5,19,7,2,247,40085.31589,,78.6633
Andorra,AND,1994,9,3,83,125,5,6,20,8,2,261,39923.54588,,82.638
Andorra,AND,1995,9,3,85,128,5,6,20,8,3,267,40270.7679,,78.9616
Andorra,AND,1996,10,3,88,131,5,6,21,8,3,275,41014.57879,,80.334
Andorra,AND,1997,11,3,91,135,5,6,22,8,3,284,44756.59597,,80.9439
Andorra,AND,1998,12,3,93,139,5,7,22,8,3,292,46319.68664,,79.4259
Andorra,AND,1999,13,3,97,143,5,7,23,8,3,302,48047.57776,,81.3173
Andorra,AND,2000,14,4,100,148,6,7,24,9,3,315,47849.49243,0.818,80.9193
Andorra,AND,2001,15,4,103,153,6,8,25,9,3,326,50235.66715,0.825,81.6857
Andorra,AND,2002,17,4,107,158,6,8,26,9,3,338,50489.27491,0.832,82.2368
Andorra,AND,2003,18,4,111,164,6,9,27,9,3,351,52529.42795,0.841,83.9209
Andorra,AND,2004,19,5,115,171,7,9,28,10,3,367,54521.78059,0.833,80.0836
Andorra,AND,2005,21,5,118,174,7,10,28,10,3,376,55553.50369,0.833,81.7599
Andorra,AND,2006,22,5,122,180,7,10,29,10,3,388,56696.60874,0.848,82.9664
Andorra,AND,2007,23,5,126,185,7,11,30,10,3,400,56399.72175,0.847,82.6594
Andorra,AND,2008,25,5,130,191,8,11,31,11,3,415,52516.10603,0.85,82.6982
Andorra,AND,2009,26,6,136,196,8,12,33,11,4,432,49377.46694,0.848,82.752
Andorra,AND,2010,28,6,141,201,8,12,34,11,3,444,48410.27165,0.848,82.8156
Andorra,AND,2011,28,6,141,191,8,12,33,10,3,432,48812.02903,0.849,82.8975
Andorra,AND,2012,30,6,144,189,8,13,34,10,3,437,47126.81461,0.869,82.9166
Andorra,AND,2013,31,6,147,193,8,13,34,10,3,445,46385.0952,0.864,82.9343
Andorra,AND,2014,32,6,150,198,8,14,35,11,3,457,48483.72032,0.871,82.9483
Andorra,AND,2015,33,6,155,203,8,15,36,11,3,470,49936.87454,0.867,82.9534
Andorra,AND,2016,34,7,158,208,9,15,37,11,3,482,52267.73832,0.871,82.9671
Andorra,AND,2017,35,7,163,215,9,15,38,12,3,497,52650.22576,0.868,82.9803
Andorra,AND,2018,36,7,166,223,9,16,39,12,3,511,53483.30663,0.872,82.9923
Andorra,AND,2019,36,7,169,230,9,16,39,12,3,521,54465.0474,0.873,83.0039
Angola,AGO,1990,293,86,11871,4883,1519,1059,2794,2782,239,25526,4845.706901,,41.8933
Angola,AGO,1991,303,88,12174,5010,1553,1084,2847,2844,361,26264,5405.349257,,43.8127
Angola,AGO,1992,315,91,12537,5168,1597,1118,2911,2924,531,27192,2073.90239,,42.2088
Angola,AGO,1993,326,93,13025,5367,1656,1165,3006,3028,762,28428,2034.215197,,42.1009
Angola,AGO,1994,336,96,13477,5549,1710,1208,3091,3128,1067,29662,1557.198363,,43.4217
Angola,AGO,1995,347,98,13763,5650,1742,1229,3136,3160,1456,30581,3411.90693,,45.8491
Angola,AGO,1996,359,100,13830,5652,1749,1223,3121,3105,1937,31076,3372.994265,,46.0329
Angola,AGO,1997,373,103,14108,5779,1787,1246,3151,3128,2514,32189,3980.79539,,46.3065
Angola,AGO,1998,391,107,14682,6081,1867,1312,3249,3263,3186,34138,3902.583775,,45.057
Angola,AGO,1999,409,111,15194,6351,1937,1367,3326,3362,3947,36004,3524.189975,0.364,45.3858
Angola,AGO,2000,426,115,15555,6513,1992,1403,3360,3409,4784,37557,3690.604857,0.375,46.0236
Angola,AGO,2001,443,118,15706,6608,2025,1427,3361,3437,5685,38810,3900.710372,0.386,46.5905
Angola,AGO,2002,464,121,15872,6751,2053,1449,3369,3462,6630,40171,4659.954466,0.403,47.3865
Angola,AGO,2003,487,127,16344,7018,2131,1500,3424,3570,7600,42201,4684.384828,0.42,49.6173
Angola,AGO,2004,513,133,17003,7380,2239,1571,3518,3732,8557,44646,4929.945484,0.433,50.592
Angola,AGO,2005,536,138,17115,7518,2271,1587,3491,3787,9398,45841,5390.699648,0.447,51.5699
Angola,AGO,2006,564,144,17544,7770,2364,1638,3506,3896,9927,47353,5672.126464,0.459,52.3688
Angola,AGO,2007,589,149,17760,7969,2426,1672,3486,3980,10340,48371,6359.181376,0.475,53.6419
Angola,AGO,2008,619,156,18305,8294,2532,1729,3519,4121,10889,50164,6490.787737,0.486,54.6327
Angola,AGO,2009,653,164,18809,8640,2650,1789,3523,4314,11433,51975,6999.175405,0.5,55.7516
Angola,AGO,2010,690,172,19340,9025,2779,1853,3547,4520,12036,53962,6911.740241,0.51,56.7258
Angola,AGO,2011,730,181,19923,9408,2914,1916,3564,4700,12798,56134,6885.53639,0.526,57.5961
Angola,AGO,2012,771,191,20537,9803,3057,1982,3598,4867,13533,58339,7280.845666,0.541,58.6231
Angola,AGO,2013,812,199,21009,10124,3169,2038,3609,4976,13524,59460,7478.104777,0.552,59.3074
Angola,AGO,2014,853,205,21149,10314,3228,2064,3567,5002,13176,59558,7704.231949,0.563,60.0397
Angola,AGO,2015,905,216,21887,10753,3371,2139,3613,5107,13544,61535,7652.656486,0.582,60.6546
Angola,AGO,2016,958,226,22606,11142,3507,2196,3657,5174,14825,64291,7189.426672,0.596,61.0923
Angola,AGO,2017,1016,238,23571,11673,3660,2280,3739,5410,16149,67736,6861.575738,0.597,61.6798
Angola,AGO,2018,1080,253,24627,12241,3848,2372,3830,5527,16728,70506,6381.521946,0.595,62.1438
Angola,AGO,2019,1143,267,25724,12791,4033,2464,3934,5666,16802,72824,6082.746624,0.595,62.4484
Antigua and Barbuda,ATG,1990,12,3,170,75,34,14,7,9,7,331,13560.30944,,73.4922
Antigua and Barbuda,ATG,1991,13,3,173,77,36,15,7,9,5,338,14154.41386,,73.4354
Antigua and Barbuda,ATG,1992,13,3,175,79,37,15,7,9,6,344,14185.23142,,73.4168
Antigua and Barbuda,ATG,1993,13,3,186,84,40,16,8,10,7,367,14895.35744,,73.4819
Antigua and Barbuda,ATG,1994,13,3,186,85,41,16,8,10,9,371,15516.76116,,73.5912
Antigua and Barbuda,ATG,1995,13,3,187,86,41,16,8,10,9,373,14501.13254,,73.6363
Antigua and Barbuda,ATG,1996,13,3,175,80,40,16,7,9,10,353,15209.58976,,73.8291
Antigua and Barbuda,ATG,1997,13,3,171,80,39,15,7,9,8,345,15843.65803,,73.9603
Antigua and Barbuda,ATG,1998,13,3,169,81,39,16,7,9,8,345,16310.15498,,74.0413
Antigua and Barbuda,ATG,1999,14,3,167,83,39,17,7,9,10,349,16557.38996,,74.3467
Antigua and Barbuda,ATG,2000,14,3,163,86,40,18,7,9,13,353,16065.83719,,74.6058
Antigua and Barbuda,ATG,2001,14,3,161,86,40,18,7,9,13,351,15678.54545,,75.0781
Antigua and Barbuda,ATG,2002,14,3,160,88,41,19,7,9,12,353,15586.60406,,75.5357
Antigua and Barbuda,ATG,2003,14,4,160,89,41,19,7,9,10,353,16396.23817,,75.4778
Antigua and Barbuda,ATG,2004,14,4,159,91,42,20,7,9,10,356,16972.51905,,75.6721
Antigua and Barbuda,ATG,2005,14,4,160,92,43,21,7,9,9,359,18213.73908,,75.8254
Antigua and Barbuda,ATG,2006,14,4,162,96,44,22,8,9,9,368,20253.5277,,75.7647
Antigua and Barbuda,ATG,2007,15,5,180,112,48,25,9,10,8,412,21792.18713,0.802,76.1311
Antigua and Barbuda,ATG,2008,15,5,179,114,49,26,9,11,8,416,21504.71644,0.801,76.4103
Antigua and Barbuda,ATG,2009,15,4,170,108,46,26,9,10,7,395,18698.75383,0.795,76.6694
Antigua and Barbuda,ATG,2010,15,4,171,110,47,27,9,10,8,401,17233.05965,0.79,76.8195
Antigua and Barbuda,ATG,2011,15,4,174,113,47,28,9,10,8,408,16539.63424,0.783,77.1038
Antigua and Barbuda,ATG,2012,15,5,175,116,48,29,9,10,8,415,16745.79664,0.787,77.3502
Antigua and Barbuda,ATG,2013,15,5,178,117,48,31,9,11,7,421,16722.97555,0.787,77.5834
Antigua and Barbuda,ATG,2014,15,5,184,121,50,32,9,11,9,436,17119.31079,0.789,77.8577
Antigua and Barbuda,ATG,2015,16,5,187,124,51,34,10,12,9,448,17679.66135,0.791,77.9127
Antigua and Barbuda,ATG,2016,16,5,191,128,52,35,10,12,8,457,18421.76805,0.794,78.1516
Antigua and Barbuda,ATG,2017,16,5,194,131,54,35,10,12,8,465,18775.95101,0.795,78.2683
Antigua and Barbuda,ATG,2018,16,5,197,134,55,36,10,13,8,474,19857.12506,0.798,78.5112
Antigua and Barbuda,ATG,2019,16,5,200,138,57,36,11,13,7,483,20600.95888,0.8,78.6912
Argentina,ARG,1990,4983,1494,98783,56399,7096,7129,9894,5943,559,192280,13597.68636,0.723,71.7837
Argentina,ARG,1991,5161,1526,97610,57122,7345,7261,10211,5895,670,192801,14803.99888,0.73,72.319
Argentina,ARG,1992,5383,1594,98286,58603,7741,7575,10766,5961,909,196818,15940.72602,0.735,72.4295
Argentina,ARG,1993,5609,1644,97030,59365,8026,7788,11182,5859,1003,197506,17132.68448,0.739,72.5646
Argentina,ARG,1994,5843,1670,94314,59889,8190,7939,11440,5758,1328,196371,17874.84399,0.744,73.1725
Argentina,ARG,1995,6142,1748,94708,61086,8479,8372,12171,5806,1635,200147,17091.77126,0.745,73.1333
Argentina,ARG,1996,6439,1818,94471,62791,8693,8856,12775,5921,1867,203631,17782.84547,0.751,73.3066
Argentina,ARG,1997,6749,1910,94388,64496,9013,9620,13514,6021,2049,207760,18984.60422,0.756,73.0899
Argentina,ARG,1998,7058,2013,95359,66293,9456,10446,14362,6085,1907,212979,19427.08332,0.762,73.4737
Argentina,ARG,1999,7319,2082,95713,67589,9837,11112,14948,6100,1767,216467,18535.78094,0.773,73.7219
Argentina,ARG,2000,7516,2081,91977,67318,9715,11362,14803,5971,1753,212496,18180.44981,0.779,73.926
Argentina,ARG,2001,7763,2125,91810,68241,9807,11823,15184,6040,1767,214560,17153.2977,0.784,74.1864
Argentina,ARG,2002,8016,2182,93054,69686,9917,12360,15645,6171,1829,218860,14727.85071,0.785,74.408
Argentina,ARG,2003,8268,2246,93723,70855,10038,12674,16143,6255,1878,222080,16057.21074,0.793,74.0801
Argentina,ARG,2004,8476,2249,91239,70656,9835,12517,16012,6171,1747,218902,16058.54354,0.798,74.8549
Argentina,ARG,2005,8710,2257,89381,70761,9627,12468,15961,6242,1620,217027,17271.06449,0.802,75.1388
Argentina,ARG,2006,9010,2308,89434,71641,9476,12676,16102,6414,1692,218753,20131.40256,0.814,75.4326
Argentina,ARG,2007,9368,2408,91606,73495,9603,13170,16808,6743,1727,224928,21872.98639,0.817,75.0057
Argentina,ARG,2008,9633,2397,89122,72954,9193,12992,16506,6720,1714,221231,22558.47112,0.825,75.6411
Argentina,ARG,2009,9999,2442,89543,73515,9151,13172,16632,6828,1721,223003,20884.44997,0.827,75.9359
Argentina,ARG,2010,10411,2544,91734,74506,9202,13550,17202,6977,1651,227777,22734.96712,0.834,75.7208
Argentina,ARG,2011,10756,2603,92474,75294,9237,13762,17508,7179,1611,230424,23944.3551,0.841,76.124
Argentina,ARG,2012,11042,2643,92630,75967,9237,13942,17593,7383,1733,232170,23557.51314,0.843,76.4669
Argentina,ARG,2013,11296,2696,93311,76594,9296,14190,17668,7558,1747,234356,23915.41972,0.845,76.4908
Argentina,ARG,2014,11480,2740,93640,76832,9334,14289,17789,7659,1766,235529,23087.86964,0.846,76.7549
Argentina,ARG,2015,11651,2831,95955,78388,9655,14607,18280,7950,1765,241082,23508.76738,0.848,76.7602
Argentina,ARG,2016,11811,2966,100391,81304,10194,15219,19026,8408,1817,251136,22694.2851,0.847,76.3077
Argentina,ARG,2017,11884,3019,101975,83141,10498,15531,19334,8488,1810,255680,22996.67142,0.851,76.833
Argentina,ARG,2018,11900,2999,100742,83676,10548,15446,19145,8449,1796,254701,21924.73119,0.85,76.9994
Argentina,ARG,2019,12045,3043,101725,85209,10762,15665,19348,8525,1777,258099,21197.74104,0.852,77.2845
Armenia,ARM,1990,359,76,10672,4136,495,68,1078,406,1,17291,5210.201884,0.656,68.8209
Armenia,ARM,1991,364,79,11395,4274,569,75,1095,441,1,18293,4633.9383,0.649,68.6431
Armenia,ARM,1992,365,85,12746,4588,692,88,1168,503,1,20236,2741.695896,0.618,68.6266
Armenia,ARM,1993,362,88,13377,4681,784,99,1217,551,1,21160,2560.861392,0.616,68.8415
Armenia,ARM,1994,354,83,12725,4478,808,104,1149,546,1,20248,2752.65061,0.62,69.0725
Armenia,ARM,1995,352,82,12681,4487,903,114,1130,534,1,20284,3097.536757,0.627,69.3108
Armenia,ARM,1996,351,84,12792,4606,1012,128,1136,537,1,20647,3334.672127,0.632,69.7828
Armenia,ARM,1997,348,82,12337,4525,1072,138,1075,511,1,20089,3596.499376,0.641,69.9098
Armenia,ARM,1998,353,85,12300,4565,1147,150,1040,493,1,20134,3778.688421,0.654,70.5142
Armenia,ARM,1999,358,89,12410,4659,1205,162,1056,494,1,20434,3923.756144,0.657,70.2565
Armenia,ARM,2000,369,93,12379,4696,1253,171,1060,504,1,20526,4178.388592,0.662,70.6236
Armenia,ARM,2001,382,99,12708,4862,1323,184,1078,552,1,21189,4602.441726,0.666,70.932
Armenia,ARM,2002,394,106,12961,4948,1368,194,1128,606,1,21706,5264.791554,0.676,71.0179
Armenia,ARM,2003,413,114,13310,5086,1421,207,1168,663,1,22383,6031.859191,0.686,71.4356
Armenia,ARM,2004,433,120,13287,5103,1364,217,1162,725,2,22413,6753.741256,0.694,71.4205
Armenia,ARM,2005,461,129,13498,5248,1360,230,1188,814,4,22932,7747.421747,0.707,71.7922
Armenia,ARM,2006,491,138,13660,5409,1355,236,1214,923,10,23436,8881.593116,0.721,71.9868
Armenia,ARM,2007,519,144,13487,5427,1331,271,1213,959,7,23358,10262.08008,0.738,72.3271
Armenia,ARM,2008,550,151,13622,5604,1361,283,1208,1030,12,23821,11125.75363,0.742,72.3985
Armenia,ARM,2009,577,153,13478,5635,1355,309,1201,1071,12,23791,9428.797679,0.741,72.8125
Armenia,ARM,2010,614,159,13493,5672,1345,334,1196,1101,10,23924,9745.427269,0.746,73.1597
Armenia,ARM,2011,647,162,13432,5697,1321,353,1207,1129,10,23958,10072.89566,0.75,73.3045
Armenia,ARM,2012,681,164,13268,5672,1282,385,1217,1116,20,23805,10830.55372,0.755,73.454
Armenia,ARM,2013,713,162,12927,5571,1226,395,1211,1097,16,23318,11351.53875,0.76,73.6759
Armenia,ARM,2014,741,164,12911,5612,1195,413,1248,1111,28,23423,11518.60475,0.764,74.0577
Armenia,ARM,2015,780,169,13198,5768,1209,440,1307,1146,31,24048,11774.34934,0.766,74.4361
Armenia,ARM,2016,810,169,13194,5714,1164,466,1298,1158,27,24000,11570.46772,0.765,74.6639
Armenia,ARM,2017,839,171,13391,5756,1196,455,1319,1138,22,24287,12541.16263,0.768,74.9059
Armenia,ARM,2018,861,170,13489,5789,1214,453,1326,1127,20,24449,12933.83405,0.771,75.0645
Armenia,ARM,2019,873,169,13507,5834,1235,449,1323,1114,19,24523,13847.90825,0.778,75.4386
Australia,AUS,1990,3669,880,51230,31401,2198,1712,6966,1394,379,99829,29069.15488,0.865,77.0443
Australia,AUS,1991,3820,909,50532,31902,2273,1743,7006,1386,433,100004,28846.41579,0.867,77.4831
Australia,AUS,1992,3984,957,50979,32785,2397,1804,7235,1392,479,102012,30007.87767,0.869,77.4765
Australia,AUS,1993,4149,998,50717,33430,2497,1863,7312,1387,568,102921,30994.67247,0.873,78.0098
Australia,AUS,1994,4342,1056,51468,34419,2640,1946,7523,1415,558,105367,31444.1912,0.873,77.8558
Australia,AUS,1995,4533,1098,51085,34883,2705,1998,7544,1414,521,105781,32280.32494,0.882,78.2619
Australia,AUS,1996,4761,1156,51248,35577,2829,2103,7702,1437,489,107302,33260.0375,0.884,78.3492
Australia,AUS,1997,4968,1202,50598,35937,2870,2156,7671,1443,242,107087,34482.04196,0.887,78.6317
Australia,AUS,1998,5176,1246,49849,36234,2902,2240,7609,1432,194,106882,35853.05196,0.891,79.0275
Australia,AUS,1999,5399,1296,49132,36561,2949,2324,7578,1425,172,106836,36955.25519,0.894,79.2855
Australia,AUS,2000,5658,1354,48690,37009,3030,2405,7587,1437,162,107332,37296.64145,0.896,79.6309
Australia,AUS,2001,5935,1417,48397,37485,3134,2502,7608,1466,146,108090,38413.32271,0.9,80.0165
Australia,AUS,2002,6213,1494,48557,38098,3292,2632,7743,1532,133,109694,39098.35275,0.902,80.0639
Australia,AUS,2003,6470,1552,47950,37909,3419,2718,7735,1581,134,109468,40207.44158,0.906,80.4549
Australia,AUS,2004,6690,1582,46587,39058,3475,2777,7605,1584,145,109503,40599.52063,0.908,80.7512
Australia,AUS,2005,6954,1614,45600,39704,3532,2884,7538,1600,117,109543,41039.08996,0.911,81.1126
Australia,AUS,2006,7268,1668,45433,40546,3648,3065,7660,1623,132,111043,41648.29006,0.914,81.2822
Australia,AUS,2007,7568,1742,45949,41904,3820,3298,7969,1687,123,114060,42531.66846,0.915,81.2603
Australia,AUS,2008,7836,1809,46128,43049,3934,3487,8245,1742,95,116325,42767.77538,0.919,81.4589
Australia,AUS,2009,8064,1837,45219,43523,3942,3608,8342,1780,101,116416,42644.38741,0.921,81.7661
Australia,AUS,2010,8346,1882,44759,44010,3906,3699,8566,1823,83,117074,42840.45928,0.923,82.055
Australia,AUS,2011,8687,1948,44991,44902,3900,3862,8894,1866,103,119153,44205.31566,0.926,82.1336
Australia,AUS,2012,8948,1983,44416,45387,3803,4016,9104,1888,74,119619,44878.41764,0.93,82.3456
Australia,AUS,2013,9215,2020,44255,46192,3657,4210,9354,1967,69,120939,45260.60917,0.929,82.6041
Australia,AUS,2014,9526,2085,45146,47417,3653,4450,9773,2057,67,124174,45851.64201,0.931,82.5677
Australia,AUS,2015,9848,2150,46230,48482,3720,4682,10163,2135,64,127474,46307.57617,0.933,82.6552
Australia,AUS,2016,10134,2178,46468,48970,3729,4787,10319,2125,71,128781,46558.17827,0.935,82.8707
Australia,AUS,2017,10420,2237,47986,50188,3862,4867,10524,2135,71,132290,47085.22714,0.937,83.0006
Australia,AUS,2018,10804,2331,50065,52196,4071,5061,10926,2187,71,137712,47487.64407,0.941,83.3871
Australia,AUS,2019,11240,2403,51615,53700,4239,5207,11203,2215,71,141893,47312.192,0.941,83.11
Austria,AUT,1990,2327,583,39785,20644,1590,743,2524,2253,69,70518,38902.26267,0.825,75.7396
Austria,AUT,1991,2404,590,39739,20747,1614,746,2506,2280,90,70716,39777.96789,0.829,75.7931
Austria,AUT,1992,2487,596,39550,20787,1602,742,2484,2280,136,70664,40438.79593,0.835,75.9931
Austria,AUT,1993,2560,598,39234,20731,1584,745,2468,2258,146,70324,40348.79883,0.84,76.2258
Austria,AUT,1994,2629,599,38675,20543,1555,739,2410,2219,178,69547,40981.36293,0.845,76.5425
Austria,AUT,1995,2715,616,38864,20605,1563,757,2434,2197,164,69915,41623.42655,0.849,76.7766
Austria,AUT,1996,2769,630,38904,20558,1548,786,2437,2168,117,69917,42493.16783,0.853,77.0268
Austria,AUT,1997,2812,635,38211,20411,1512,814,2433,2103,65,68996,43139.89851,0.857,77.4292
Austria,AUT,1998,2856,646,37772,20321,1487,855,2459,2078,68,68542,44553.74381,0.863,77.7833
Austria,AUT,1999,2900,663,37253,20222,1509,939,2531,2040,56,68113,45450.38304,0.866,77.956
Austria,AUT,2000,2974,688,36313,20150,1555,1093,2608,2045,48,67474,47031.30264,0.871,78.2358
Austria,AUT,2001,3001,713,34918,19938,1640,1239,2669,2035,50,66203,47170.8938,0.876,78.7192
Austria,AUT,2002,3046,766,34394,20079,1796,1429,2819,2085,53,66467,48192.81367,0.879,78.8469
Austria,AUT,2003,3069,795,33519,20229,2064,1594,2948,2131,50,66399,48499.13214,0.881,78.8496
Austria,AUT,2004,3088,781,32114,20105,2266,1692,2935,2089,56,65126,49555.32049,0.886,79.3632
Austria,AUT,2005,3197,796,31829,20113,2395,1799,2965,2059,65,65218,50119.4083,0.889,79.521
Austria,AUT,2006,3254,802,31069,20028,2404,1887,2932,1985,43,64404,51755.56802,0.893,79.9655
Austria,AUT,2007,3335,820,30852,20212,2372,2003,2944,1977,59,64574,53226.17902,0.896,80.1672
Austria,AUT,2008,3408,835,30517,20392,2337,2138,2920,1945,47,64539,54019.90627,0.898,80.3639
Austria,AUT,2009,3513,857,30688,20779,2316,2293,2963,1985,40,65434,51759.08206,0.898,80.207
Austria,AUT,2010,3686,872,30655,20897,2247,2467,2969,1957,45,65795,52538.42144,0.902,80.4643
Austria,AUT,2011,3845,896,30832,21138,2214,2642,2986,1923,41,66517,53124.04133,0.905,80.8285
Austria,AUT,2012,4004,924,31298,21473,2213,2870,3059,1910,39,67790,52887.1943,0.906,80.841
Austria,AUT,2013,4123,941,31432,21625,2212,3019,3121,1888,50,68411,52625.83517,0.905,81.0783
Austria,AUT,2014,4250,960,31571,21771,2237,3174,3169,1863,43,69038,52720.29769,0.909,81.3903
Austria,AUT,2015,4417,995,32310,22000,2306,3369,3299,1868,44,70608,52450.23877,0.91,81.1594
Austria,AUT,2016,4538,1004,32169,21954,2300,3431,3329,1830,35,70590,53662.57417,0.915,81.5925
Austria,AUT,2017,4633,1007,31875,21847,2276,3413,3367,1795,37,70250,53665.02668,0.916,81.6391
Austria,AUT,2018,4709,1017,32332,21930,2295,3357,3356,1795,36,70827,54587.74445,0.917,81.6862
Austria,AUT,2019,4802,1040,32998,22258,2340,3367,3406,1809,35,72055,55323.03915,0.919,81.9077
Azerbaijan,AZE,1990,901,148,23070,6953,613,527,1934,1560,14,35720,7664.923538,,62.3522
Azerbaijan,AZE,1991,916,153,24301,7121,703,568,2037,1695,17,37511,7492.116393,,62.0524
Azerbaijan,AZE,1992,928,160,26139,7429,822,645,2202,1871,20,40216,5710.440705,,61.2956
Azerbaijan,AZE,1993,930,170,27959,7553,926,685,2369,2038,23,42653,4329.430055,,61.2856
Azerbaijan,AZE,1994,913,176,29429,7638,1019,713,2495,2209,27,44619,3432.851857,,61.5941
Azerbaijan,AZE,1995,877,168,29032,7457,1053,669,2424,2284,30,43994,2984.995309,0.59,62.3052
Azerbaijan,AZE,1996,856,162,28714,7324,1089,645,2332,2362,33,43517,2987.724673,0.59,62.6217
Azerbaijan,AZE,1997,836,157,28373,7217,1128,634,2200,2424,36,43005,3135.094917,0.594,62.9728
Azerbaijan,AZE,1998,823,157,28638,7205,1190,636,2089,2489,40,43267,3439.324499,0.604,63.5609
Azerbaijan,AZE,1999,814,161,29255,7244,1256,645,1971,2536,43,43925,3800.755097,0.615,64.1892
Azerbaijan,AZE,2000,803,167,29825,7267,1310,660,1837,2572,47,44488,3950.606449,0.622,64.8905
Azerbaijan,AZE,2001,798,173,30409,7307,1368,681,1683,2599,51,45069,4269.774168,0.632,65.5101
Azerbaijan,AZE,2002,783,183,31522,7510,1433,724,1609,2640,54,46458,4600.462762,0.642,66.2392
Azerbaijan,AZE,2003,771,198,33123,7811,1498,812,1595,2701,57,48566,5000.826699,0.651,66.7563
Azerbaijan,AZE,2004,759,210,34169,8025,1528,929,1600,2755,60,50035,5269.435457,0.659,67.3461
Azerbaijan,AZE,2005,749,225,35441,8348,1564,1008,1639,2790,63,51827,6282.770808,0.672,67.5619
Azerbaijan,AZE,2006,750,242,36206,8587,1574,1086,1652,2801,64,52962,8305.227742,0.692,68.1653
Azerbaijan,AZE,2007,739,253,36255,8834,1570,1174,1638,2824,57,53344,9998.115702,0.706,68.6032
Azerbaijan,AZE,2008,744,266,36982,9190,1630,1195,1679,2812,44,54542,11490.25501,0.716,68.8112
Azerbaijan,AZE,2009,765,280,37685,9484,1671,1222,1716,2811,40,55674,12823.27086,0.722,69.3556
Azerbaijan,AZE,2010,785,293,38294,9740,1710,1248,1753,2815,42,56680,13476.36462,0.727,69.5291
Azerbaijan,AZE,2011,819,308,39148,10022,1745,1272,1804,2838,36,57992,12980.47536,0.729,69.9835
Azerbaijan,AZE,2012,832,319,39799,10263,1790,1291,1847,2850,30,59021,13262.756,0.734,70.3598
Azerbaijan,AZE,2013,857,331,40438,10439,1826,1309,1884,2874,28,59986,13958.10444,0.741,70.8814
Azerbaijan,AZE,2014,881,344,41339,10664,1881,1330,1933,2916,29,61317,14481.31337,0.745,71.1163
Azerbaijan,AZE,2015,889,346,41528,10853,1929,1337,1952,2945,30,61809,14405.94934,0.748,71.4512
Azerbaijan,AZE,2016,906,356,42389,11155,2000,1360,2001,3012,32,63211,13401.18041,0.75,72.0039
Azerbaijan,AZE,2017,907,360,43086,11501,2073,1381,2038,3073,33,64452,13587.53119,0.753,72.2478
Azerbaijan,AZE,2018,918,343,42028,11626,2092,1373,1996,3075,35,63486,13502.96367,0.757,72.7601
Azerbaijan,AZE,2019,941,338,42138,11913,2150,1386,2006,3118,37,64027,13838.46183,0.761,73.1023
Bahamas,BHS,1990,22,6,445,261,75,38,24,40,64,975,36393.867,,70.1331
Bahamas,BHS,1991,23,6,450,264,78,39,24,39,86,1009,34188.60611,,69.6157
Bahamas,BHS,1992,24,7,456,266,80,39,25,39,113,1049,33169.54419,,70.6679
Bahamas,BHS,1993,25,7,468,272,85,40,26,41,156,1120,32220.53644,,70.6559
Bahamas,BHS,1994,26,7,479,280,91,41,27,41,187,1179,32643.14922,,70.8507
Bahamas,BHS,1995,27,7,488,288,94,42,27,42,194,1209,38786.12237,0.781,70.7628
Bahamas,BHS,1996,28,8,510,301,101,45,29,43,233,1298,42678.66489,0.787,70.7101
Bahamas,BHS,1997,29,8,512,301,98,46,29,43,198,1264,36785.57838,0.784,71.0541
Bahamas,BHS,1998,31,8,521,310,100,48,30,44,188,1280,34590.18534,0.785,71.4558
Bahamas,BHS,1999,32,9,549,324,102,52,31,45,264,1408,38865.67228,0.794,71.7709
Bahamas,BHS,2000,33,9,543,326,101,54,31,43,259,1399,39901.26785,0.799,72.0411
Bahamas,BHS,2001,34,10,566,341,102,59,32,44,265,1453,40073.99923,0.801,72.1101
Bahamas,BHS,2002,35,10,571,346,95,61,32,42,227,1419,40554.62262,0.804,72.2316
Bahamas,BHS,2003,36,10,574,358,101,64,33,44,205,1425,39519.27671,0.805,72.402
Bahamas,BHS,2004,36,10,585,365,103,67,34,44,205,1449,39247.84764,0.807,72.478
Bahamas,BHS,2005,37,10,568,365,102,67,33,43,169,1394,39692.55098,0.811,72.7654
Bahamas,BHS,2006,39,11,583,384,104,71,34,45,187,1458,39840.39471,0.813,72.855
Bahamas,BHS,2007,40,11,582,391,103,71,35,45,145,1423,39614.97103,0.812,72.6785
Bahamas,BHS,2008,42,11,610,409,106,76,36,46,139,1475,38684.88747,0.812,72.6671
Bahamas,BHS,2009,44,12,652,430,113,80,38,48,138,1555,36134.3892,0.81,72.5794
Bahamas,BHS,2010,45,13,669,445,114,84,39,48,126,1583,35920.83007,0.812,72.7314
Bahamas,BHS,2011,46,13,684,461,115,88,40,49,124,1620,35756.02322,0.812,72.5638
Bahamas,BHS,2012,48,13,691,474,117,91,41,49,126,1650,36161.31277,0.815,72.7528
Bahamas,BHS,2013,49,14,703,484,119,94,42,50,122,1677,34438.39196,0.816,73.0237
Bahamas,BHS,2014,51,14,725,497,122,98,43,53,125,1728,34482.273,0.82,73.3658
Bahamas,BHS,2015,53,15,759,515,127,101,45,55,124,1794,34554.60314,0.82,73.104
Bahamas,BHS,2016,55,15,787,530,132,103,46,56,122,1846,34055.54939,0.823,73.5368
Bahamas,BHS,2017,57,16,811,544,136,106,47,58,120,1895,34332.57146,0.825,73.6317
Bahamas,BHS,2018,59,16,839,561,141,109,49,60,118,1952,34103.97568,0.827,73.8057
Bahamas,BHS,2019,61,17,869,580,146,112,51,62,116,2014,34676.98987,0.816,71.205
Bahrain,BHR,2007,33,12,832,447,339,108,136,81,11,1999,46240.60324,0.807,77.6338
Bahrain,BHR,2008,34,13,838,465,356,112,135,85,12,2050,44570.19075,0.808,78.0838
Bahrain,BHR,2009,36,13,848,482,375,117,132,88,12,2103,40302.74097,0.806,78.4613
Bahrain,BHR,2010,38,13,862,499,404,119,126,89,12,2162,40338.60774,0.808,78.748
Bahrain,BHR,1990,16,6,729,255,100,45,86,50,4,1291,40832.91015,0.742,72.6677
Bahrain,BHR,1991,16,6,749,265,110,48,91,52,4,1341,40541.1388,0.743,72.7642
Bahrain,BHR,1992,17,6,755,272,119,49,93,54,5,1370,44961.34704,0.749,72.953
Bahrain,BHR,1993,17,6,749,276,125,50,93,55,6,1377,47336.6795,0.761,73.375
Bahrain,BHR,1994,18,6,754,283,133,52,95,56,6,1403,44942.11993,0.764,73.5173
Bahrain,BHR,1995,19,6,768,294,143,54,99,58,7,1448,46012.82465,0.772,73.7988
Bahrain,BHR,1996,20,7,787,305,152,57,103,60,8,1499,46524.2326,0.778,74.3554
Bahrain,BHR,1997,21,7,795,315,157,58,106,63,8,1530,44964.46175,0.78,74.5353
Bahrain,BHR,1998,22,7,802,328,167,60,112,64,9,1571,46148.77687,0.785,74.6408
Bahrain,BHR,1999,22,7,817,337,180,62,111,66,10,1612,46540.36999,0.789,74.9801
Bahrain,BHR,2000,23,7,751,330,173,60,101,64,10,1519,48245.60973,0.798,75.4964
Bahrain,BHR,2001,24,6,690,325,166,57,94,62,9,1433,46688.04118,0.804,75.9082
Bahrain,BHR,2002,26,8,765,362,207,69,111,67,8,1623,45252.0311,0.804,76.0875
Bahrain,BHR,2003,28,10,838,395,249,84,128,72,9,1813,45686.40899,0.806,76.3373
Bahrain,BHR,2004,29,11,850,412,279,93,133,75,9,1891,45911.57734,0.804,76.5598
Bahrain,BHR,2005,30,12,847,426,307,100,137,78,10,1947,46319.98102,0.803,76.9306
Bahrain,BHR,2006,31,12,836,436,327,104,136,79,10,1971,45894.28762,0.804,77.1555
Bahrain,BHR,2011,41,14,876,511,429,122,123,91,12,2219,37755.99605,0.809,78.8902
Bahrain,BHR,2012,43,14,884,522,456,123,119,94,12,2267,43372.15056,0.817,79.0813
Bahrain,BHR,2013,46,14,883,539,489,122,115,97,12,2317,44935.818,0.824,79.2463
Bahrain,BHR,2014,49,15,899,567,519,121,115,101,12,2398,45615.58247,0.83,79.3278
Bahrain,BHR,2015,53,16,955,606,540,130,123,107,11,2541,45441.14762,0.858,79.4046
Bahrain,BHR,2016,58,17,1021,649,573,139,132,114,11,2714,45331.79071,0.865,79.5569
Bahrain,BHR,2017,63,19,1104,700,615,151,142,122,10,2926,45033.83054,0.869,79.689
Bahrain,BHR,2018,68,20,1176,753,655,162,150,129,10,3123,43818.92053,0.879,79.8566
Bahrain,BHR,2019,74,21,1271,817,708,176,161,138,7,3373,42664.29218,0.882,80.0186
Bangladesh,BGD,2007,6653,2609,229986,69816,22321,10466,60138,26714,155,428858,2702.966271,0.527,66.7144
Bangladesh,BGD,2008,6891,2647,234002,71059,22325,10495,59378,25922,187,432906,2862.599524,0.53,67.0506
Bangladesh,BGD,2009,7239,2745,242016,73426,22685,10648,59517,25497,214,443987,2979.60677,0.541,67.4032
Bangladesh,BGD,2010,7658,2899,252054,76058,23287,10771,60294,25085,246,458352,3116.663201,0.553,68.6384
Bangladesh,BGD,2011,7951,2713,243361,76393,21981,10470,56564,24070,286,443789,3273.90474,0.561,68.8094
Bangladesh,BGD,2012,8374,2556,238443,77715,21231,10336,53698,23548,320,436221,3462.220186,0.572,69.554
Bangladesh,BGD,2013,9137,2719,245834,80503,22033,10470,54792,23445,343,449276,3614.372724,0.574,69.5646
Bangladesh,BGD,2015,10930,3180,268859,87112,24520,10872,58308,23622,368,487771,3936.276588,0.602,70.4913
Bangladesh,BGD,2016,12037,3441,279014,91436,26259,11265,60948,24192,377,508969,4142.902911,0.612,71.09
Bangladesh,BGD,1990,4546,1851,138255,53557,12091,7704,61137,26628,0,305769,1554.41105,0.397,55.9886
Bangladesh,BGD,1991,4601,1724,128059,51202,11524,7319,56561,25641,0,286631,1571.95081,0.394,54.1544
Bangladesh,BGD,1992,4810,1750,130083,52159,12064,7328,56650,25912,0,290756,1624.95314,0.413,57.6352
Bangladesh,BGD,1993,5023,1769,130790,52703,12487,7260,56114,25893,0,292039,1669.134671,0.42,57.927
Bangladesh,BGD,1994,5229,1787,132038,53154,12946,7314,55488,25920,0,293876,1704.703214,0.427,58.6166
Bangladesh,BGD,1995,5416,1841,137057,54664,13801,7492,56089,26291,2,302653,1752.201722,0.436,59.4673
Bangladesh,BGD,1996,5563,1847,137951,54921,14213,7514,55100,26239,3,303351,1784.552632,0.441,59.4925
Bangladesh,BGD,1997,5732,1858,139279,54790,14623,7484,54089,25986,5,303846,1828.576381,0.453,61.4268
Bangladesh,BGD,1998,5934,1917,144235,54954,15377,7662,54074,25727,8,309888,1883.766462,0.467,63.9168
Bangladesh,BGD,1999,6076,1987,150975,55641,16222,7890,54489,25665,13,318958,1935.796364,0.481,66.2284
Bangladesh,BGD,2000,6160,2058,160416,57862,17314,8347,55772,26367,19,334315,2002.466767,0.485,65.7791
Bangladesh,BGD,2001,6197,2086,166478,58430,17946,8520,55710,26209,27,341603,2060.796157,0.492,66.1353
Bangladesh,BGD,2002,6273,2197,177250,59967,19040,8833,56968,26343,38,356909,2119.639046,0.499,66.6115
Bangladesh,BGD,2003,6316,2299,187957,61456,20027,9133,57934,26481,53,371656,2182.321491,0.505,66.8242
Bangladesh,BGD,2004,6321,2343,196567,62782,20540,9365,57890,26508,73,382389,2267.950353,0.511,67.1874
Bangladesh,BGD,2005,6379,2427,209388,65283,21406,9819,58822,26827,98,400449,2383.031073,0.518,67.2992
Bangladesh,BGD,2006,6496,2545,222813,67975,22127,10222,60099,27015,125,419417,2538.234965,0.524,67.2413
Bangladesh,BGD,2014,10117,3071,260732,84234,23973,10825,58264,23631,359,475206,3742.516573,0.583,69.9856
Bangladesh,BGD,2017,13346,3951,301659,97080,29283,11903,66183,25270,383,549058,4339.489843,0.622,71.7879
Bangladesh,BGD,2018,14478,4221,313376,101677,31202,12339,68578,25707,373,571951,4642.820099,0.635,72.5675
Bangladesh,BGD,2019,15614,4489,324764,106147,33095,12775,70893,26165,359,594301,4964.471473,0.644,72.8057
Barbados,BRB,1990,58,14,851,460,221,54,40,36,38,1772,13594.20455,0.725,72.7516
Barbados,BRB,1991,60,14,840,461,223,54,40,35,33,1760,13051.74314,0.727,72.843
Barbados,BRB,1992,63,15,862,476,233,56,41,36,40,1822,12132.63022,0.727,72.9152
Barbados,BRB,1993,65,15,870,485,239,59,42,37,44,1856,12095.37287,0.731,73.1904
Barbados,BRB,1994,67,16,873,490,244,59,43,38,58,1888,12510.72268,0.736,73.2113
Barbados,BRB,1995,69,16,861,494,248,60,44,38,60,1890,12653.23493,0.739,73.2983
Barbados,BRB,1996,71,17,844,500,245,63,44,38,52,1874,13085.07863,0.744,73.5458
Barbados,BRB,1997,74,17,829,512,247,66,45,38,52,1880,13722.68148,0.747,73.5475
Barbados,BRB,1998,75,17,797,518,245,68,45,37,53,1855,13228.00828,0.748,73.7278
Barbados,BRB,1999,77,18,756,518,240,70,44,35,56,1814,13195.82529,0.75,74.0387
Barbados,BRB,2000,78,18,748,534,245,73,45,34,69,1844,14618.5984,0.756,74.0891
Barbados,BRB,2001,78,18,722,540,233,75,45,33,63,1807,14156.50351,0.756,74.2467
Barbados,BRB,2002,79,19,732,567,247,80,47,34,52,1857,14165.7625,0.76,74.3656
Barbados,BRB,2003,80,20,745,589,259,85,49,35,39,1901,14481.64926,0.765,74.4717
Barbados,BRB,2004,80,21,733,606,265,87,51,36,39,1918,14575.59807,0.77,74.7268
Barbados,BRB,2005,80,20,705,599,261,85,49,36,38,1873,15061.56405,0.776,74.8901
Barbados,BRB,2006,80,21,709,606,260,85,50,37,37,1885,15600.36919,0.781,75.0683
Barbados,BRB,2007,80,21,711,616,261,85,50,37,34,1895,16222.2906,0.786,75.3424
Barbados,BRB,2008,81,21,707,623,258,85,50,37,30,1892,16072.74215,0.789,75.4471
Barbados,BRB,2009,81,21,696,624,248,87,48,36,31,1872,15335.66542,0.791,75.678
Barbados,BRB,2010,83,21,706,640,245,92,49,36,31,1903,15208.6166,0.788,75.7115
Barbados,BRB,2011,84,22,720,652,248,95,49,36,30,1936,14444.82048,0.784,75.9166
Barbados,BRB,2012,86,22,728,660,245,99,50,37,28,1955,14760.85576,0.787,76.0987
Barbados,BRB,2013,88,23,750,677,251,102,51,38,26,2006,14453.26863,0.787,76.2752
Barbados,BRB,2014,89,23,773,696,261,105,52,39,27,2065,14407.77446,0.789,76.4758
Barbados,BRB,2015,91,24,793,711,268,107,54,40,27,2115,14687.44585,0.791,76.6502
Barbados,BRB,2016,94,24,814,729,275,109,55,41,26,2167,15022.36929,0.794,76.8149
Barbados,BRB,2017,96,25,835,748,284,112,57,43,26,2226,15079.36912,0.796,76.936
Barbados,BRB,2018,98,26,863,777,295,116,59,44,25,2303,14963.39,0.797,77.067
Barbados,BRB,2019,100,28,905,825,312,123,63,47,25,2428,14919.56235,0.799,77.2569
Belarus,BLR,2007,2709,581,79921,19925,453,506,3447,2850,309,110701,14317.12858,0.773,70.7622
Belarus,BLR,2008,2778,595,80064,20080,425,509,3173,2968,326,110918,15829.20304,0.783,70.9218
Belarus,BLR,2009,2863,613,81203,20327,414,513,2920,3101,374,112328,15795.33242,0.785,71.0939
Belarus,BLR,2010,2926,625,81911,21004,403,515,2721,3225,379,113709,17009.02011,0.79,71.1219
Belarus,BLR,2011,3022,648,83777,21181,402,525,2586,3329,412,115882,17880.6942,0.797,71.5165
Belarus,BLR,2012,3081,616,76747,19224,360,479,2304,2742,370,105923,18187.94372,0.806,72.6137
Belarus,BLR,2014,3305,630,76561,19034,346,478,2093,2489,343,105279,18522.02546,0.812,73.5849
Belarus,BLR,2016,3474,640,76058,19025,365,486,2274,2265,324,104911,17070.03342,0.813,74.258
Belarus,BLR,1990,2306,391,59682,19783,619,276,6648,837,98,90640,8894.805389,,69.9347
Belarus,BLR,1991,2372,404,62174,20712,677,282,6579,884,102,94186,8784.014627,,69.7159
Belarus,BLR,1992,2405,411,64310,21466,736,286,6466,930,100,97110,7923.32316,,69.3996
Belarus,BLR,1993,2453,440,70680,23041,811,303,6789,1042,115,105674,7305.005247,,68.6412
Belarus,BLR,1994,2461,445,72224,22872,815,303,6636,1076,144,106976,6434.308831,,69.2323
Belarus,BLR,1995,2466,452,74920,23097,842,308,6613,1170,148,110016,5787.360166,0.679,68.7966
Belarus,BLR,1996,2469,446,74581,22911,812,305,6362,1210,146,109242,5979.614061,0.686,68.9011
Belarus,BLR,1997,2456,451,76104,23124,810,307,6257,1272,159,110940,6672.30761,0.692,68.6524
Belarus,BLR,1998,2451,460,77729,23255,795,314,6140,1366,155,112665,7264.557288,0.697,68.6405
Belarus,BLR,1999,2453,479,80481,23395,787,327,6070,1511,204,115707,7558.437734,0.701,68.375
Belarus,BLR,2000,2445,468,77258,21802,706,325,5566,1560,171,110301,8028.452223,0.712,69.1801
Belarus,BLR,2001,2484,499,81407,22301,698,362,5503,1804,155,115213,8453.031345,0.716,68.864
Belarus,BLR,2002,2502,537,86298,22427,708,455,5372,2176,204,120679,8938.620442,0.721,68.4835
Belarus,BLR,2003,2523,542,84745,21498,632,481,4818,2282,252,117773,9665.460132,0.73,68.939
Belarus,BLR,2004,2567,553,83463,21153,586,469,4492,2400,245,115928,10839.19248,0.742,69.4064
Belarus,BLR,2005,2621,579,85238,21422,558,498,4268,2683,262,118129,11924.92172,0.75,69.4163
Belarus,BLR,2006,2678,586,83208,20793,503,504,3853,2785,282,115192,13185.10539,0.762,69.9876
Belarus,BLR,2013,3195,627,76881,19073,348,482,2141,2620,337,105704,18128.3195,0.808,72.9891
Belarus,BLR,2015,3392,631,75549,18844,353,476,2196,2325,334,104100,17544.19914,0.812,73.9874
Belarus,BLR,2017,3532,646,76577,19371,377,493,2359,2255,314,105924,17666.60161,0.817,74.4519
Belarus,BLR,2018,3607,632,75197,19382,383,493,2374,2236,303,104607,18282.24546,0.818,74.5676
Belarus,BLR,2019,3685,632,75339,19668,393,500,2438,2235,294,105184,18702.53072,0.817,74.216
Belgium,BEL,1990,3212,726,39927,30372,1844,1419,6494,1766,132,85892,37310.42543,0.816,76.0554
Belgium,BEL,1991,3312,729,39022,30386,1794,1423,6593,1764,163,85186,38013.54744,0.819,76.1962
Belgium,BEL,1992,3432,742,38687,30656,1793,1498,6735,1796,125,85464,38437.90313,0.835,76.3554
Belgium,BEL,1993,3542,755,38492,30786,1818,1556,6987,1816,191,85943,38288.6253,0.85,76.3611
Belgium,BEL,1994,3647,757,37784,30662,1808,1579,7011,1838,209,85295,39684.17044,0.858,76.7142
Belgium,BEL,1995,3747,772,37514,30665,1824,1612,7173,1865,241,85413,40409.00945,0.865,76.8385
Belgium,BEL,1996,3829,788,37338,30236,1836,1625,7198,1870,186,84906,40705.62742,0.871,77.1825
Belgium,BEL,1997,3902,801,36741,30104,1860,1626,7197,1901,103,84235,42112.15687,0.876,77.4004
Belgium,BEL,1998,3972,818,36557,29951,1885,1606,7177,1896,79,83941,42943.50772,0.878,77.4743
Belgium,BEL,1999,4054,834,36203,29781,1950,1669,7143,1901,78,83613,44046.86365,0.882,77.6457
Belgium,BEL,2000,4162,858,35953,29465,1828,1734,7072,1938,82,83092,45184.55302,0.887,77.7665
Belgium,BEL,2001,4209,881,35397,29228,1783,1780,7022,1947,95,82342,45220.35759,0.89,78.0807
Belgium,BEL,2002,4236,921,35510,29290,1797,1862,7123,1972,93,82804,45852.84486,0.892,78.1667
Belgium,BEL,2003,4246,959,35256,28978,1802,1931,7162,1978,90,82402,46045.2601,0.895,78.3198
Belgium,BEL,2004,4254,971,34009,28815,1767,1933,6968,1954,101,80772,46978.0485,0.9,78.9599
Belgium,BEL,2005,4377,1001,33547,28840,1766,1996,6963,1970,81,80541,47530.82806,0.902,79.0526
Belgium,BEL,2006,4488,1023,32725,28608,1739,2042,6838,1963,68,79494,48260.64006,0.905,79.3884
Belgium,BEL,2007,4621,1061,32661,28739,1758,2126,6893,2015,70,79944,49710.56168,0.908,79.5262
Belgium,BEL,2008,4766,1111,32909,28473,1799,2240,7011,2097,77,80483,49018.84914,0.908,79.5769
Belgium,BEL,2009,4850,1127,32232,30055,1768,2302,6888,2070,67,81359,48339.3418,0.91,79.847
Belgium,BEL,2010,5010,1142,31700,31062,1718,2394,6794,2048,83,81951,48513.05855,0.912,80.033
Belgium,BEL,2011,5195,1165,31534,31686,1692,2494,6777,2071,79,82693,47497.60421,0.914,80.3649
Belgium,BEL,2012,5369,1200,31817,32532,1689,2619,6900,2112,73,84311,48583.46685,0.915,80.2607
Belgium,BEL,2013,5521,1223,31680,32991,1651,2692,6898,2108,77,84841,48783.26894,0.916,80.468
Belgium,BEL,2014,5658,1219,30934,32831,1594,2692,6773,2068,58,83827,49281.30405,0.921,81.0811
Belgium,BEL,2015,5897,1255,31652,33216,1608,2794,6933,2106,61,85522,50027.9913,0.924,80.8898
Belgium,BEL,2016,6092,1259,31413,33047,1589,2813,6926,2074,61,85274,50509.14666,0.927,81.2661
Belgium,BEL,2017,6298,1277,32118,33186,1636,2844,7090,2081,59,86589,50904.68909,0.931,81.3618
Belgium,BEL,2018,6473,1303,32887,33464,1683,2905,7236,2088,58,88097,51249.2268,0.933,81.4787
Belgium,BEL,2019,6615,1331,33627,33892,1731,2965,7400,2105,56,89722,52434.09838,0.936,81.8311
Belize,BLZ,1990,18,3,233,93,42,22,22,20,29,482,4743.719883,0.593,70.7437
Belize,BLZ,1991,18,3,224,93,41,22,22,20,20,463,5186.014425,0.6,70.2484
Belize,BLZ,1992,19,3,225,95,41,23,23,21,23,473,5673.896736,0.608,69.9793
Belize,BLZ,1993,19,4,232,98,43,24,24,21,30,495,5904.410378,0.614,69.9882
Belize,BLZ,1994,20,4,242,103,46,25,25,22,39,526,5722.466023,0.618,70.3164
Belize,BLZ,1995,21,4,256,111,51,28,28,24,32,555,5653.391991,0.62,69.8874
Belize,BLZ,1996,22,5,278,122,57,31,30,27,40,612,5530.133994,0.623,69.8058
Belize,BLZ,1997,23,5,302,135,64,35,35,30,35,664,5560.387565,0.625,69.2118
Belize,BLZ,1998,23,6,319,147,70,40,39,32,39,715,5485.373795,0.626,68.5988
Belize,BLZ,1999,23,6,333,156,78,44,42,34,54,770,5709.69359,0.633,68.7734
Belize,BLZ,2000,23,6,345,161,83,48,42,35,64,807,6172.05154,0.64,68.5645
Belize,BLZ,2001,23,6,313,161,82,49,41,35,57,767,6175.395903,0.643,68.3572
Belize,BLZ,2002,24,6,300,160,83,50,39,34,73,769,6314.851064,0.652,68.7521
Belize,BLZ,2003,24,6,299,164,87,52,40,35,77,784,6622.584104,0.66,68.9091
Belize,BLZ,2004,25,7,302,170,93,56,42,36,82,813,6631.299416,0.667,69.227
Belize,BLZ,2005,26,7,300,174,98,59,43,37,69,813,6639.189164,0.664,69.3757
Belize,BLZ,2006,27,7,307,182,103,62,44,38,71,841,6783.15037,0.68,70.0932
Belize,BLZ,2007,28,7,309,187,103,63,45,39,65,846,6482.838471,0.685,70.6549
Belize,BLZ,2008,29,7,304,188,102,65,45,39,60,839,6581.705358,0.693,71.1507
Belize,BLZ,2009,30,8,316,195,107,69,47,40,72,884,6801.750993,0.701,71.8186
Belize,BLZ,2010,32,8,330,205,112,74,50,42,76,929,6626.182113,0.707,72.2716
Belize,BLZ,2011,33,8,337,213,114,78,51,44,74,952,6807.410431,0.709,72.6512
Belize,BLZ,2012,34,8,340,219,115,80,52,45,74,967,6727.632762,0.713,73.245
Belize,BLZ,2013,36,9,352,228,119,85,55,48,77,1009,6677.827034,0.712,73.6661
Belize,BLZ,2014,38,9,372,240,124,91,59,52,89,1074,6746.986802,0.709,73.3107
Belize,BLZ,2015,39,10,388,251,128,96,63,55,96,1126,6960.046024,0.708,73.1866
Belize,BLZ,2016,41,10,400,259,132,99,65,58,83,1147,6766.32689,0.712,73.3988
Belize,BLZ,2017,43,10,416,271,138,102,67,60,81,1188,6709.03456,0.707,73.5624
Belize,BLZ,2018,46,11,444,287,147,108,71,63,81,1258,6699.038968,0.706,73.7031
Belize,BLZ,2019,48,12,464,299,154,112,74,65,80,1308,6676.34074,0.705,73.9313
Benin,BEN,1990,327,85,5934,2130,533,747,1340,1145,51,12292,2133.210151,0.359,53.2918
Benin,BEN,1991,331,85,6030,2178,554,764,1340,1174,151,12607,2158.402859,0.364,53.6238
Benin,BEN,1992,335,86,6126,2225,575,780,1333,1201,317,12978,2103.089444,0.369,54.089
Benin,BEN,1993,341,88,6225,2277,598,795,1324,1231,579,13458,2189.507042,0.375,54.5366
Benin,BEN,1994,348,90,6389,2349,630,817,1325,1273,944,14165,2150.324695,0.38,54.9104
Benin,BEN,1995,354,92,6551,2420,664,838,1321,1312,1393,14945,2209.397795,0.386,55.2947
Benin,BEN,1996,359,94,6751,2492,701,857,1317,1351,1896,15818,2234.511198,0.391,55.5578
Benin,BEN,1997,362,96,6866,2546,732,871,1301,1380,2425,16579,2306.682939,0.397,55.978
Benin,BEN,1998,363,98,7011,2611,767,886,1292,1415,2938,17381,2345.937443,0.402,56.2177
Benin,BEN,1999,366,100,7163,2675,800,900,1285,1438,3410,18137,2404.362657,0.409,56.5256
Benin,BEN,2000,374,104,7354,2768,837,931,1305,1471,3828,18972,2469.91732,0.416,56.5779
Benin,BEN,2001,380,108,7425,2842,863,954,1317,1487,4162,19538,2523.018686,0.428,56.6604
Benin,BEN,2002,393,113,7592,2952,899,994,1352,1513,4427,20235,2554.028995,0.436,56.6064
Benin,BEN,2003,398,115,7656,3037,928,1018,1367,1531,4616,20666,2561.774921,0.443,56.7378
Benin,BEN,2004,408,119,7758,3142,958,1052,1391,1552,4739,21119,2598.742731,0.45,56.8257
Benin,BEN,2005,421,123,7850,3229,987,1081,1406,1565,4814,21476,2574.887284,0.457,57.1252
Benin,BEN,2006,439,129,8035,3343,1025,1124,1436,1579,4860,21970,2595.968923,0.464,57.4555
Benin,BEN,2007,448,131,8130,3441,1055,1159,1453,1594,4728,22139,2669.77976,0.472,57.6752
Benin,BEN,2008,464,137,8416,3586,1096,1194,1499,1628,3775,21795,2735.152274,0.48,57.8689
Benin,BEN,2009,478,141,8719,3755,1144,1237,1550,1680,2762,21466,2715.078222,0.486,57.9557
Benin,BEN,2010,496,146,8998,3916,1187,1278,1596,1726,2538,21881,2689.895595,0.492,58.3627
Benin,BEN,2011,515,152,9325,4086,1235,1320,1647,1753,2490,22523,2704.030136,0.499,58.4624
Benin,BEN,2012,532,156,9613,4227,1270,1351,1686,1766,2441,23042,2743.557061,0.509,58.7159
Benin,BEN,2013,547,161,9884,4364,1305,1378,1721,1779,2588,23727,2861.120591,0.52,58.9654
Benin,BEN,2014,558,164,10086,4484,1335,1406,1742,1794,2768,24337,2962.296501,0.524,59.1249
Benin,BEN,2015,577,169,10453,4613,1365,1446,1771,1805,2649,24848,2922.065347,0.529,59.3771
Benin,BEN,2016,592,171,10661,4767,1404,1483,1800,1834,2321,25033,2935.45155,0.53,59.5394
Benin,BEN,2017,615,177,10953,4948,1453,1524,1839,1896,2146,25551,3010.902854,0.53,59.8558
Benin,BEN,2018,648,184,11137,5063,1488,1543,1853,1902,2103,25921,3128.748762,0.53,60.1403
Benin,BEN,2019,695,190,11418,5247,1537,1581,1888,1943,2033,26532,3254.245627,0.53,60.4537
Bhutan,BTN,1990,18,6,577,212,41,56,300,111,5,1326,2698.831813,,55.9679
Bhutan,BTN,1991,19,7,592,217,43,58,306,112,6,1360,2599.593118,,56.642
Bhutan,BTN,1992,20,7,606,220,44,59,312,113,7,1388,2642.240219,,57.4231
Bhutan,BTN,1993,21,7,624,226,46,61,320,115,9,1429,2750.995332,,58.1173
Bhutan,BTN,1994,22,8,642,232,49,63,327,118,10,1471,2971.598089,,58.6353
Bhutan,BTN,1995,23,8,663,239,51,65,334,121,11,1515,2998.696994,,59.5164
Bhutan,BTN,1996,25,9,673,244,52,67,339,124,12,1545,3170.395202,,60.2116
Bhutan,BTN,1997,26,9,698,253,55,70,350,129,13,1603,3366.972156,,60.8522
Bhutan,BTN,1998,28,10,720,262,58,73,361,133,14,1659,3246.069155,,61.549
Bhutan,BTN,1999,29,10,729,263,60,74,367,133,15,1680,3323.926386,,62.2301
Bhutan,BTN,2000,31,11,760,275,64,79,381,139,16,1756,4053.328053,,62.0103
Bhutan,BTN,2001,33,12,775,280,67,82,389,141,17,1796,4302.664419,,63.4443
Bhutan,BTN,2002,35,12,790,285,70,84,397,141,18,1832,4609.162319,,64.0779
Bhutan,BTN,2003,37,13,816,294,74,88,408,144,19,1893,4839.079151,,64.6962
Bhutan,BTN,2004,39,14,836,302,77,92,416,145,20,1941,5038.851741,,65.2678
Bhutan,BTN,2005,42,14,859,309,81,95,425,146,22,1993,5371.981959,,65.805
Bhutan,BTN,2006,44,15,879,315,85,98,435,147,23,2041,5734.069908,,66.3617
Bhutan,BTN,2007,47,16,905,329,89,103,446,151,23,2109,6647.361095,,66.9537
Bhutan,BTN,2008,49,17,930,340,94,105,459,154,24,2172,6796.288288,,67.4991
Bhutan,BTN,2009,52,18,958,352,99,108,472,157,25,2241,7085.237559,,67.897
Bhutan,BTN,2010,55,19,983,365,104,111,482,160,26,2305,7718.040284,0.581,68.4298
Bhutan,BTN,2011,58,20,1008,377,109,115,493,162,27,2369,8178.915986,0.591,68.881
Bhutan,BTN,2012,61,21,1033,388,115,119,502,163,29,2431,8355.435085,0.598,69.3261
Bhutan,BTN,2013,64,21,1056,400,121,124,512,165,31,2494,8517.974126,0.606,69.7072
Bhutan,BTN,2014,66,22,1080,412,127,129,522,167,33,2558,8895.679604,0.617,70.0486
Bhutan,BTN,2015,69,23,1105,424,134,133,533,169,33,2623,9370.597632,0.627,70.3433
Bhutan,BTN,2016,72,24,1128,436,140,137,542,171,33,2683,9850.590693,0.638,70.6022
Bhutan,BTN,2017,75,25,1153,448,144,140,551,173,32,2741,10174.70961,0.647,70.8472
Bhutan,BTN,2018,78,26,1181,461,149,144,561,175,31,2806,10329.65877,0.658,71.1286
Bhutan,BTN,2019,81,27,1208,474,155,147,571,176,31,2870,10791.66865,0.671,71.3909
Bolivia,BOL,1990,405,153,8243,5514,1234,1231,1856,1487,206,20329,4352.021297,0.55,56.4221
Bolivia,BOL,1991,423,160,8392,5679,1278,1275,1865,1528,254,20854,4514.77491,0.56,57.0973
Bolivia,BOL,1992,442,167,8561,5872,1332,1327,1878,1575,301,21455,4546.299023,0.568,57.6287
Bolivia,BOL,1993,460,175,8750,6072,1390,1386,1903,1621,345,22102,4640.757945,0.578,58.4179
Bolivia,BOL,1994,479,181,8834,6238,1438,1439,1917,1661,387,22574,4782.391567,0.587,58.9886
Bolivia,BOL,1995,499,190,8982,6456,1500,1512,1950,1714,423,23226,4901.615566,0.598,59.5337
Bolivia,BOL,1996,520,198,9038,6628,1553,1582,1973,1756,458,23706,5023.763057,0.609,60.0837
Bolivia,BOL,1997,546,211,9254,6941,1646,1691,2025,1842,490,24646,5183.911654,0.62,60.7521
Bolivia,BOL,1998,569,222,9358,7166,1715,1792,2065,1907,519,25313,5367.560988,0.632,61.3317
Bolivia,BOL,1999,593,233,9481,7382,1784,1903,2118,1964,548,26006,5262.26532,0.631,61.8711
Bolivia,BOL,2000,622,247,9600,7642,1860,2019,2170,2020,575,26755,5275.462989,0.632,62.3461
Bolivia,BOL,2001,653,260,9695,7873,1924,2122,2220,2074,599,27420,5267.650673,0.632,62.8426
Bolivia,BOL,2002,687,273,9864,8140,2004,2233,2276,2129,616,28222,5296.847675,0.63,63.3064
Bolivia,BOL,2003,725,287,10050,8375,2078,2335,2334,2183,626,28993,5275.975292,0.627,63.6348
Bolivia,BOL,2004,765,301,10242,8617,2146,2421,2392,2230,635,29749,5355.225273,0.626,64.0041
Bolivia,BOL,2005,803,316,10525,8884,2222,2525,2462,2280,647,30664,5518.227019,0.635,64.3856
Bolivia,BOL,2006,844,333,10835,9163,2294,2627,2539,2338,654,31627,5702.749959,0.638,64.7793
Bolivia,BOL,2007,888,349,11198,9505,2391,2745,2623,2400,657,32756,5847.291121,0.645,65.0267
Bolivia,BOL,2008,933,367,11569,9820,2487,2873,2713,2461,676,33899,6132.917282,0.652,65.4459
Bolivia,BOL,2009,977,384,11959,10143,2582,3008,2808,2525,699,35085,6198.642658,0.658,65.8803
Bolivia,BOL,2010,1022,403,12358,10485,2681,3155,2899,2585,734,36322,6292.090086,0.662,66.1624
Bolivia,BOL,2011,1067,423,12804,10866,2804,3318,2987,2656,779,37704,6535.789314,0.668,66.5337
Bolivia,BOL,2012,1105,440,13200,11217,2923,3484,3062,2726,823,38980,6608.287066,0.674,66.7046
Bolivia,BOL,2013,1146,457,13627,11559,3039,3616,3145,2795,840,40224,6937.038027,0.682,67.0207
Bolivia,BOL,2014,1184,471,14042,11803,3133,3745,3247,2847,837,41309,7313.415069,0.684,67.1632
Bolivia,BOL,2015,1229,490,14418,12216,3264,3874,3314,2934,836,42575,7718.194007,0.69,67.3182
Bolivia,BOL,2016,1277,513,14779,12761,3424,4010,3359,3053,804,43980,8056.443085,0.701,67.6277
Bolivia,BOL,2017,1312,529,15127,13150,3532,4131,3424,3142,772,45119,8174.492977,0.708,67.7015
Bolivia,BOL,2018,1354,550,15537,13610,3669,4283,3505,3234,757,46499,8443.883853,0.714,67.748
Bolivia,BOL,2019,1393,569,15905,14035,3797,4425,3578,3319,732,47753,8542.603358,0.717,67.841
Bosnia and Herzegovina,BIH,1990,509,180,13830,5786,589,341,1162,759,4,23160,,,72.3487
Bosnia and Herzegovina,BIH,1991,543,194,15329,6291,663,374,1261,819,4,25478,,,72.0887
Bosnia and Herzegovina,BIH,1992,555,196,15537,6342,680,384,1265,827,4,25790,,,51.7847
Bosnia and Herzegovina,BIH,1993,569,199,15837,6433,697,393,1292,838,4,26262,,,51.5189
Bosnia and Herzegovina,BIH,1994,579,202,16062,6477,712,400,1309,841,4,26586,,,67.2094
Bosnia and Herzegovina,BIH,1995,595,204,16151,6508,724,404,1320,835,4,26745,2206.329772,,70.2839
Bosnia and Herzegovina,BIH,1996,608,207,15997,6550,741,404,1298,811,4,26620,3659.219725,,73.4305
Bosnia and Herzegovina,BIH,1997,609,211,15957,6666,773,407,1267,792,4,26686,5134.227243,,73.6865
Bosnia and Herzegovina,BIH,1998,613,205,14949,6596,765,391,1181,750,4,25454,7641.901557,,73.9007
Bosnia and Herzegovina,BIH,1999,624,209,14764,6777,819,399,1154,734,4,25484,8062.069255,,75.0764
Bosnia and Herzegovina,BIH,2000,657,218,15090,7083,913,419,1172,729,4,26285,8294.651049,0.667,74.4957
Bosnia and Herzegovina,BIH,2001,702,236,16279,7393,1075,456,1229,713,4,28087,8400.514285,0.672,75.06
Bosnia and Herzegovina,BIH,2002,702,248,16884,7739,1261,493,1268,699,4,29298,8712.116745,0.675,74.6115
Bosnia and Herzegovina,BIH,2003,701,253,16956,7964,1420,515,1279,679,4,29771,8953.121081,0.683,75.7822
Bosnia and Herzegovina,BIH,2004,699,254,16857,8094,1567,531,1262,654,4,29922,9409.580826,0.69,76.1329
Bosnia and Herzegovina,BIH,2005,710,262,17250,8481,1733,558,1299,657,3,30953,9715.09198,0.691,75.42
Bosnia and Herzegovina,BIH,2006,717,260,16949,8509,1815,564,1262,635,2,30713,10148.07381,0.699,76.2468
Bosnia and Herzegovina,BIH,2007,724,271,17575,8964,1990,597,1301,650,2,32074,10747.7794,0.707,76.1609
Bosnia and Herzegovina,BIH,2008,730,261,16678,8678,1952,575,1229,613,2,30718,11436.10705,0.718,76.8378
Bosnia and Herzegovina,BIH,2009,752,266,16739,8771,2026,583,1225,607,2,30971,11165.23084,0.721,76.9764
Bosnia and Herzegovina,BIH,2010,788,271,16825,8801,2082,590,1221,596,2,31176,11116.65297,0.725,77.0729
Bosnia and Herzegovina,BIH,2011,825,281,17237,8857,2129,597,1239,591,2,31758,11267.26683,0.732,77.0069
Bosnia and Herzegovina,BIH,2012,855,284,17183,8859,2150,596,1222,587,2,31738,11345.89492,0.745,77.1914
Bosnia and Herzegovina,BIH,2013,887,289,17395,9012,2203,605,1224,594,2,32211,11878.91698,0.751,76.3304
Bosnia and Herzegovina,BIH,2014,923,297,17705,9128,2266,614,1230,597,2,32762,12166.00844,0.756,75.6586
Bosnia and Herzegovina,BIH,2015,962,312,18455,9346,2324,643,1239,604,2,33887,12719.39655,0.761,76.1819
Bosnia and Herzegovina,BIH,2016,990,313,18354,9308,2274,647,1199,597,2,33684,13215.3302,0.77,76.8083
Bosnia and Herzegovina,BIH,2017,1017,318,18446,9335,2266,647,1199,594,2,33824,13638.41935,0.772,76.9349
Bosnia and Herzegovina,BIH,2018,1048,323,18683,9431,2288,654,1205,595,2,34229,14303.17629,0.776,77.0926
Bosnia and Herzegovina,BIH,2019,1080,328,18828,9482,2290,658,1204,593,2,34465,14849.1165,0.783,77.2412
Botswana,BWA,2007,96,28,2716,1399,706,289,593,352,9830,16009,12301.25885,0.632,55.732
Botswana,BWA,2008,100,29,2776,1449,735,298,590,355,8944,15276,12863.84465,0.642,57.1206
Botswana,BWA,2009,104,30,2825,1489,758,308,588,355,7917,14374,12064.50597,0.647,58.2791
Botswana,BWA,2010,108,31,2894,1545,787,321,593,360,7330,13969,12580.34149,0.66,60.0133
Botswana,BWA,2012,117,33,3013,1655,843,346,597,368,6630,13602,13995.38295,0.674,60.8004
Botswana,BWA,2013,122,34,3074,1712,873,359,600,372,6240,13386,15007.46945,0.687,61.9958
Botswana,BWA,2016,137,37,3253,1868,954,397,616,389,5696,13347,15856.54951,0.713,65.4644
Botswana,BWA,1990,57,13,1689,740,310,140,463,231,1204,4847,8240.459233,0.586,60.5327
Botswana,BWA,1991,60,14,1775,789,333,150,480,244,1860,5705,8911.463617,0.588,59.4734
Botswana,BWA,1992,63,15,1881,847,360,162,499,259,2783,6869,8996.807332,0.586,58.3482
Botswana,BWA,1993,65,16,1992,905,389,175,518,275,4042,8377,9248.497868,0.588,57.7188
Botswana,BWA,1994,68,18,2119,972,421,191,548,295,5551,10183,8475.365266,0.578,56.1542
Botswana,BWA,1995,70,19,2244,1039,455,206,579,315,7263,12190,9189.493405,0.583,55.0594
Botswana,BWA,1996,72,20,2347,1098,486,221,604,332,9096,14276,9111.306608,0.583,54.3573
Botswana,BWA,1997,74,21,2434,1153,517,235,623,347,10971,16375,9851.078898,0.586,53.4482
Botswana,BWA,1998,76,22,2545,1218,556,250,644,363,12800,18474,10123.28633,0.586,52.5226
Botswana,BWA,1999,79,23,2642,1278,596,264,659,375,14458,20374,10202.43727,0.587,51.6943
Botswana,BWA,2000,81,24,2751,1341,642,279,673,386,15885,22062,10064.83799,0.585,51.0109
Botswana,BWA,2001,83,25,2837,1390,679,290,682,392,16946,23324,10241.81899,0.586,50.6757
Botswana,BWA,2002,85,26,2899,1428,710,300,684,393,17363,23888,9753.010953,0.583,50.6324
Botswana,BWA,2003,86,27,2900,1438,724,304,672,385,16698,23234,10365.39527,0.59,50.9468
Botswana,BWA,2004,87,27,2846,1418,718,300,650,373,14733,21152,10337.11963,0.595,51.6168
Botswana,BWA,2005,90,27,2768,1390,705,293,624,360,12414,18671,10776.31728,0.604,52.6104
Botswana,BWA,2006,93,27,2747,1395,705,292,612,357,10755,16983,11501.98728,0.618,53.9182
Botswana,BWA,2011,113,32,2964,1608,820,334,596,365,6995,13827,13459.90702,0.669,60.5302
Botswana,BWA,2014,127,35,3137,1773,907,374,605,378,6009,13345,16148.37428,0.696,62.6076
Botswana,BWA,2015,132,36,3201,1824,932,386,610,385,5866,13372,15177.91893,0.702,63.8183
Botswana,BWA,2017,142,38,3343,1935,988,412,628,402,5714,13602,16144.88027,0.722,66.7526
Botswana,BWA,2018,147,39,3434,2008,1026,429,639,411,5701,13834,16285.69632,0.716,65.4224
Botswana,BWA,2019,153,41,3519,2076,1061,444,649,418,5612,13973,16308.08799,0.717,65.4636
Brazil,BRA,1990,13314,2891,269723,117672,27284,16255,40254,24474,8072,519939,10253.78902,0.61,65.9848
Brazil,BRA,1991,13951,2959,266804,119232,27756,16324,40891,24488,10136,522541,10211.33142,0.616,66.3096
Brazil,BRA,1992,14719,3094,270678,123095,28799,16816,42710,24913,12066,536890,10017.57126,0.622,66.7082
Brazil,BRA,1993,15589,3304,280562,129215,30572,17655,45747,25965,14525,563134,10283.33104,0.63,67.1092
Brazil,BRA,1994,16412,3424,282052,132940,31437,18143,47315,26329,16499,574551,10554.70878,0.638,67.5684
Brazil,BRA,1995,17308,3543,283063,137053,32314,18766,49103,26604,18245,585999,11087.6094,0.646,67.9191
Brazil,BRA,1996,18292,3696,286928,142403,33084,19670,51461,26864,18234,600632,11019.85187,0.653,68.409
Brazil,BRA,1997,19346,3819,286370,146369,33427,20348,52548,26991,15788,605006,11160.76534,0.66,68.8128
Brazil,BRA,1998,20506,4009,291345,152347,34467,21406,54781,27520,14615,620996,10889.91945,0.666,69.1885
Brazil,BRA,1999,21681,4176,294045,157697,35622,22410,55801,27998,14466,633896,10697.77103,0.671,69.5237
Brazil,BRA,2000,22925,4345,295292,162732,36766,23306,56021,28376,14524,644287,11279.41358,0.679,69.7367
Brazil,BRA,2001,24254,4556,298715,167936,37850,24138,56610,28885,14720,657664,11240.23556,0.686,70.1949
Brazil,BRA,2002,25745,4797,303435,173241,39146,24910,57466,29422,14657,672819,11415.26383,0.692,70.4103
Brazil,BRA,2003,27251,5042,308841,178652,40476,25792,58356,30034,15183,689627,11423.91049,0.688,70.7204
Brazil,BRA,2004,28758,5273,313658,184180,41850,26638,58970,30720,14760,704807,11962.88351,0.692,71.1307
Brazil,BRA,2005,30196,5419,311589,186595,42513,26861,57962,30664,14850,706649,12212.20034,0.698,71.7533
Brazil,BRA,2006,31762,5685,317244,192001,44066,27258,58313,31245,14627,722201,12605.81821,0.7,72.0373
Brazil,BRA,2007,33367,5946,322286,197167,45611,27932,58747,31897,14815,737768,13284.63248,0.704,72.3653
Brazil,BRA,2008,34941,6224,328313,202719,47260,28861,59338,32644,15287,755587,13778.06542,0.715,72.7153
Brazil,BRA,2009,36563,6544,334995,208607,48937,29944,60515,33323,15281,774709,13653.35701,0.717,72.9484
Brazil,BRA,2010,38234,6893,340876,214526,50718,31167,61948,33985,15502,793849,14414.12776,0.723,73.1821
Brazil,BRA,2011,39782,7241,346499,220411,52766,32609,63235,34641,15397,812581,14925.8874,0.728,73.3432
Brazil,BRA,2012,41153,7487,347193,224727,53744,33482,63704,34788,15316,821594,15088.3882,0.732,73.5517
Brazil,BRA,2013,42632,7791,351474,230413,55098,34746,64962,35182,15671,837969,15584.11902,0.75,73.9185
Brazil,BRA,2014,44168,8089,355512,235262,56290,35868,65974,35307,15675,852145,15454.76924,0.754,74.3058
Brazil,BRA,2015,45968,8447,363287,241818,57990,37342,67975,35673,15849,874349,14780.05656,0.753,74.3325
Brazil,BRA,2016,48321,8828,375893,250600,60293,39230,70594,36644,15812,906215,14143.48937,0.755,74.4415
Brazil,BRA,2017,50594,8990,377468,252787,61107,39789,71523,36319,15873,914450,14253.07502,0.759,74.8266
Brazil,BRA,2018,52616,9248,386886,258368,63146,40931,73858,37103,15727,937883,14258.48421,0.764,75.1095
Brazil,BRA,2019,54594,9564,397993,266014,65366,42336,76551,38029,15561,966008,14367.23924,0.766,75.3379
Brunei,BRN,1990,7,4,317,213,91,30,73,18,1,754,71470.70351,0.77,71.6563
Brunei,BRN,1991,8,4,316,214,90,30,72,18,1,753,71643.86864,0.775,71.8711
Brunei,BRN,1992,8,4,317,215,90,30,72,19,1,756,72948.56166,0.781,72.0808
Brunei,BRN,1993,8,4,317,216,90,30,72,19,1,757,71145.64019,0.786,72.3118
Brunei,BRN,1994,8,4,309,213,87,29,70,20,1,741,71414.06748,0.79,72.5529
Brunei,BRN,1995,8,4,307,214,85,29,70,20,2,739,72688.87079,0.795,72.8161
Brunei,BRN,1996,9,4,304,213,83,29,69,20,2,733,72937.95042,0.798,73.0996
Brunei,BRN,1997,9,5,314,219,88,30,72,21,2,760,70173.57333,0.799,73.364
Brunei,BRN,1998,9,5,321,226,93,30,74,21,2,781,68213.20878,0.801,73.6188
Brunei,BRN,1999,10,5,324,233,97,31,76,20,2,798,68769.74397,0.807,73.8628
Brunei,BRN,2000,10,5,326,241,101,32,75,20,2,812,69253.41325,0.808,74.0801
Brunei,BRN,2001,11,6,326,246,103,33,73,20,2,820,69715.97775,0.809,74.2764
Brunei,BRN,2002,11,6,336,257,108,34,75,20,2,849,71007.97255,0.813,74.4256
Brunei,BRN,2003,12,7,349,273,115,37,76,20,3,892,71721.93127,0.818,74.5605
Brunei,BRN,2004,12,7,355,287,120,39,76,20,3,919,70852.47614,0.822,74.6497
Brunei,BRN,2005,13,7,361,299,125,41,75,21,3,945,70020.91017,0.825,74.7309
Brunei,BRN,2006,13,7,364,310,128,43,74,21,4,964,72083.47726,0.828,74.7829
Brunei,BRN,2007,14,8,360,320,129,45,72,21,4,973,71648.00123,0.827,74.818
Brunei,BRN,2008,14,8,358,329,128,46,72,21,5,981,69405.81476,0.826,74.84
Brunei,BRN,2009,15,8,368,345,131,49,73,22,5,1016,67384.0493,0.828,74.8457
Brunei,BRN,2010,16,9,377,363,136,52,74,23,5,1055,67481.43261,0.828,74.8492
Brunei,BRN,2011,16,9,383,377,138,54,74,23,5,1079,67386.7062,0.832,74.858
Brunei,BRN,2012,17,9,390,394,141,57,75,24,5,1112,67317.78769,0.838,74.8274
Brunei,BRN,2013,18,10,407,416,146,61,78,25,5,1166,66079.80508,0.838,74.7992
Brunei,BRN,2014,19,10,421,434,149,65,79,26,5,1208,64338.12601,0.837,74.7788
Brunei,BRN,2015,19,11,436,453,152,68,81,27,6,1253,66409.2109,0.836,74.7498
Brunei,BRN,2016,20,11,453,473,153,72,83,28,5,1298,65044.6337,0.835,74.7332
Brunei,BRN,2017,21,12,472,491,159,74,86,29,5,1349,64617.63812,0.834,74.722
Brunei,BRN,2018,22,12,491,510,165,76,90,30,5,1401,60975.67907,0.83,74.7118
Brunei,BRN,2019,24,13,508,528,171,78,93,31,5,1451,63963.47538,0.83,74.7483
Bulgaria,BGR,1990,1464,606,69642,17101,2108,746,3786,2246,30,97729,11851.63683,0.684,71.3571
Bulgaria,BGR,1991,1554,615,70746,16338,2172,774,3680,2240,26,98145,10800.27353,0.684,71.2267
Bulgaria,BGR,1992,1659,632,74062,15793,2274,817,3716,2373,28,101354,10936.07291,0.686,71.215
Bulgaria,BGR,1993,1738,669,78937,14764,2340,880,3762,2500,37,105627,10854.43523,0.689,71.2257
Bulgaria,BGR,1994,1788,702,83122,14494,2496,963,3816,2653,53,110087,11071.07509,0.691,70.9011
Bulgaria,BGR,1995,1831,726,85801,14179,2640,1020,3812,2699,34,112742,11353.81814,0.7,71.0024
Bulgaria,BGR,1996,1872,754,88414,14043,2732,1071,3845,2701,60,115492,11912.13146,0.711,70.8738
Bulgaria,BGR,1997,1901,780,91942,14245,2877,1127,3941,2761,81,119655,10332.50584,0.706,70.3511
Bulgaria,BGR,1998,1911,764,89719,14094,2787,1144,3809,2675,100,117003,10910.83622,0.716,70.9124
Bulgaria,BGR,1999,1936,754,87124,13925,2723,1155,3623,2523,71,113834,10095.10712,0.72,71.5962
Bulgaria,BGR,2000,1978,771,87470,14329,2751,1227,3636,2531,59,114752,10504.18168,0.725,71.6091
Bulgaria,BGR,2001,2024,780,86391,14747,2709,1271,3556,2518,61,114057,11391.04589,0.734,71.9145
Bulgaria,BGR,2002,2060,794,85571,15396,2693,1297,3427,2476,64,113778,12537.37885,0.74,72.1619
Bulgaria,BGR,2003,2095,805,84189,16310,2667,1368,3358,2459,66,113317,13246.32385,0.749,72.4077
Bulgaria,BGR,2004,2148,816,82849,17868,2640,1434,3281,2478,65,113579,14159.0894,0.756,72.6094
Bulgaria,BGR,2005,2223,840,83135,19242,2667,1589,3265,2562,96,115619,15148.39757,0.762,72.5924
Bulgaria,BGR,2006,2314,864,83265,20346,2708,1694,3236,2591,100,117118,15883.00705,0.767,72.7215
Bulgaria,BGR,2007,2387,873,81458,21077,2636,1763,3163,2587,93,116037,16242.10842,0.774,73.037
Bulgaria,BGR,2008,2454,875,79473,21568,2556,1804,3051,2585,88,114454,17810.91699,0.782,73.3647
Bulgaria,BGR,2009,2527,880,78258,21896,2462,1840,2952,2578,64,113457,17596.3557,0.785,73.7049
Bulgaria,BGR,2010,2612,896,78239,22215,2368,1881,2893,2574,70,113748,18187.954,0.79,73.8348
Bulgaria,BGR,2011,2698,906,77662,22455,2285,1904,2866,2584,61,113421,18481.03764,0.794,74.1895
Bulgaria,BGR,2012,2776,906,76151,22437,2202,1897,2827,2573,66,111835,19080.57753,0.798,74.3572
Bulgaria,BGR,2013,2845,901,74624,22346,2122,1891,2805,2579,55,110168,18915.57655,0.805,74.8489
Bulgaria,BGR,2014,2926,930,76808,22915,2195,1953,2894,2706,54,113381,19464.43982,0.807,74.4824
Bulgaria,BGR,2015,2983,939,76745,22744,2221,1953,2916,2715,53,113269,19798.96986,0.809,74.6325
Bulgaria,BGR,2016,3034,945,76814,22444,2242,1936,2945,2724,51,113135,20532.41676,0.809,74.8336
Bulgaria,BGR,2017,3081,955,76978,22221,2267,1927,2966,2723,50,113168,20986.65463,0.808,74.7992
Bulgaria,BGR,2018,3126,987,78759,22179,2340,1950,3021,2722,48,115132,21585.23735,0.809,74.8983
Bulgaria,BGR,2019,3146,1000,79119,22009,2377,1950,3036,2707,46,115390,22731.96643,0.81,75.0624
Burkina Faso,BFA,1990,519,151,9365,4367,1371,1248,1658,2276,12517,33472,1015.912861,,49.4401
Burkina Faso,BFA,1991,539,155,9411,4380,1387,1269,1658,2282,14585,35666,1078.192223,,49.4502
Burkina Faso,BFA,1992,562,159,9580,4437,1421,1302,1677,2313,16231,37682,1051.290435,,49.4373
Burkina Faso,BFA,1993,585,163,9792,4505,1463,1339,1704,2351,17412,39314,1056.124309,,49.2089
Burkina Faso,BFA,1994,609,168,10019,4576,1506,1376,1732,2387,18135,40508,1039.992607,,49.3069
Burkina Faso,BFA,1995,635,172,10266,4661,1553,1417,1764,2428,18445,41341,1073.016505,,49.4459
Burkina Faso,BFA,1996,661,176,10468,4702,1581,1446,1776,2438,18426,41674,1166.480628,,49.6143
Burkina Faso,BFA,1997,684,181,10734,4815,1623,1491,1804,2474,18112,41918,1202.001152,,49.3997
Burkina Faso,BFA,1998,709,185,10933,4948,1670,1538,1837,2491,17603,41914,1254.044387,,49.9911
Burkina Faso,BFA,1999,721,187,11607,4994,1679,1554,1839,2631,16972,42184,1311.992586,0.293,50.3255
Burkina Faso,BFA,2000,750,196,12371,5138,1713,1604,1881,2823,16277,42753,1296.385096,0.296,50.8468
Burkina Faso,BFA,2001,749,196,12845,5159,1700,1600,1803,2734,15558,42344,1339.997871,0.299,51.0706
Burkina Faso,BFA,2002,765,203,13703,5261,1720,1629,1772,2711,14789,42553,1351.374493,0.303,51.2722
Burkina Faso,BFA,2003,779,209,13835,5437,1759,1662,1806,2732,13845,42064,1412.458571,0.31,51.7927
Burkina Faso,BFA,2004,802,218,14245,5655,1812,1705,1847,2781,12694,41759,1437.419425,0.32,52.4161
Burkina Faso,BFA,2005,823,225,14696,5863,1860,1743,1883,2832,11405,41330,1513.509675,0.331,53.0916
Burkina Faso,BFA,2006,847,232,15078,5999,1894,1776,1907,2661,10083,40477,1571.988433,0.339,53.7422
Burkina Faso,BFA,2007,853,234,15406,6110,1921,1795,1914,2521,9100,39854,1587.915108,0.334,54.3747
Burkina Faso,BFA,2008,880,244,15917,6253,1953,1839,1947,2420,8096,39549,1628.534648,0.349,55.342
Burkina Faso,BFA,2009,896,250,16485,6421,1996,1884,1981,2354,7099,39366,1613.597246,0.36,55.9595
Burkina Faso,BFA,2010,929,262,16924,6748,2090,1978,2053,2371,6384,39739,1667.904627,0.372,56.4768
Burkina Faso,BFA,2011,946,267,17225,6993,2160,2032,2102,2359,5744,39828,1705.359774,0.384,57.1246
Burkina Faso,BFA,2012,981,277,17803,7367,2265,2139,2189,2410,5403,40834,1788.801284,0.395,57.6187
Burkina Faso,BFA,2013,1021,290,18427,7792,2381,2252,2287,2482,5228,42160,1834.881492,0.402,57.8234
Burkina Faso,BFA,2014,1042,294,18949,8165,2474,2346,2353,2546,4886,43055,1827.353699,0.408,58.3589
Burkina Faso,BFA,2015,1091,309,19870,8576,2583,2467,2444,2631,4522,44493,1839.270697,0.418,58.8454
Burkina Faso,BFA,2016,1098,310,20400,9017,2690,2570,2521,2753,4148,45507,1893.155373,0.427,59.3262
Burkina Faso,BFA,2017,1149,323,21148,9477,2806,2680,2612,2882,3634,46711,1967.634052,0.438,59.5361
Burkina Faso,BFA,2018,1200,335,21796,9876,2910,2772,2683,2960,3156,47688,2050.921164,0.449,60.0466
Burkina Faso,BFA,2019,1245,344,22151,10125,2975,2822,2714,2993,2959,48328,2055.318806,0.452,60.0391
Burundi,BDI,1990,235,79,8711,3494,1038,741,2249,1459,6301,24307,1124.247756,0.29,44.8599
Burundi,BDI,1991,240,80,8761,3533,1049,746,2237,1473,8330,26449,1169.362419,0.292,44.2265
Burundi,BDI,1992,244,81,8793,3561,1060,750,2218,1489,10482,28678,1161.764398,0.289,43.8951
Burundi,BDI,1993,249,82,8894,3630,1081,766,2228,1528,12314,30772,1061.41947,0.26,37.105
Burundi,BDI,1994,253,82,8888,3652,1089,771,2207,1547,13971,32460,1009.199532,0.29,44.0802
Burundi,BDI,1995,256,84,8910,3680,1103,776,2200,1566,15579,34154,924.4378387,0.286,44.0593
Burundi,BDI,1996,258,83,8829,3679,1106,777,2169,1578,16722,35201,831.6358509,0.283,44.3734
Burundi,BDI,1997,262,83,8663,3651,1100,771,2118,1581,17350,35579,828.9864418,0.287,45.3874
Burundi,BDI,1998,266,83,8493,3633,1095,767,2068,1588,17645,35638,862.6893416,0.294,46.5522
Burundi,BDI,1999,271,82,8249,3585,1080,757,2006,1569,17660,35259,838.8970676,0.296,47.5278
Burundi,BDI,2000,275,82,8115,3550,1074,754,1962,1554,17329,34695,840.888229,0.297,47.5142
Burundi,BDI,2001,278,81,7864,3470,1045,735,1892,1517,16773,33655,815.3949158,0.299,48.4314
Burundi,BDI,2002,286,81,7818,3491,1041,738,1887,1515,16052,32909,826.9496615,0.311,49.8911
Burundi,BDI,2003,294,82,7830,3546,1046,742,1890,1527,15204,32161,787.9544301,0.319,50.857
Burundi,BDI,2004,303,83,7927,3623,1059,751,1907,1552,14084,31289,794.6123457,0.33,52.0101
Burundi,BDI,2005,313,85,8046,3699,1072,762,1931,1574,12833,30315,786.2207272,0.338,53.0231
Burundi,BDI,2006,320,86,8065,3726,1074,767,1930,1550,11532,29050,809.5529235,0.36,53.8694
Burundi,BDI,2007,327,87,8093,3760,1077,771,1927,1536,10326,27904,812.5069795,0.372,54.7265
Burundi,BDI,2008,336,88,8166,3806,1087,778,1927,1534,9311,27033,825.7337431,0.386,55.7101
Burundi,BDI,2009,346,89,8255,3879,1102,791,1937,1538,8352,26289,823.7437753,0.395,56.3882
Burundi,BDI,2010,360,92,8498,4030,1139,817,1993,1573,7520,26022,841.7400149,0.405,57.0809
Burundi,BDI,2011,371,94,8724,4156,1169,840,2034,1582,6643,25613,846.0294333,0.41,57.7692
Burundi,BDI,2012,383,97,8970,4302,1203,864,2078,1609,5872,25378,860.4779094,0.416,58.4927
Burundi,BDI,2013,394,98,9145,4435,1231,887,2116,1632,5304,25242,878.1187171,0.421,59.2346
Burundi,BDI,2014,404,100,9318,4537,1257,905,2141,1652,4782,25096,884.172209,0.426,59.8684
Burundi,BDI,2015,419,103,9547,4624,1287,924,2169,1676,4182,24931,824.8696219,0.428,60.2172
Burundi,BDI,2016,432,105,9740,4699,1312,938,2185,1705,3424,24540,794.5204667,0.43,60.7931
Burundi,BDI,2017,447,108,10030,4843,1353,965,2234,1764,2721,24465,772.4022889,0.428,61.5526
Burundi,BDI,2018,464,112,10468,5099,1415,1010,2334,1846,2245,24993,763.4331718,0.428,61.6884
Burundi,BDI,2019,479,116,10804,5275,1463,1040,2399,1906,2048,25530,753.9089436,0.431,62.3514
Cambodia,KHM,1990,488,135,13903,6216,1497,1168,2738,4704,8,30857,1007.601253,0.378,55.4341
Cambodia,KHM,1991,505,139,14120,6315,1525,1181,2763,4777,25,31350,1041.390007,0.383,55.7927
Cambodia,KHM,1992,521,143,14395,6441,1562,1203,2797,4863,111,32036,1079.848145,0.387,56.0214
Cambodia,KHM,1993,540,148,14777,6598,1610,1229,2845,4968,342,33057,1095.719377,0.39,56.0803
Cambodia,KHM,1994,558,153,15198,6762,1662,1258,2902,5081,778,34352,1105.124166,0.392,56.0355
Cambodia,KHM,1995,578,158,15605,6928,1710,1279,2959,5188,1449,35854,1170.658159,0.397,56.3076
Cambodia,KHM,1996,598,163,15925,7059,1745,1295,2997,5274,2337,37393,1194.41143,0.4,56.3458
Cambodia,KHM,1997,619,168,16259,7190,1780,1309,3038,5362,3366,39091,1223.286705,0.404,56.7434
Cambodia,KHM,1998,642,173,16679,7356,1824,1330,3092,5479,4455,41030,1239.735806,0.407,57.0275
Cambodia,KHM,1999,668,179,17110,7519,1864,1347,3136,5579,5492,42894,1349.517478,0.416,57.69
Cambodia,KHM,2000,697,185,17476,7653,1897,1359,3175,5666,6401,44509,1444.546732,0.425,58.6253
Cambodia,KHM,2001,732,192,17860,7822,1939,1379,3230,5815,7121,46090,1526.759144,0.441,59.9664
Cambodia,KHM,2002,773,200,18226,8040,1986,1404,3295,5961,7593,47478,1583.453563,0.461,61.2262
Cambodia,KHM,2003,818,209,18603,8254,2038,1427,3363,6089,7801,48602,1699.051803,0.475,62.5229
Cambodia,KHM,2004,867,220,19034,8511,2101,1457,3438,6231,7710,49569,1840.307114,0.488,63.5524
Cambodia,KHM,2005,919,230,19441,8768,2162,1482,3507,6351,7287,50147,2039.208488,0.499,64.2933
Cambodia,KHM,2006,973,241,19856,8999,2219,1506,3572,6420,6523,50309,2228.221097,0.51,65.0593
Cambodia,KHM,2007,1030,253,20408,9318,2294,1548,3657,6535,5541,50584,2435.242842,0.521,65.7314
Cambodia,KHM,2008,1089,266,21017,9629,2371,1587,3748,6618,4628,50953,2542.49133,0.528,66.4698
Cambodia,KHM,2009,1147,280,21722,9944,2456,1629,3850,6705,3920,51653,2498.362445,0.534,67.4439
Cambodia,KHM,2010,1209,295,22564,10345,2563,1684,3971,6846,3361,52838,2602.172685,0.54,67.7123
Cambodia,KHM,2011,1273,310,23410,10723,2670,1735,4090,6959,2875,54045,2736.294927,0.548,68.4163
Cambodia,KHM,2012,1335,324,24179,11114,2768,1783,4186,7085,2521,55295,2869.323018,0.555,68.9149
Cambodia,KHM,2013,1399,338,24962,11526,2876,1835,4281,7208,2290,56715,3062.342747,0.562,69.3042
Cambodia,KHM,2014,1461,352,25734,11963,2984,1886,4379,7369,2121,58249,3195.928321,0.569,69.7364
Cambodia,KHM,2015,1526,367,26558,12436,3103,1943,4485,7554,1961,59933,3329.290811,0.574,69.8725
Cambodia,KHM,2016,1591,383,27398,12927,3229,2004,4595,7760,1825,61712,3501.466995,0.581,70.2244
Cambodia,KHM,2017,1655,400,28304,13424,3346,2059,4711,8028,1690,63617,3684.459668,0.586,70.5153
Cambodia,KHM,2018,1725,421,29323,13998,3490,2127,4840,8211,1539,65674,3864.496775,0.591,70.5609
Cambodia,KHM,2019,1794,442,30313,14553,3631,2193,4959,8388,1416,67689,4123.001845,0.598,70.6923
Cameroon,CMR,1990,559,176,10267,4736,1452,1935,2630,2283,1190,25228,3262.451152,0.452,54.8679
Cameroon,CMR,1991,572,180,10577,4896,1527,2000,2662,2356,1899,26669,2988.267429,0.449,54.6577
Cameroon,CMR,1992,587,185,10960,5076,1612,2077,2698,2434,2930,28559,2843.474659,0.446,54.4809
Cameroon,CMR,1993,600,190,11414,5283,1711,2158,2744,2520,4358,30978,2552.668611,0.439,54.0615
Cameroon,CMR,1994,612,194,11824,5462,1809,2224,2769,2599,6239,33732,2511.078298,0.436,53.5281
Cameroon,CMR,1995,625,198,12307,5650,1914,2283,2794,2684,8600,37055,2509.839046,0.435,53.2218
Cameroon,CMR,1996,640,204,12856,5851,2036,2341,2819,2775,11418,40940,2544.393308,0.434,52.8198
Cameroon,CMR,1997,655,210,13493,6103,2187,2422,2850,2885,14635,45440,2583.893283,0.435,52.7367
Cameroon,CMR,1998,673,218,14204,6386,2350,2504,2890,2996,18125,50346,2665.582055,0.436,52.582
Cameroon,CMR,1999,688,225,14873,6645,2500,2579,2927,3075,21798,55310,2723.172093,0.437,52.6946
Cameroon,CMR,2000,710,238,15690,6965,2661,2694,3016,3163,25498,60635,2703.217548,0.442,52.9317
Cameroon,CMR,2001,719,246,16191,7221,2778,2772,3072,3227,28995,65221,2729.325528,0.46,53.1423
Cameroon,CMR,2002,744,260,16885,7586,2923,2905,3179,3313,32158,69953,2805.071743,0.461,53.4148
Cameroon,CMR,2003,762,271,17429,7908,3062,2996,3245,3378,34664,73715,2940.1538,0.468,53.8826
Cameroon,CMR,2004,789,285,17929,8229,3204,3085,3316,3432,35636,75905,3097.533124,0.474,54.1779
Cameroon,CMR,2005,820,300,18537,8586,3361,3192,3406,3509,35732,77443,3069.366733,0.475,54.3619
Cameroon,CMR,2006,861,318,19200,8953,3500,3306,3493,3562,36529,79722,3140.019847,0.477,54.8564
Cameroon,CMR,2007,874,323,19534,9201,3584,3375,3519,3570,36586,80566,3160.077736,0.489,55.1653
Cameroon,CMR,2008,918,342,20180,9551,3712,3493,3599,3589,35660,81044,3180.47495,0.497,55.6548
Cameroon,CMR,2009,959,358,20845,9969,3849,3632,3684,3634,34992,81922,3207.31946,0.506,56.1019
Cameroon,CMR,2010,1005,376,21515,10446,4016,3813,3773,3694,34777,83415,3193.326015,0.513,56.582
Cameroon,CMR,2011,1052,390,22200,10940,4186,3984,3865,3711,34764,85092,3211.002,0.521,57.1331
Cameroon,CMR,2012,1093,402,22835,11370,4325,4100,3931,3731,34372,86159,3252.776182,0.533,57.7922
Cameroon,CMR,2013,1153,420,23423,11833,4470,4220,4008,3785,34931,88243,3310.463486,0.542,58.4761
Cameroon,CMR,2014,1203,430,23917,12232,4581,4324,4045,3828,35530,90090,3443.009493,0.551,58.9355
Cameroon,CMR,2015,1267,448,24650,12532,4679,4395,4056,3840,34326,90193,3522.297048,0.56,59.658
Cameroon,CMR,2016,1310,454,24881,12930,4775,4491,4072,3913,31500,88326,3574.466975,0.564,60.2333
Cameroon,CMR,2017,1359,464,25300,13315,4874,4562,4085,4011,27800,85770,3597.973425,0.571,60.8103
Cameroon,CMR,2018,1433,485,25951,13825,5044,4683,4134,4074,24538,84167,3642.735667,0.577,61.1798
Cameroon,CMR,2019,1505,502,26491,14258,5187,4783,4166,4131,23172,84195,3661.937532,0.583,61.5839
Canada,CAN,1990,6456,1545,74467,53929,4330,2642,9319,3144,801,156633,32265.05693,0.86,77.4308
Canada,CAN,1991,6549,1604,74607,55028,4549,2800,9654,3186,942,158919,31151.3392,0.864,77.5917
Canada,CAN,1992,6649,1664,75001,56088,4796,2953,9995,3231,1107,161484,30860.22694,0.868,77.8501
Canada,CAN,1993,6785,1746,76383,57495,5138,3135,10493,3334,1215,165724,31256.54129,0.866,77.7229
Canada,CAN,1994,6948,1816,76928,58360,5414,3280,10835,3390,1285,168256,32194.40915,0.872,77.8991
Canada,CAN,1995,7167,1897,77554,59509,5696,3424,11225,3445,1610,171527,33083.65555,0.876,78.0194
Canada,CAN,1996,7423,1978,77759,60279,5933,3551,11526,3470,1238,173157,33501.50766,0.879,78.271
Canada,CAN,1997,7685,2067,77859,61052,6196,3659,11866,3497,663,174544,34544.13417,0.88,78.4642
Canada,CAN,1998,7970,2167,77758,62095,6470,3810,12217,3571,513,176571,34953.18758,0.879,78.6739
Canada,CAN,1999,8266,2253,76963,62822,6770,3927,12398,3602,431,177432,36659.40381,0.884,78.8851
Canada,CAN,2000,8587,2339,75825,63646,7081,4092,12447,3625,563,178205,39187.81706,0.89,79.2335
Canada,CAN,2001,8938,2444,75174,64211,7404,4233,12584,3701,479,179168,39215.06519,0.892,79.4507
Canada,CAN,2002,9294,2565,75056,65032,7767,4403,12813,3813,464,181207,39652.78959,0.894,79.568
Canada,CAN,2003,9590,2658,74094,66785,7909,4520,12979,3892,473,182900,40744.97969,0.897,79.7396
Canada,CAN,2004,9893,2732,72573,68084,7904,4634,13055,3919,456,183250,42348.34631,0.901,80.0332
Canada,CAN,2005,10257,2818,71571,69538,7880,4784,13245,4005,499,184597,43853.09064,0.903,80.1364
Canada,CAN,2006,10633,2889,70140,70821,7628,4891,13288,4052,471,184813,44888.05769,0.907,80.5466
Canada,CAN,2007,10999,2987,69792,72965,7482,5054,13620,4196,448,187543,45839.73439,0.908,80.5495
Canada,CAN,2008,11370,3077,69253,74584,7270,5202,13880,4292,415,189343,46460.70616,0.91,80.7388
Canada,CAN,2009,11709,3137,68335,75628,6948,5298,14017,4356,364,189792,43109.91336,0.909,81.0737
Canada,CAN,2010,12160,3215,68029,76141,6697,5512,14272,4435,330,190791,44528.55397,0.911,81.3469
Canada,CAN,2011,12560,3282,67580,77371,6362,5732,14497,4507,302,192193,45969.25364,0.915,81.5286
Canada,CAN,2012,13008,3368,68155,79147,6186,5974,14869,4660,277,195644,46117.10158,0.921,81.7221
Canada,CAN,2013,13442,3449,68846,80681,6006,6200,15300,4781,233,198938,46909.89758,0.923,81.8029
Canada,CAN,2014,13911,3551,70379,82675,6000,6454,15801,4941,273,203985,47500.43097,0.925,81.8545
Canada,CAN,2015,14402,3617,71553,83590,6065,6607,16221,5037,272,207364,46417.51312,0.926,81.9246
Canada,CAN,2016,15138,3687,73558,84988,6347,6730,16535,5097,269,212349,46340.41847,0.928,82.0434
Canada,CAN,2017,15906,3776,75546,86590,6594,6881,16926,5156,265,217640,47702.63749,0.931,82.0192
Canada,CAN,2018,16573,3990,79970,90494,7078,7266,17831,5350,259,228811,48156.0,0.933,82.0508
Canada,CAN,2019,17052,4123,82644,93072,7420,7501,18385,5442,254,235893,48464.81227,0.937,82.3628
Central African Republic,CAF,1990,89,31,4424,1656,564,362,1074,741,2027,10968,1300.800927,0.338,49.6347
Central African Republic,CAF,1991,90,32,4491,1702,579,373,1095,759,3433,12554,1288.378061,0.333,49.2516
Central African Republic,CAF,1992,90,32,4477,1706,582,377,1096,759,5030,14149,1237.469001,0.319,48.7932
Central African Republic,CAF,1993,91,33,4570,1753,597,390,1122,772,6693,16021,1193.532726,0.319,48.353
Central African Republic,CAF,1994,91,34,4646,1789,612,400,1142,784,8276,17774,1207.605919,0.321,47.8529
Central African Republic,CAF,1995,92,34,4710,1816,626,407,1158,791,9662,19296,1242.401463,0.323,47.35
Central African Republic,CAF,1996,94,35,4846,1873,649,425,1192,816,10815,20745,1116.526505,0.319,46.8311
Central African Republic,CAF,1997,96,36,4894,1887,662,433,1203,824,11712,21747,1160.333861,0.322,46.3192
Central African Republic,CAF,1998,99,37,4975,1922,680,447,1222,844,12346,22572,1181.061174,0.325,46.0249
Central African Republic,CAF,1999,101,37,5051,1957,702,463,1241,863,12746,23161,1236.152293,0.329,45.7504
Central African Republic,CAF,2000,103,38,5066,1958,715,470,1242,866,12950,23408,1223.767101,0.329,45.406
Central African Republic,CAF,2001,106,38,5110,1980,732,481,1252,874,12991,23564,1211.684513,0.332,45.3926
Central African Republic,CAF,2002,109,39,5182,2017,752,494,1271,889,12945,23698,1177.813844,0.333,45.4092
Central African Republic,CAF,2003,111,40,5243,2044,769,504,1286,898,12836,23731,1079.487434,0.333,45.76
Central African Republic,CAF,2004,114,41,5314,2072,785,513,1301,906,12618,23664,1077.583642,0.337,46.0383
Central African Republic,CAF,2005,116,41,5382,2098,799,520,1316,916,12237,23425,1087.79872,0.342,46.4331
Central African Republic,CAF,2006,119,42,5467,2139,815,533,1340,926,11722,23103,1070.650487,0.345,46.8514
Central African Republic,CAF,2007,122,43,5542,2166,827,539,1351,929,11057,22576,1100.152165,0.351,47.4262
Central African Republic,CAF,2008,125,43,5619,2180,836,543,1357,926,10093,21722,1143.959423,0.358,48.0155
Central African Republic,CAF,2009,128,44,5758,2229,856,557,1379,938,9460,21349,1168.897638,0.364,48.6476
Central African Republic,CAF,2010,132,45,5976,2310,886,579,1415,968,9369,21680,1218.180339,0.372,49.2549
Central African Republic,CAF,2011,135,46,6146,2373,908,593,1437,991,9392,22021,1259.221163,0.381,49.9482
Central African Republic,CAF,2012,138,47,6252,2402,918,595,1442,998,9345,22137,1317.845192,0.388,50.6861
Central African Republic,CAF,2013,140,48,6402,2442,935,605,1467,1013,9151,22203,839.1221207,0.368,50.902
Central African Republic,CAF,2014,142,48,6506,2458,944,609,1479,1018,8517,21721,837.6309621,0.37,50.5655
Central African Republic,CAF,2015,145,49,6673,2478,953,614,1492,1027,7578,21009,869.8259183,0.384,52.793
Central African Republic,CAF,2016,148,49,6796,2513,966,622,1509,1048,6764,20415,903.077833,0.391,53.4601
Central African Republic,CAF,2017,151,50,6931,2554,981,631,1530,1069,6194,20091,959.3100891,0.398,53.7207
Central African Republic,CAF,2018,156,51,7069,2605,1002,642,1554,1086,5804,19969,1001.711793,0.405,54.3693
Central African Republic,CAF,2019,160,52,7210,2657,1021,653,1579,1105,5547,19984,1017.123239,0.411,55.0253
Chad,TCD,2007,520,153,10543,4284,1273,1361,2225,2146,6037,28542,1347.138825,0.337,48.751
Chad,TCD,2008,532,159,10823,4437,1314,1398,2274,2196,5313,28446,1302.558192,0.341,49.0239
Chad,TCD,2009,543,164,11110,4596,1355,1439,2324,2243,4586,28360,1505.734574,0.355,49.1963
Chad,TCD,2015,628,189,12638,5530,1550,1646,2552,2616,4788,32137,1803.785358,0.389,51.5888
Chad,TCD,1990,386,105,7363,2622,667,918,1886,1429,725,16101,988.5076021,,44.6856
Chad,TCD,1991,396,108,7407,2645,685,924,1867,1434,1045,16511,1051.395878,,45.9412
Chad,TCD,1992,407,111,7577,2726,716,952,1879,1479,1440,17287,1103.940439,,46.1019
Chad,TCD,1993,417,114,7787,2812,753,984,1899,1527,1906,18199,867.9260941,,46.3178
Chad,TCD,1994,426,117,7942,2864,787,1000,1896,1556,2425,19013,951.4394897,,46.4492
Chad,TCD,1995,436,119,8102,2924,824,1018,1892,1590,2979,19884,935.1205235,,46.7106
Chad,TCD,1996,448,123,8416,3051,882,1060,1924,1663,3548,21115,920.9766757,,47.013
Chad,TCD,1997,456,126,8638,3147,932,1091,1936,1714,4117,22157,935.5019207,,47.2168
Chad,TCD,1998,462,128,8822,3229,978,1115,1940,1751,4665,23090,978.0315451,,47.2243
Chad,TCD,1999,467,129,9024,3319,1023,1137,1953,1791,5174,24017,936.4346391,,47.3724
Chad,TCD,2000,473,132,9185,3394,1053,1158,1975,1818,5642,24830,882.450309,0.291,47.443
Chad,TCD,2001,477,134,9379,3505,1085,1184,2013,1865,6034,25676,947.718359,0.301,47.8496
Chad,TCD,2002,484,138,9637,3628,1123,1215,2061,1907,6404,26597,968.8621487,0.307,47.9462
Chad,TCD,2003,489,141,9895,3770,1162,1253,2110,1966,6685,27471,880.7439838,0.307,48.2063
Chad,TCD,2004,496,145,10053,3888,1189,1273,2134,2002,6819,27999,1286.895983,0.325,48.2317
Chad,TCD,2005,503,147,10116,3986,1206,1288,2140,2035,6799,28220,1366.252218,0.327,48.3122
Chad,TCD,2006,513,150,10295,4116,1235,1318,2175,2081,6455,28338,1240.217809,0.327,48.2863
Chad,TCD,2010,554,169,11362,4766,1394,1482,2369,2311,4461,28868,1669.431478,0.362,49.5843
Chad,TCD,2011,567,173,11628,4926,1434,1516,2413,2374,4669,29700,1628.403869,0.372,50.009
Chad,TCD,2012,581,177,11902,5083,1468,1546,2452,2442,4905,30556,1716.422671,0.381,50.5401
Chad,TCD,2013,595,180,12093,5229,1492,1574,2485,2502,5158,31308,1713.528531,0.386,50.7806
Chad,TCD,2014,614,186,12305,5382,1524,1610,2521,2562,5243,31947,1778.178957,0.393,51.202
Chad,TCD,2016,644,193,12897,5697,1588,1685,2595,2683,4714,32696,1656.383789,0.391,52.0834
Chad,TCD,2017,663,197,13201,5882,1630,1727,2647,2760,5104,33811,1566.261072,0.393,52.3076
Chad,TCD,2018,685,203,13541,6079,1680,1775,2707,2828,4956,34454,1553.131495,0.398,52.8253
Chad,TCD,2019,715,209,13837,6250,1720,1817,2761,2886,4695,34890,1555.372994,0.403,53.2594
Chile,CHL,1990,1328,438,22267,16587,1525,1349,2781,3930,105,50310,9441.116542,0.706,72.574
Chile,CHL,1991,1389,448,21594,16573,1548,1356,2757,3652,103,49420,10021.48402,0.715,73.5741
Chile,CHL,1992,1461,462,21228,16715,1607,1393,2760,3457,144,49227,11052.43606,0.723,74.1354
Chile,CHL,1993,1545,484,21331,17216,1716,1460,2818,3508,200,50278,11662.75178,0.716,74.1953
Chile,CHL,1994,1630,498,21261,17675,1816,1522,2823,3672,287,51184,11939.25855,0.722,74.6139
Chile,CHL,1995,1725,527,21582,18347,1933,1627,2901,3877,326,52845,12867.24646,0.728,74.6085
Chile,CHL,1996,1820,558,21842,18836,1996,1757,2997,3973,390,54169,13623.26803,0.735,74.8988
Chile,CHL,1997,1911,569,21573,18970,1926,1911,3089,3911,446,54306,14454.45044,0.744,75.5958
Chile,CHL,1998,2009,595,21895,19363,1965,2099,3322,3887,436,55571,14996.25315,0.749,75.6695
Chile,CHL,1999,2103,624,22245,19831,2050,2267,3556,3866,525,57067,14667.5739,0.755,76.0176
Chile,CHL,2000,2179,633,21981,20025,2105,2381,3671,3874,518,57367,15184.59631,0.763,76.8695
Chile,CHL,2001,2278,661,22519,20607,2278,2591,3942,4039,578,59493,15543.3396,0.768,76.7726
Chile,CHL,2002,2380,684,22596,20958,2376,2713,4068,4087,474,60336,15777.36163,0.775,77.4445
Chile,CHL,2003,2500,726,23315,21575,2525,2920,4292,4185,452,62490,15913.68731,0.779,77.3867
Chile,CHL,2004,2614,766,23678,22062,2623,3113,4507,4200,428,63991,16471.77444,0.787,77.6161
Chile,CHL,2005,2702,791,23624,22312,2644,3226,4572,4116,416,64403,17110.97596,0.795,78.0159
Chile,CHL,2006,2797,815,23593,22611,2660,3301,4626,4117,438,64958,17183.47403,0.796,78.261
Chile,CHL,2007,2908,850,23903,23081,2707,3421,4767,4184,416,66237,17994.32625,0.801,77.8258
Chile,CHL,2008,3009,867,23671,23382,2663,3420,4753,4218,412,66395,19316.13231,0.813,78.4841
Chile,CHL,2009,3161,925,24575,24500,2781,3597,4999,4403,458,69399,18935.55085,0.811,78.7409
Chile,CHL,2010,3314,988,25449,25411,2895,3783,5264,4503,451,72058,19744.92469,0.813,78.5015
Chile,CHL,2011,3443,1020,25568,25919,2936,3805,5336,4493,510,73030,20732.94409,0.817,79.1099
Chile,CHL,2012,3585,1061,25914,26528,2999,3954,5422,4552,483,74498,22097.83875,0.824,79.0233
Chile,CHL,2013,3735,1100,26372,27203,3100,4139,5481,4658,547,76335,22815.82741,0.836,79.3391
Chile,CHL,2014,3886,1131,26579,27672,3210,4292,5550,4706,539,77565,23261.50787,0.841,79.4726
Chile,CHL,2015,4061,1168,27087,28354,3368,4473,5685,4803,556,79555,23730.28359,0.846,79.746
Chile,CHL,2016,4225,1190,27170,28698,3436,4579,5743,4792,522,80355,23781.35546,0.85,80.0794
Chile,CHL,2017,4417,1247,28370,29819,3582,4741,5996,4943,512,83627,23458.6445,0.853,80.3501
Chile,CHL,2018,4609,1292,29266,30748,3708,4893,6195,5054,503,86268,23908.86388,0.856,80.1334
Chile,CHL,2019,4804,1334,30115,31648,3822,5038,6389,5157,492,88799,24077.24668,0.861,80.3263
China,CHN,2007,187358,52766,3413237,2126460,123442,142069,1161612,170433,14992,7392369,6810.158702,0.663,74.7619
China,CHN,2008,197380,54828,3523450,2168067,125045,146413,1149016,167955,16310,7548464,7457.824155,0.672,74.8719
China,CHN,2009,208139,57485,3669964,2214787,128147,152838,1145608,164921,16364,7758253,8056.029016,0.682,75.3434
China,CHN,2010,218436,60241,3831636,2265802,132114,160396,1139700,162119,16722,7987166,8846.375847,0.691,75.5991
China,CHN,2011,225852,61781,3937801,2296328,134980,165833,1115828,158710,17075,8114188,9589.872363,0.7,75.9032
China,CHN,2012,232656,62640,3973790,2318471,137073,169494,1083590,155219,16455,8149388,10346.76891,0.709,76.1923
China,CHN,2013,239240,63853,4049045,2337453,140303,173650,1058374,151718,17728,8231364,11012.37325,0.717,76.4523
China,CHN,2014,249056,65555,4120839,2378155,145136,177089,1042132,149653,21784,8349399,11866.35433,0.725,76.7173
China,CHN,2015,259217,66761,4180060,2414868,149030,179638,1029418,148056,26060,8453108,12552.18518,0.733,76.9771
China,CHN,2016,275481,69364,4292981,2477718,155700,184528,1039047,148104,29402,8672325,13332.38637,0.74,77.2177
China,CHN,1990,93316,31920,2423990,1458904,70089,98607,1301224,167671,2698,5648419,1468.498847,0.484,68.0052
China,CHN,1991,95470,32607,2456185,1494929,70488,98875,1324798,169742,3420,5746514,1581.297549,0.492,68.1688
China,CHN,1992,98135,33287,2488556,1523458,71969,99808,1347922,169544,4112,5836791,1777.646915,0.504,68.7345
China,CHN,1993,100822,34129,2519098,1559122,74000,100190,1364268,169199,4830,5925658,1981.356506,0.515,69.2164
China,CHN,1994,103621,34680,2524877,1588344,75643,101945,1366039,167640,5434,5968223,2198.045201,0.525,69.5201
China,CHN,1995,106958,35450,2548615,1622611,77685,103512,1360352,166990,6292,6028465,2361.387591,0.535,70.008
China,CHN,1996,111481,36703,2592143,1660499,81040,105289,1357793,165875,6758,6117581,2571.202378,0.545,70.2659
China,CHN,1997,116489,37807,2623371,1693219,84291,107266,1342027,164192,7392,6176054,2786.751013,0.554,70.672
China,CHN,1998,121766,38955,2669846,1736175,88550,110205,1329613,163959,8239,6267308,2964.657096,0.564,71.1721
China,CHN,1999,127660,40894,2767588,1794956,94000,114372,1335801,165625,9004,6449900,3171.528613,0.573,71.4188
China,CHN,2000,134438,43357,2908756,1867021,99174,119415,1347045,168580,9872,6697658,3416.481546,0.584,71.8807
China,CHN,2001,141288,45240,3012156,1912694,104537,124066,1332957,170622,11021,6854581,3666.403575,0.593,72.6061
China,CHN,2002,148675,47020,3131151,1956916,111371,128709,1323164,173440,11773,7032219,3988.393847,0.604,72.985
China,CHN,2003,156132,48660,3244006,2010015,117231,133206,1310929,175987,12183,7208349,4376.641739,0.615,73.3714
China,CHN,2004,163879,50802,3371112,2082868,123931,138884,1308091,179149,13424,7432140,4805.650987,0.626,73.7477
China,CHN,2005,170967,52138,3424698,2113440,128162,142274,1275501,177980,15090,7500250,5299.359629,0.638,74.1111
China,CHN,2006,178510,51900,3385035,2106086,124587,140943,1204710,174290,14791,7380852,5969.088313,0.65,74.5037
China,CHN,2017,291962,71490,4378469,2543288,161250,187685,1040384,149472,31031,8855031,14224.86876,0.747,77.2476
China,CHN,2018,306747,73789,4459245,2621322,166694,191351,1054610,149792,31707,9055257,15067.74081,0.755,77.7444
China,CHN,2019,320715,76990,4584273,2716551,172892,196726,1085273,152262,31746,9337428,15933.50035,0.762,77.968
Colombia,COL,1990,2678,510,41954,23337,3370,3559,6211,2098,486,84203,7932.945509,0.61,68.644
Colombia,COL,1991,2844,553,44376,24626,3651,3748,6704,2272,587,89361,7978.104071,0.619,68.8127
Colombia,COL,1992,2996,584,45315,25300,3863,3810,7076,2373,634,91951,8174.492145,0.628,69.0381
Colombia,COL,1993,3157,611,45697,25894,4050,3817,7333,2456,741,93756,8526.156226,0.635,69.3418
Colombia,COL,1994,3334,642,46234,26564,4299,3892,7680,2549,1027,96221,8940.705583,0.64,69.6132
Colombia,COL,1995,3521,670,46438,26912,4516,3970,8034,2612,1152,97825,9243.606085,0.645,69.9325
Colombia,COL,1996,3739,714,47657,27848,4809,4178,8534,2719,1180,101378,9230.173967,0.653,70.1885
Colombia,COL,1997,3929,726,45974,27597,4802,4180,8608,2623,1772,100211,9376.680714,0.66,70.4919
Colombia,COL,1998,4167,749,45654,27892,4982,4256,8915,2612,1733,100960,9318.106668,0.665,70.7378
Colombia,COL,1999,4470,793,47195,29080,5353,4525,9563,2731,1869,105579,8792.958415,0.663,70.9257
Colombia,COL,2000,4756,839,48227,29833,5549,4687,9835,2798,1991,108515,8857.491795,0.666,71.3201
Colombia,COL,2001,5061,895,49489,30730,5715,4801,10301,2870,2206,112068,8842.336134,0.667,71.502
Colombia,COL,2002,5422,1013,54890,34066,6307,5427,11562,3291,2412,124390,8907.760604,0.67,71.9389
Colombia,COL,2003,5725,1010,53254,33522,6110,5332,11422,3148,2597,122120,9056.6122,0.677,72.3606
Colombia,COL,2004,6041,1050,53954,34187,6065,5467,11642,3205,2687,124298,9396.847131,0.683,72.6951
Colombia,COL,2005,6357,1065,53137,33884,5825,5316,11570,3145,2663,122962,9810.986659,0.696,73.0814
Colombia,COL,2006,6743,1134,55002,35159,5867,5586,12062,3278,2642,127473,10322.92873,0.698,73.468
Colombia,COL,2007,7097,1169,54706,35397,5674,5628,12144,3241,2744,127800,10836.54977,0.71,73.8372
Colombia,COL,2008,7500,1242,55878,36675,5644,5940,12640,3320,2701,131540,11003.14824,0.716,74.295
Colombia,COL,2009,7923,1334,58098,38780,5644,6391,13267,3472,2646,137555,11049.10671,0.722,74.7418
Colombia,COL,2010,8360,1388,58524,39577,5553,6690,13544,3467,2741,139844,11347.09702,0.726,75.0327
Colombia,COL,2011,8807,1405,57421,39304,5351,6763,13485,3321,2664,138521,11930.28232,0.733,75.3198
Colombia,COL,2012,9327,1457,58415,40320,5363,7114,13797,3346,2564,141703,12344.80859,0.734,75.5973
Colombia,COL,2013,9883,1508,59367,41125,5366,7385,14155,3347,2657,144793,12902.5132,0.746,75.8267
Colombia,COL,2014,10454,1558,60498,41977,5460,7652,14546,3344,2634,148123,13432.16118,0.75,76.0427
Colombia,COL,2015,11105,1650,63204,43656,5737,8180,15212,3489,2641,154874,13901.52184,0.754,76.2573
Colombia,COL,2016,11700,1725,65354,45158,6085,8530,15826,3615,2558,160551,14044.84239,0.759,76.4713
Colombia,COL,2017,12311,1794,67386,46478,6356,8797,16388,3724,2535,165769,13912.22581,0.761,76.6456
Colombia,COL,2018,13056,1881,70281,48033,6725,9165,17133,3866,2499,172639,13941.33097,0.763,76.7479
Colombia,COL,2019,13672,1959,72629,49460,7048,9496,17772,3984,2450,178470,14240.59041,0.768,76.7523
Comoros,COM,1990,27,8,658,261,79,60,129,89,0,1311,3055.134915,,55.8404
Comoros,COM,1991,28,8,671,267,81,62,130,91,0,1338,2807.815268,,56.1941
Comoros,COM,1992,29,8,703,284,86,66,136,96,0,1408,2987.990558,,56.733
Comoros,COM,1993,31,9,719,293,88,68,138,99,0,1445,2976.93156,,57.2762
Comoros,COM,1994,32,9,746,307,92,72,142,104,0,1504,2733.400249,,57.694
Comoros,COM,1995,34,9,764,318,96,74,144,107,0,1546,2757.075455,,58.0146
Comoros,COM,1996,35,10,780,328,99,76,146,111,0,1585,2643.4974,,58.3444
Comoros,COM,1997,37,10,788,333,101,77,147,113,0,1606,2676.236203,,58.3899
Comoros,COM,1998,38,10,778,334,101,77,143,114,0,1595,2635.651969,,58.4068
Comoros,COM,1999,40,10,775,338,102,77,141,115,0,1598,2621.912973,,58.7809
Comoros,COM,2000,42,10,792,351,106,80,142,120,0,1643,2835.226352,0.464,58.7565
Comoros,COM,2001,44,11,798,356,107,81,140,122,0,1659,2833.279609,0.47,59.1631
Comoros,COM,2002,46,11,804,361,109,81,139,123,0,1674,2819.701219,0.474,59.0556
Comoros,COM,2003,47,11,802,361,109,81,137,121,1,1670,2809.279741,0.479,59.2578
Comoros,COM,2004,49,11,793,355,107,79,134,118,1,1647,2793.377201,0.482,59.4803
Comoros,COM,2005,51,11,817,372,111,83,137,122,1,1705,2807.43761,0.488,59.6041
Comoros,COM,2006,54,12,812,363,111,81,135,117,1,1686,2815.050757,0.494,59.8751
Comoros,COM,2007,56,12,858,395,118,87,143,128,1,1798,2781.470119,0.5,60.102
Comoros,COM,2008,59,13,886,411,123,90,146,131,1,1860,2813.153019,0.507,60.4747
Comoros,COM,2009,60,13,881,402,122,89,144,127,1,1839,2835.601604,0.513,60.8314
Comoros,COM,2010,63,13,890,401,124,88,142,125,1,1847,2874.53591,0.52,61.1233
Comoros,COM,2011,65,14,923,419,129,92,146,130,1,1919,2921.369471,0.527,61.5033
Comoros,COM,2012,68,14,950,433,133,94,149,133,1,1975,2940.241995,0.533,61.834
Comoros,COM,2013,70,15,975,447,136,97,151,137,1,2029,3004.90976,0.539,62.2244
Comoros,COM,2014,72,15,1036,494,145,107,161,152,1,2183,2999.136448,0.54,62.5158
Comoros,COM,2015,74,16,1059,506,149,110,163,155,1,2233,2970.772257,0.544,62.8956
Comoros,COM,2016,77,16,1081,518,152,112,164,158,1,2279,3003.504354,0.548,63.2368
Comoros,COM,2017,80,17,1107,533,156,114,166,162,1,2336,3049.006179,0.553,63.6254
Comoros,COM,2018,83,17,1119,535,159,115,166,160,2,2356,3062.31206,0.557,63.9117
Comoros,COM,2019,85,18,1143,544,163,117,167,161,2,2400,3099.801214,0.56,64.0684
Congo,COG,1990,92,36,4140,1657,577,366,789,652,3349,11658,4373.460798,0.522,55.9261
Congo,COG,1991,96,37,4163,1671,583,369,790,651,4102,12462,4406.928262,0.519,55.2431
Congo,COG,1992,101,38,4210,1694,593,376,796,657,4848,13313,4511.057681,0.518,54.663
Congo,COG,1993,105,40,4316,1734,609,389,810,664,5548,14215,4132.073586,0.512,54.1462
Congo,COG,1994,111,42,4531,1831,642,415,846,700,6188,15306,3903.762345,0.507,53.7383
Congo,COG,1995,115,43,4664,1884,665,430,866,718,6744,16129,3170.192248,0.497,53.644
Congo,COG,1996,119,45,4822,1952,690,447,890,738,7202,16905,3194.827434,0.496,53.4908
Congo,COG,1997,123,46,4906,2002,709,463,900,762,7578,17489,3480.138823,0.466,47.1899
Congo,COG,1998,126,46,4840,1961,703,454,881,745,7859,17615,3803.438416,0.489,50.8935
Congo,COG,1999,131,46,4862,1978,714,463,879,761,8073,17907,3177.952241,0.49,52.7573
Congo,COG,2000,135,46,4800,1953,711,461,860,758,8238,17962,2976.653758,0.491,53.682
Congo,COG,2001,141,46,4700,1912,702,451,833,746,8320,17851,3230.945263,0.497,54.3945
Congo,COG,2002,149,46,4657,1908,700,449,820,750,8343,17822,3290.455602,0.5,55.0878
Congo,COG,2003,159,48,4779,1976,724,464,834,785,8296,18065,3191.787052,0.5,55.9481
Congo,COG,2004,168,49,4872,2029,741,471,842,810,8205,18187,3047.117273,0.505,56.986
Congo,COG,2005,177,50,4937,2089,754,480,846,836,7905,18074,3434.684511,0.519,58.1255
Congo,COG,2006,184,52,5040,2151,773,491,853,859,7562,17965,4019.713418,0.532,58.8784
Congo,COG,2007,191,54,5171,2221,795,503,864,884,7285,17968,3633.151826,0.533,59.6433
Congo,COG,2008,199,55,5320,2295,819,517,875,903,6685,17668,3798.545614,0.541,60.4265
Congo,COG,2009,208,57,5417,2362,839,529,880,915,6178,17385,4439.713963,0.554,61.0883
Congo,COG,2010,217,59,5505,2431,857,539,882,918,5966,17374,4636.256784,0.561,61.6833
Congo,COG,2011,226,61,5611,2502,880,548,886,917,5771,17402,4475.862804,0.564,61.9924
Congo,COG,2012,237,64,5796,2618,919,570,903,935,5768,17810,5053.148534,0.575,62.317
Congo,COG,2013,247,67,5965,2721,953,588,916,946,5848,18251,5077.679948,0.58,62.6947
Congo,COG,2014,256,69,6152,2822,985,607,927,958,5803,18579,5507.312883,0.589,62.9502
Congo,COG,2015,266,71,6285,2908,1014,623,933,969,5420,18489,5080.41431,0.59,63.2329
Congo,COG,2016,275,73,6442,2994,1041,637,940,985,4853,18240,4304.605561,0.586,63.5765
Congo,COG,2017,285,76,6634,3104,1077,656,956,1016,4626,18430,3639.791356,0.58,63.76
Congo,COG,2018,297,79,6865,3235,1124,678,977,1042,4435,18732,3264.475827,0.578,64.0531
Congo,COG,2019,309,82,7096,3363,1169,701,997,1071,4275,19063,2974.265175,0.57,62.7467
Costa Rica,CRI,1990,344,64,3454,2345,266,256,477,317,59,7582,9497.759187,0.66,76.6301
Costa Rica,CRI,1991,364,68,3604,2436,283,268,501,341,94,7959,9651.643494,0.663,76.5905
Costa Rica,CRI,1992,384,73,3747,2540,294,286,528,374,99,8325,10292.10424,0.674,76.6269
Costa Rica,CRI,1993,403,75,3815,2599,297,305,549,395,123,8561,10757.17708,0.682,76.7029
Costa Rica,CRI,1994,426,81,4062,2782,318,343,603,439,141,9195,11100.54365,0.685,76.67
Costa Rica,CRI,1995,447,87,4250,2967,349,382,665,482,173,9802,11231.14695,0.691,76.5519
Costa Rica,CRI,1996,464,87,4139,2947,340,403,698,473,178,9729,11160.64884,0.693,76.8042
Costa Rica,CRI,1997,485,91,4172,3035,323,466,810,495,198,10075,11489.22546,0.7,77.0703
Costa Rica,CRI,1998,505,95,4241,3145,326,521,887,518,149,10387,11911.83567,0.705,76.8963
Costa Rica,CRI,1999,525,100,4398,3294,334,580,947,550,152,10880,11947.69719,0.708,77.1375
Costa Rica,CRI,2000,545,101,4347,3284,329,607,950,538,151,10852,12062.54245,0.71,77.5857
Costa Rica,CRI,2001,568,108,4471,3417,342,662,979,556,167,11270,12260.63178,0.715,77.5453
Costa Rica,CRI,2002,587,109,4362,3396,335,686,941,569,148,11133,12476.34459,0.722,77.9833
Costa Rica,CRI,2003,613,115,4452,3562,371,742,975,591,165,11586,12814.32252,0.727,78.072
Costa Rica,CRI,2004,640,122,4585,3717,378,802,991,611,148,11994,13244.914,0.732,78.3305
Costa Rica,CRI,2005,660,120,4353,3630,345,778,932,578,150,11546,13647.15678,0.74,78.5053
Costa Rica,CRI,2006,696,130,4628,3914,350,848,967,639,168,12340,14575.16346,0.747,78.5145
Costa Rica,CRI,2007,720,124,4252,3679,309,785,896,587,137,11489,15613.4116,0.756,78.4621
Costa Rica,CRI,2008,764,132,4449,3905,320,847,926,622,153,12118,16242.12399,0.765,78.4451
Costa Rica,CRI,2009,802,135,4469,4045,314,875,925,627,138,12330,15661.61363,0.769,78.6721
Costa Rica,CRI,2010,865,156,5127,4587,356,1024,1058,722,156,14051,16318.32297,0.772,78.6704
Costa Rica,CRI,2011,908,155,5036,4542,344,1002,1035,701,154,13877,16811.46478,0.782,79.3477
Costa Rica,CRI,2012,959,160,5153,4650,352,1025,1055,711,186,14251,17457.3481,0.786,79.2827
Costa Rica,CRI,2013,1011,167,5306,4815,377,1058,1090,745,176,14745,17594.06705,0.792,79.4034
Costa Rica,CRI,2014,1065,173,5454,4924,403,1091,1127,767,190,15194,17919.03127,0.796,78.7741
Costa Rica,CRI,2015,1121,182,5719,5181,465,1159,1189,821,163,16000,18327.60822,0.798,79.0857
Costa Rica,CRI,2016,1176,196,6086,5513,528,1244,1282,887,158,17070,18902.33613,0.803,79.4592
Costa Rica,CRI,2017,1220,204,6296,5692,538,1283,1331,910,153,17627,19283.51036,0.807,79.3769
Costa Rica,CRI,2018,1256,212,6496,5892,559,1333,1380,941,149,18218,19562.35999,0.811,79.4835
Costa Rica,CRI,2019,1295,219,6664,6049,576,1372,1425,960,146,18706,19684.85681,0.819,79.4272
Croatia,HRV,1990,1013,287,26917,11658,787,427,1282,1883,7,44261,,,72.2502
Croatia,HRV,1991,1037,283,26189,11493,827,426,1246,1818,10,43329,,,70.4879
Croatia,HRV,1992,1053,279,25589,11540,894,440,1244,1785,10,42834,,,72.7094
Croatia,HRV,1993,1082,277,25394,11552,930,461,1251,1764,9,42720,,,73.2173
Croatia,HRV,1994,1115,276,25152,11486,970,490,1263,1745,16,42513,,,73.7818
Croatia,HRV,1995,1165,287,25616,11539,1016,538,1295,1743,14,43213,15115.84007,0.712,73.1864
Croatia,HRV,1996,1187,296,26082,11820,1062,585,1316,1761,16,44125,16210.57816,0.724,73.9103
Croatia,HRV,1997,1197,304,26532,12103,1103,624,1352,1797,18,45030,17328.05454,0.732,73.8463
Croatia,HRV,1998,1205,309,26351,11965,1078,643,1356,1788,12,44707,17628.52739,0.742,73.9063
Croatia,HRV,1999,1215,314,26145,11791,1025,669,1395,1792,6,44352,17319.80033,0.749,74.1188
Croatia,HRV,2000,1257,320,25732,11266,970,670,1383,1729,13,43340,18044.47596,0.759,74.5836
Croatia,HRV,2001,1273,328,25477,11150,944,666,1384,1697,6,42925,19278.5811,0.769,74.6436
Croatia,HRV,2002,1284,344,25643,11461,967,693,1427,1670,11,43500,20441.25459,0.777,74.7357
Croatia,HRV,2003,1287,359,25721,12149,999,719,1504,1633,8,44379,21217.23665,0.783,74.611
Croatia,HRV,2004,1294,361,24645,12124,979,706,1497,1535,6,43147,22438.17827,0.796,75.5016
Croatia,HRV,2005,1346,378,24938,12627,1014,734,1564,1547,5,44153,23222.27536,0.802,75.4083
Croatia,HRV,2006,1382,386,24559,12603,1023,756,1561,1487,12,43769,24318.48786,0.811,75.9889
Croatia,HRV,2007,1426,408,25067,12975,1080,803,1642,1509,4,44914,25583.76716,0.815,75.8596
Croatia,HRV,2008,1453,421,25049,13740,1099,811,1678,1509,8,45768,25822.04525,0.817,76.2096
Croatia,HRV,2009,1488,420,24176,13729,1063,793,1681,1409,16,44775,23844.58839,0.816,76.3923
Croatia,HRV,2010,1562,433,24314,13838,1066,795,1705,1357,12,45082,23678.44612,0.821,76.8049
Croatia,HRV,2011,1623,439,24015,13947,1036,775,1734,1300,11,44880,23773.74945,0.826,77.2222
Croatia,HRV,2012,1688,446,23852,14144,1033,790,1777,1266,12,45008,23275.98481,0.83,77.3401
Croatia,HRV,2013,1746,445,23260,13916,1009,786,1761,1179,8,44110,23583.58042,0.838,77.8427
Croatia,HRV,2014,1815,459,23526,14200,1046,837,1812,1172,9,44876,23578.51131,0.841,77.9533
Croatia,HRV,2015,1898,484,24640,14693,1134,920,1910,1201,11,46891,24734.00015,0.843,77.5599
Croatia,HRV,2016,1951,465,23344,14034,1112,914,1831,1128,8,44787,25176.61379,0.848,78.2314
Croatia,HRV,2017,2032,475,23939,14012,1113,909,1852,1139,8,45479,26760.92548,0.852,78.0832
Croatia,HRV,2018,2098,483,24257,13969,1120,915,1861,1139,8,45850,27784.40613,0.856,78.337
Croatia,HRV,2019,2166,492,24721,14024,1134,923,1878,1151,8,46497,28898.00521,0.861,78.7376
Cuba,CUB,1990,1747,377,29578,14864,2278,816,1866,1127,62,52715,5270.81556,0.68,74.0389
Cuba,CUB,1991,1844,391,29914,15061,2330,830,1924,1173,64,53531,4686.090473,0.674,74.093
Cuba,CUB,1992,1944,414,31207,15512,2427,865,2053,1243,77,55742,4135.772262,0.668,74.1615
Cuba,CUB,1993,2034,433,32349,15848,2455,901,2192,1300,118,57630,3500.641719,0.659,74.2608
Cuba,CUB,1994,2115,440,32653,15997,2413,931,2260,1313,115,58237,3508.315058,0.656,74.4106
Cuba,CUB,1995,2199,445,32756,16054,2357,944,2328,1274,126,58483,3554.707498,0.659,74.6231
Cuba,CUB,1996,2284,456,32816,16095,2237,957,2425,1247,127,58644,3825.443167,0.67,74.9026
Cuba,CUB,1997,2358,466,32318,16127,2008,985,2551,1227,108,58148,3916.321718,0.674,75.2223
Cuba,CUB,1998,2439,481,32391,16573,1824,1032,2691,1244,104,58779,3911.467378,0.678,75.5639
Cuba,CUB,1999,2524,501,32457,17039,1650,1093,2815,1269,129,59477,4133.423944,0.685,75.8926
Cuba,CUB,2000,2601,516,31913,17343,1499,1169,2821,1243,135,59240,4351.611279,0.693,76.1831
Cuba,CUB,2001,2685,538,32213,17979,1387,1348,2934,1270,128,60482,4495.398917,0.7,76.4208
Cuba,CUB,2002,2735,530,30623,17914,1274,1394,2838,1229,97,58634,4548.737109,0.706,76.6124
Cuba,CUB,2003,2820,561,31493,18784,1329,1538,3017,1290,86,60918,4706.492493,0.714,76.7729
Cuba,CUB,2004,2898,590,32282,19484,1396,1644,3154,1329,119,62896,4961.62689,0.728,76.9116
Cuba,CUB,2005,2964,617,33070,20350,1488,1764,3272,1395,131,65051,5524.000434,0.741,77.0469
Cuba,CUB,2006,3002,604,31379,20229,1484,1769,3175,1349,128,63119,6210.383745,0.761,77.1788
Cuba,CUB,2007,3095,622,31642,20907,1548,1841,3285,1386,166,64492,6635.849547,0.775,77.3072
Cuba,CUB,2008,3215,654,32596,21675,1633,1935,3402,1435,185,66730,6910.944542,0.784,77.4294
Cuba,CUB,2009,3325,676,33155,22288,1695,2018,3507,1493,201,68358,6952.556565,0.784,77.5483
Cuba,CUB,2010,3445,703,33889,22905,1755,2118,3640,1563,228,70246,7150.053355,0.78,77.661
Cuba,CUB,2011,3529,689,32388,22356,1659,2065,3587,1507,260,68040,7394.688924,0.777,77.7597
Cuba,CUB,2012,3666,722,33478,23371,1696,2199,3771,1641,322,70866,7617.849884,0.773,77.8328
Cuba,CUB,2013,3792,749,34308,24014,1719,2300,3946,1721,369,72918,7822.470876,0.769,77.8698
Cuba,CUB,2014,3923,784,35492,24740,1742,2401,4124,1811,397,75414,7878.597597,0.771,77.8533
Cuba,CUB,2015,4054,829,37170,25823,1818,2548,4374,1927,465,79008,8217.14833,0.773,77.772
Cuba,CUB,2016,4180,850,37559,26281,1844,2602,4444,1971,389,80120,8241.72571,0.774,77.643
Cuba,CUB,2017,4350,900,39648,27465,1971,2713,4622,2053,369,84091,8388.369,0.779,77.5286
Cuba,CUB,2018,4449,926,40510,27991,2037,2767,4684,2076,352,85792,8573.741653,0.783,77.4962
Cuba,CUB,2019,4503,917,39755,27785,2020,2727,4586,2036,337,84666,8748.733509,0.788,77.6112
Cyprus,CYP,1990,96,54,2518,945,439,184,327,102,1,4666,25084.19268,0.716,73.5387
Cyprus,CYP,1991,99,58,2654,978,460,198,354,106,1,4908,24640.40307,0.719,73.7158
Cyprus,CYP,1992,102,62,2765,1018,484,210,372,109,1,5123,26215.73262,0.726,74.1774
Cyprus,CYP,1993,105,63,2807,1044,496,215,373,111,1,5215,25800.59511,0.765,74.6497
Cyprus,CYP,1994,107,63,2781,1056,497,215,365,111,1,5196,26731.88149,0.77,74.7201
Cyprus,CYP,1995,111,64,2779,1079,502,216,364,112,1,5228,27215.2925,0.776,75.1329
Cyprus,CYP,1996,115,64,2763,1091,499,216,363,113,1,5225,27179.62974,0.781,75.5217
Cyprus,CYP,1997,120,64,2779,1109,502,218,365,114,2,5273,27320.8453,0.785,75.8415
Cyprus,CYP,1998,127,66,2844,1130,517,224,370,116,2,5396,31186.33597,0.794,76.1824
Cyprus,CYP,1999,133,66,2868,1155,524,227,370,118,2,5463,29629.88495,0.794,76.2948
Cyprus,CYP,2000,139,65,2791,1179,512,224,363,117,2,5392,30130.96033,0.797,76.568
Cyprus,CYP,2001,146,64,2723,1209,497,222,357,116,2,5336,31445.64494,0.804,76.9889
Cyprus,CYP,2002,153,64,2703,1260,494,223,356,117,2,5372,32968.1778,0.816,77.4873
Cyprus,CYP,2003,162,63,2685,1308,490,223,351,117,3,5402,33777.23402,0.825,77.7879
Cyprus,CYP,2004,170,64,2710,1381,494,227,355,118,3,5522,34414.63552,0.83,77.9435
Cyprus,CYP,2005,180,66,2772,1472,500,237,366,119,3,5715,35764.9257,0.834,78.1008
Cyprus,CYP,2006,189,69,2845,1553,511,250,381,120,3,5921,36709.9118,0.841,78.3708
Cyprus,CYP,2007,198,71,2858,1636,511,260,392,119,3,6048,37411.12839,0.848,78.8103
Cyprus,CYP,2008,206,71,2787,1702,497,264,395,118,3,6043,39755.01226,0.857,78.9812
Cyprus,CYP,2009,214,72,2738,1764,485,268,403,117,4,6065,38446.04876,0.862,79.4006
Cyprus,CYP,2010,223,74,2714,1805,476,278,414,118,4,6106,37768.06792,0.857,79.665
Cyprus,CYP,2011,230,74,2672,1843,461,283,418,118,4,6103,38482.67954,0.861,79.9991
Cyprus,CYP,2012,237,75,2651,1892,451,288,429,118,4,6145,35413.63337,0.86,80.1094
Cyprus,CYP,2013,246,77,2665,1952,449,292,444,121,4,6250,33007.80248,0.861,80.4016
Cyprus,CYP,2014,256,80,2729,2023,454,301,466,124,4,6437,32270.91228,0.865,80.7706
Cyprus,CYP,2015,267,83,2799,2084,456,308,490,127,5,6619,34243.04912,0.871,80.9665
Cyprus,CYP,2016,279,84,2810,2117,450,306,497,128,4,6675,35044.10672,0.877,81.0563
Cyprus,CYP,2017,292,84,2860,2145,454,307,496,131,4,6773,37163.37655,0.887,81.328
Cyprus,CYP,2018,307,89,2974,2214,471,319,517,135,4,7030,38543.68022,0.892,81.382
Cyprus,CYP,2019,324,94,3112,2291,490,335,541,140,5,7332,39568.03192,0.897,81.397
Czechia,CZE,1990,2431,609,70923,28420,1916,1078,3193,2287,5,110862,22486.80598,0.742,71.4087
Czechia,CZE,1991,2464,588,67875,27776,1706,1039,2879,2184,4,106515,19864.26332,0.742,71.9702
Czechia,CZE,1992,2512,573,65915,27614,1528,1004,2693,2122,7,103968,19751.08901,0.743,72.33
Czechia,CZE,1993,2558,561,63564,27175,1370,966,2477,2014,6,100691,19892.24668,0.751,72.853
Czechia,CZE,1994,2617,564,62669,27466,1234,966,2335,2011,12,99874,20466.80234,0.762,73.082
Czechia,CZE,1995,2678,584,63131,28140,1136,988,2235,2043,8,100943,21614.32465,0.77,73.1775
Czechia,CZE,1996,2700,576,60197,27674,1052,967,2103,2005,7,97281,22835.26588,0.782,73.8348
Czechia,CZE,1997,2749,591,60033,27994,1085,969,2107,2059,7,97594,22811.20665,0.787,73.9464
Czechia,CZE,1998,2787,594,57570,27337,1120,965,2100,2043,7,94523,23308.0811,0.792,74.5531
Czechia,CZE,1999,2861,615,57031,27241,1123,974,2154,2087,11,94097,23526.57591,0.796,74.7421
Czechia,CZE,2000,2964,647,57137,27253,1196,997,2264,2164,4,94626,24150.30243,0.808,74.9787
Czechia,CZE,2001,3049,679,57230,26126,1247,1017,2353,2269,9,93979,25150.54009,0.818,75.315
Czechia,CZE,2002,3072,690,55597,27633,1279,1014,2362,2259,5,93911,25882.91151,0.825,75.4435
Czechia,CZE,2003,3106,725,56075,29092,1396,1054,2485,2376,4,96313,26926.83301,0.831,75.3972
Czechia,CZE,2004,3135,721,53377,28922,1415,1039,2478,2339,5,93431,27986.72327,0.836,75.9432
Czechia,CZE,2005,3217,740,52681,29301,1516,1069,2588,2382,10,93504,29410.2889,0.844,76.1585
Czechia,CZE,2006,3276,736,50370,28996,1601,1052,2582,2345,8,90966,30366.83164,0.852,76.7109
Czechia,CZE,2007,3359,746,49404,29302,1783,1040,2687,2384,11,90716,32009.06748,0.859,76.9217
Czechia,CZE,2008,3464,768,49227,29797,1908,1032,2812,2424,10,91442,32404.22888,0.863,77.1743
Czechia,CZE,2009,3590,786,48865,29883,2030,1031,2934,2403,19,91541,30787.99206,0.865,77.2598
Czechia,CZE,2010,3760,806,48754,30170,2192,1043,3057,2395,16,92193,30855.38786,0.87,77.5703
Czechia,CZE,2011,3955,835,49113,30026,2439,1073,3282,2408,19,93150,30812.07437,0.872,77.8191
Czechia,CZE,2012,4143,860,49156,29843,2648,1101,3475,2382,18,93626,30967.18755,0.874,78.0058
Czechia,CZE,2013,4312,883,49017,29659,2974,1131,3713,2352,18,94059,31223.31804,0.881,78.1796
Czechia,CZE,2014,4476,891,48111,29145,3137,1151,3798,2295,27,93031,32119.85559,0.887,78.755
Czechia,CZE,2015,4662,926,49031,29394,3372,1212,4013,2319,17,94946,33841.91996,0.891,78.58
Czechia,CZE,2016,4804,943,48976,29535,3498,1248,4066,2312,23,95405,34856.11653,0.895,78.9967
Czechia,CZE,2017,4929,966,49510,29820,3549,1285,4135,2331,20,96545,36626.68558,0.897,78.9557
Czechia,CZE,2018,5041,993,51108,30505,3506,1309,4121,2338,20,98941,37668.16678,0.894,79.0039
Czechia,CZE,2019,5121,1005,51294,30718,3441,1317,4062,2320,19,99297,38505.63917,0.897,79.2433
Denmark,DNK,1990,1688,330,26872,15158,886,373,3265,770,2,49344,36106.21677,0.834,74.8636
Denmark,DNK,1991,1727,333,26523,15218,887,395,3336,795,2,49216,36333.6256,0.838,75.2256
Denmark,DNK,1992,1775,342,26617,15459,909,428,3466,839,3,49838,37408.0159,0.841,75.2672
Denmark,DNK,1993,1821,351,26589,15761,935,460,3611,893,3,50424,37441.46318,0.844,75.1877
Denmark,DNK,1994,1874,358,26169,16219,926,512,3743,964,206,50971,39298.87086,0.851,75.4394
Denmark,DNK,1995,1919,365,25618,16475,929,551,3884,1012,248,51001,40527.83666,0.854,75.2856
Denmark,DNK,1996,1952,364,24444,16484,933,572,3955,1033,171,49908,41577.80365,0.862,75.6623
Denmark,DNK,1997,1991,363,23181,16415,1026,592,4028,1066,73,48735,42849.76659,0.869,76.0397
Denmark,DNK,1998,2030,361,21902,16320,1094,612,4070,1066,48,47503,43710.75025,0.876,76.4343
Denmark,DNK,1999,2096,370,21561,16498,1205,652,4195,1109,51,47737,44915.59178,0.886,76.5763
Denmark,DNK,2000,2143,375,20688,16384,1257,691,4175,1073,35,46821,46139.8559,0.889,76.8137
Denmark,DNK,2001,2188,393,20762,16572,1337,732,4228,1088,40,47340,46682.5017,0.895,76.9721
Denmark,DNK,2002,2201,406,20444,16713,1416,777,4228,1115,43,47343,46964.49154,0.896,77.0973
Denmark,DNK,2003,2188,410,19630,16713,1421,801,4143,1125,50,46481,47246.86269,0.901,77.3992
Denmark,DNK,2004,2177,413,18708,16759,1409,813,4018,1122,47,45466,49044.98698,0.906,77.7836
Denmark,DNK,2005,2183,419,17847,16753,1401,824,3944,1106,40,44517,50870.24906,0.911,78.2243
Denmark,DNK,2006,2213,432,17380,16992,1420,854,3970,1133,32,44426,52740.8252,0.91,78.2218
Denmark,DNK,2007,2239,447,16909,17172,1438,896,4029,1136,36,44302,52452.14616,0.911,78.348
Denmark,DNK,2008,2248,459,16250,17285,1423,919,4055,1118,30,43787,52701.39845,0.915,78.7134
Denmark,DNK,2009,2264,474,15846,17514,1422,959,4139,1109,39,43766,49626.18855,0.909,78.9565
Denmark,DNK,2010,2278,484,15291,17632,1389,1001,4151,1086,41,43353,51409.125,0.913,79.2459
Denmark,DNK,2011,2311,492,14680,17448,1368,1024,4156,1031,30,42540,51652.6725,0.926,79.7845
Denmark,DNK,2012,2349,505,14343,17464,1353,1060,4190,995,34,42293,51814.35144,0.931,80.0807
Denmark,DNK,2013,2385,517,14076,17464,1347,1083,4241,969,35,42117,52812.58307,0.933,80.3042
Denmark,DNK,2014,2425,523,13837,17440,1329,1088,4233,941,23,41839,53998.28993,0.932,80.6302
Denmark,DNK,2015,2474,535,13871,17459,1336,1103,4280,918,29,42005,54690.48924,0.936,80.738
Denmark,DNK,2016,2544,550,14307,17626,1358,1101,4344,931,27,42788,55471.41408,0.943,80.8803
Denmark,DNK,2017,2605,566,14668,17867,1384,1110,4421,941,26,43588,56568.41589,0.944,81.1112
Denmark,DNK,2018,2651,583,14986,18188,1408,1120,4497,948,25,44406,57549.14584,0.942,80.99
Denmark,DNK,2019,2703,600,15330,18488,1434,1133,4572,955,24,45239,58650.26154,0.946,81.4337
Djibouti,DJI,1990,10,3,337,179,41,31,60,68,1,730,1918.598699,,55.4983
Djibouti,DJI,1991,11,3,350,184,43,32,62,70,2,757,1817.869917,,55.1564
Djibouti,DJI,1992,11,3,368,193,46,34,65,73,8,801,1876.633523,,54.4515
Djibouti,DJI,1993,12,3,393,208,49,37,69,78,19,868,1969.164335,,55.7737
Djibouti,DJI,1994,12,3,404,213,51,38,69,79,39,908,1879.908857,,55.5053
Djibouti,DJI,1995,13,4,431,229,55,42,73,85,74,1006,1968.301198,0.351,56.3016
Djibouti,DJI,1996,14,4,450,241,59,44,75,90,127,1104,1823.532233,0.35,56.1862
Djibouti,DJI,1997,15,4,464,251,62,46,76,93,202,1213,1857.228252,0.353,55.9665
Djibouti,DJI,1998,16,4,490,270,67,50,79,100,296,1372,1800.507591,0.355,56.1757
Djibouti,DJI,1999,17,5,507,283,71,53,81,104,407,1528,1850.682006,0.36,56.4268
Djibouti,DJI,2000,18,5,524,294,74,55,82,108,528,1688,1834.339348,0.361,56.5734
Djibouti,DJI,2001,19,5,543,306,78,58,83,111,649,1852,1822.11807,0.371,56.9027
Djibouti,DJI,2002,20,5,569,323,83,61,85,116,750,2012,1859.707299,0.378,57.2147
Djibouti,DJI,2003,22,6,587,335,87,63,86,119,811,2116,1996.972342,0.388,57.5946
Djibouti,DJI,2004,23,6,632,366,95,69,92,129,871,2283,2061.305418,0.396,57.7594
Djibouti,DJI,2005,25,7,661,385,100,72,93,133,940,2416,2097.574162,0.405,58.316
Djibouti,DJI,2006,27,7,686,400,105,75,95,137,982,2514,2329.191906,0.416,58.7153
Djibouti,DJI,2007,28,8,724,423,112,80,99,143,1010,2627,2411.423737,0.426,59.0242
Djibouti,DJI,2008,30,8,759,443,118,83,103,149,1038,2731,2496.956924,0.434,59.3653
Djibouti,DJI,2009,32,8,788,460,124,87,105,152,1068,2824,2803.308019,0.445,59.6727
Djibouti,DJI,2010,34,9,831,487,132,92,109,160,1099,2953,3084.829457,0.458,60.2587
Djibouti,DJI,2011,36,10,871,511,139,96,113,167,1098,3041,3423.743208,0.47,60.4329
Djibouti,DJI,2012,38,10,912,537,146,101,117,174,1079,3114,3807.416605,0.478,60.8479
Djibouti,DJI,2013,40,11,952,563,154,105,120,180,1077,3202,3984.464639,0.483,61.2212
Djibouti,DJI,2014,43,11,976,575,159,107,121,182,1062,3236,4205.491821,0.488,61.6411
Djibouti,DJI,2015,45,12,1025,604,167,112,125,189,1022,3301,4453.630735,0.493,61.957
Djibouti,DJI,2016,48,12,1065,631,175,117,129,197,981,3355,4561.666499,0.496,62.1908
Djibouti,DJI,2017,51,13,1121,669,185,123,135,208,949,3454,4660.30902,0.499,62.7966
Djibouti,DJI,2018,55,14,1183,712,197,130,140,218,917,3566,4981.659056,0.506,63.0381
Djibouti,DJI,2019,58,15,1240,750,207,136,146,226,903,3681,4916.643954,0.512,63.0854
Dominica,DMA,1990,15,4,257,142,51,26,17,12,6,530,8659.548361,,69.852
Dominica,DMA,1991,15,4,261,144,54,27,18,12,4,539,8532.133123,,69.6458
Dominica,DMA,1992,16,4,254,143,54,26,18,12,5,532,8650.469562,,70.2817
Dominica,DMA,1993,17,4,253,144,55,27,18,12,6,536,8755.249351,,70.9373
Dominica,DMA,1994,17,5,254,146,57,27,18,12,7,543,8165.658711,,71.0757
Dominica,DMA,1995,18,5,253,147,58,28,19,12,7,547,8268.568307,,71.5203
Dominica,DMA,1996,19,5,253,148,59,28,19,12,8,551,8417.721178,,71.194
Dominica,DMA,1997,19,5,249,148,59,28,19,11,6,544,8747.436009,,71.6344
Dominica,DMA,1998,20,5,246,147,59,29,20,11,6,543,9186.386446,,71.4715
Dominica,DMA,1999,20,5,251,150,61,31,20,11,7,556,8926.625756,,70.6314
Dominica,DMA,2000,21,5,249,152,61,32,20,11,9,560,8853.514443,0.695,72.6932
Dominica,DMA,2001,21,5,245,152,60,33,20,11,9,556,9288.801447,0.694,71.7132
Dominica,DMA,2002,22,5,245,155,60,34,21,11,8,561,8905.835,0.695,72.3395
Dominica,DMA,2003,22,5,245,156,60,35,21,11,8,563,9489.095199,0.695,71.4384
Dominica,DMA,2004,22,5,238,156,59,35,21,11,8,555,9611.612747,0.7,72.401
Dominica,DMA,2005,22,5,234,156,58,35,21,10,6,547,9765.248771,0.701,72.2543
Dominica,DMA,2006,21,5,234,157,58,35,21,10,6,547,10657.23036,0.708,72.8479
Dominica,DMA,2007,21,5,235,158,57,36,21,10,6,549,11226.64924,0.707,71.9301
Dominica,DMA,2008,21,5,233,159,56,36,21,10,6,547,12103.08802,0.717,73.3054
Dominica,DMA,2009,21,5,231,161,56,37,21,10,5,547,12108.08812,0.713,72.1702
Dominica,DMA,2010,21,6,232,164,56,38,21,10,6,554,12295.14706,0.711,71.5499
Dominica,DMA,2011,20,6,233,167,56,39,21,10,6,558,12236.06264,0.702,69.6948
Dominica,DMA,2012,20,6,235,169,56,40,21,10,6,563,12114.5372,0.706,70.5383
Dominica,DMA,2013,20,6,237,172,56,40,21,10,5,567,11997.30479,0.699,68.8962
Dominica,DMA,2014,20,6,239,174,56,41,21,10,7,574,12533.22462,0.705,69.4342
Dominica,DMA,2015,19,6,240,175,56,42,22,11,7,578,11929.38956,0.7,68.7266
Dominica,DMA,2016,19,6,239,176,56,42,22,11,6,577,12361.6883,0.709,70.1284
Dominica,DMA,2017,19,6,239,178,56,42,22,11,5,578,11060.97853,0.692,67.5253
Dominica,DMA,2018,19,6,240,180,57,42,22,11,5,582,12211.41123,0.726,73.59
Dominica,DMA,2019,19,6,242,182,57,43,22,11,5,587,12694.12057,0.729,73.5588
Dominican Republic,DOM,1990,512,114,8464,3366,837,584,915,1530,352,16674,5941.065938,0.577,67.1102
Dominican Republic,DOM,1991,540,114,8462,3441,855,589,893,1540,628,17062,5917.782034,0.583,67.6254
Dominican Republic,DOM,1992,573,115,8482,3515,874,594,872,1544,979,17548,6453.482482,0.593,68.0842
Dominican Republic,DOM,1993,614,119,8776,3686,927,619,878,1583,1384,18586,6690.139357,0.6,68.4715
Dominican Republic,DOM,1994,656,123,8885,3808,952,634,874,1605,1809,19346,6784.885218,0.607,68.7917
Dominican Republic,DOM,1995,707,130,9252,4010,999,670,891,1642,2226,20527,7048.243521,0.613,68.9884
Dominican Republic,DOM,1996,762,144,9955,4336,1083,732,936,1700,2596,22244,7397.389439,0.62,69.0969
Dominican Republic,DOM,1997,819,157,10686,4629,1170,799,983,1747,2919,23909,7919.734845,0.627,69.1664
Dominican Republic,DOM,1998,878,168,11255,4872,1239,859,1014,1764,3179,25228,8299.853678,0.633,69.0964
Dominican Republic,DOM,1999,935,183,11823,5155,1290,921,1053,1776,3379,26515,8632.926096,0.64,69.2794
Dominican Republic,DOM,2000,984,191,12124,5352,1318,970,1075,1766,3524,27304,8917.383134,0.646,69.4232
Dominican Republic,DOM,2001,1033,201,12571,5626,1375,1038,1109,1770,3611,28334,8998.862406,0.651,69.6416
Dominican Republic,DOM,2002,1077,210,13079,5926,1448,1118,1139,1781,3657,29435,9273.289374,0.657,69.923
Dominican Republic,DOM,2003,1148,231,14321,6324,1588,1246,1226,1810,3686,31580,8803.884372,0.659,70.2649
Dominican Republic,DOM,2004,1219,257,15930,6773,1762,1397,1335,1857,3644,34174,8739.67852,0.663,70.3305
Dominican Republic,DOM,2005,1259,277,17011,7166,1887,1518,1409,1888,3430,35845,9742.487438,0.674,70.8752
Dominican Republic,DOM,2006,1303,289,17684,7421,1965,1597,1446,1859,3100,36664,10546.32662,0.683,71.1654
Dominican Republic,DOM,2007,1360,298,18249,7524,2006,1648,1452,1793,2732,37062,11175.89734,0.692,71.371
Dominican Republic,DOM,2008,1403,310,18895,7654,2032,1696,1475,1762,2406,37633,11557.87602,0.697,71.6577
Dominican Republic,DOM,2009,1436,325,19697,7857,2065,1755,1513,1777,2247,38672,11518.0918,0.701,71.871
Dominican Republic,DOM,2010,1455,338,20355,8041,2092,1807,1543,1808,2169,39608,12327.3468,0.708,72.0933
Dominican Republic,DOM,2011,1469,348,20901,8295,2131,1866,1571,1883,2083,40547,12529.5448,0.713,72.2212
Dominican Republic,DOM,2012,1476,369,22242,8792,2280,1994,1655,2023,1998,42829,12707.22497,0.718,72.5142
Dominican Republic,DOM,2013,1490,393,23891,9367,2476,2140,1757,2194,1939,45647,13067.09635,0.722,72.7127
Dominican Republic,DOM,2014,1502,411,25223,9787,2634,2243,1834,2353,1846,47833,13814.06229,0.728,72.8665
Dominican Republic,DOM,2015,1513,430,26439,10231,2782,2330,1909,2528,1705,49867,14694.1036,0.736,72.9531
Dominican Republic,DOM,2016,1546,437,26925,10469,2873,2351,1932,2661,1604,50798,15462.20861,0.755,72.9867
Dominican Republic,DOM,2017,1578,438,26911,10545,2895,2318,1927,2752,1529,50893,15941.67145,0.757,73.0629
Dominican Republic,DOM,2018,1600,441,26955,10658,2925,2292,1927,2846,1422,51066,16958.43305,0.764,73.2323
Dominican Republic,DOM,2019,1629,446,27140,10808,2965,2280,1937,2945,1362,51512,17572.69314,0.771,73.5767
Ecuador,ECU,1990,797,168,10142,6238,1146,1087,1713,1473,66,22830,7642.568196,0.651,69.3477
Ecuador,ECU,1991,849,185,10982,6751,1338,1245,1767,1596,92,24805,7900.167909,0.652,69.6253
Ecuador,ECU,1992,892,190,10971,6887,1442,1334,1714,1623,102,25155,7992.61883,0.658,70.1172
Ecuador,ECU,1993,948,195,10889,6963,1523,1428,1663,1651,128,25388,8054.395535,0.662,70.3451
Ecuador,ECU,1994,1006,202,10895,7143,1630,1572,1613,1703,160,25924,8244.368422,0.667,70.7571
Ecuador,ECU,1995,1059,208,10718,7258,1727,1714,1560,1740,103,26087,8277.378363,0.671,71.0408
Ecuador,ECU,1996,1112,225,11082,7685,1908,1963,1595,1849,140,27559,8216.919279,0.674,71.362
Ecuador,ECU,1997,1150,229,10609,7721,1937,2091,1537,1844,225,27343,8426.618844,0.679,71.6815
Ecuador,ECU,1998,1230,251,11050,8174,2094,2378,1603,1938,241,28959,8489.529609,0.684,72.045
Ecuador,ECU,1999,1304,273,11359,8452,2211,2650,1675,1980,298,30202,7743.162499,0.683,72.4634
Ecuador,ECU,2000,1365,290,11488,8674,2314,2922,1687,1988,351,31079,7662.708399,0.687,72.8394
Ecuador,ECU,2001,1404,303,11382,8802,2291,3095,1712,2045,474,31508,7967.029533,0.693,73.2395
Ecuador,ECU,2002,1481,351,12815,9989,2664,3696,1911,2294,564,35765,8191.207779,0.698,73.6134
Ecuador,ECU,2003,1546,386,13616,10762,2884,4117,2048,2476,636,38471,8250.353256,0.703,73.9751
Ecuador,ECU,2004,1609,418,14160,11309,3023,4360,2176,2635,727,40417,8747.668,0.71,74.2788
Ecuador,ECU,2005,1651,454,15031,12035,3236,4700,2329,2813,862,43111,9107.982948,0.715,74.5144
Ecuador,ECU,2006,1691,485,15516,12616,3383,4946,2432,2940,988,44997,9385.692493,0.72,74.689
Ecuador,ECU,2007,1735,506,15814,13076,3494,5152,2496,3032,945,46250,9414.638342,0.723,74.8445
Ecuador,ECU,2008,1797,527,16177,13517,3623,5369,2585,3115,979,47689,10007.24798,0.729,74.983
Ecuador,ECU,2009,1861,539,16361,13795,3741,5518,2659,3162,1023,48659,9944.187625,0.731,75.1841
Ecuador,ECU,2010,1928,563,16791,14163,3904,5690,2780,3223,1051,50093,10194.3705,0.736,75.4301
Ecuador,ECU,2011,2009,582,16936,14346,3994,5768,2867,3252,982,50736,10814.2554,0.743,75.7425
Ecuador,ECU,2012,2113,623,17911,15063,4298,6123,3056,3359,1051,53597,11255.83603,0.751,76.0616
Ecuador,ECU,2013,2216,665,18703,15472,4466,6322,3262,3426,1144,55676,11633.97078,0.755,76.3694
Ecuador,ECU,2014,2286,678,19146,15648,4505,6382,3391,3468,1229,56733,11887.546,0.76,76.6221
Ecuador,ECU,2015,2322,667,19221,15717,4491,6349,3399,3508,1187,56861,11685.75729,0.765,76.7893
Ecuador,ECU,2016,2427,693,20062,16294,4658,6537,3527,3630,1220,59048,11334.76401,0.762,76.7634
Ecuador,ECU,2017,2500,717,20810,16808,4773,6686,3634,3740,1223,60891,11346.37257,0.762,76.9725
Ecuador,ECU,2018,2574,736,21330,17279,4894,6839,3693,3836,1218,62399,11242.31215,0.762,77.0938
Ecuador,ECU,2019,2638,738,21464,17627,4951,6914,3670,3905,1207,63114,11034.20422,0.76,77.2971
Egypt,EGY,2008,5212,1732,207451,42135,13100,15535,18612,48127,93,351997,9845.396806,0.663,69.3186
Egypt,EGY,2009,5340,1796,214374,44866,13951,16199,19088,49630,93,365337,10039.03033,0.668,69.48
Egypt,EGY,2010,5464,1847,219382,46171,14715,16806,19409,50816,95,374705,10135.98601,0.675,69.6638
Egypt,EGY,2011,5607,1898,221812,47360,15183,17195,19685,51945,101,380786,10031.42871,0.679,69.8805
Egypt,EGY,2014,5999,2053,236288,50183,16886,18893,20849,55221,98,406470,10099.75288,0.699,70.4151
Egypt,EGY,2015,6190,2214,251445,52885,18390,20276,21784,57801,84,431069,10382.27283,0.706,70.4831
Egypt,EGY,2016,6343,2296,255662,54414,19194,20918,22094,59305,70,440296,10646.46932,0.713,70.8435
Egypt,EGY,1990,3282,1045,156674,23605,6950,9720,15225,39203,56,255760,5930.181584,0.572,64.1459
Egypt,EGY,1991,3363,1062,156391,23951,7035,9847,15172,38840,65,255726,6057.706852,0.578,64.7553
Egypt,EGY,1992,3451,1067,155190,24212,7108,9910,14896,38663,74,254571,6186.818204,0.585,65.0305
Egypt,EGY,1993,3568,1124,160199,25319,7494,10352,15300,39272,82,262710,6234.452425,0.591,65.4677
Egypt,EGY,1994,3684,1178,164016,26295,7799,10742,15642,39754,88,269198,6348.930058,0.598,65.8155
Egypt,EGY,1995,3779,1189,162510,26667,7820,10808,15517,39338,93,267721,6520.383927,0.605,66.312
Egypt,EGY,1996,3870,1208,163709,27486,8146,11122,15578,39456,98,270673,6716.140759,0.613,66.7418
Egypt,EGY,1997,3972,1254,167701,28493,8549,11538,15878,40152,103,277640,6943.988418,0.619,67.1967
Egypt,EGY,1998,4070,1305,170232,29155,8812,11876,16062,40712,106,282330,7210.002975,0.624,67.4709
Egypt,EGY,1999,4153,1336,171454,30113,9092,12169,16092,41259,108,285776,7464.909404,0.629,67.737
Egypt,EGY,2000,4224,1316,166895,30582,9087,12124,15600,40904,109,280841,7781.349908,0.633,68.0074
Egypt,EGY,2001,4400,1418,177263,32833,9873,12881,16442,42823,110,298043,7956.988192,0.637,68.3083
Egypt,EGY,2002,4603,1522,186203,34528,10491,13524,17199,44520,111,312701,7914.592709,0.639,68.5635
Egypt,EGY,2003,4779,1645,196452,36300,11154,14259,18031,46515,113,329248,7996.626524,0.637,68.4021
Egypt,EGY,2004,4858,1669,197750,37419,11505,14493,18030,46893,114,332731,8162.00652,0.64,68.613
Egypt,EGY,2005,4902,1652,197027,38242,11743,14537,17851,46652,116,332722,8372.627871,0.643,68.7786
Egypt,EGY,2006,4968,1657,199763,39646,12217,14794,18026,46610,118,337799,8859.168738,0.647,68.9773
Egypt,EGY,2007,5074,1670,201143,40485,12436,14943,18126,46823,104,340804,9360.118933,0.655,69.128
Egypt,EGY,2012,5746,1989,231012,48813,16060,18053,20395,53786,105,395959,10055.57658,0.688,70.0848
Egypt,EGY,2013,5816,1964,229434,48629,15993,18037,20325,53648,103,393949,10016.17801,0.694,70.0521
Egypt,EGY,2017,6469,2296,254927,55291,19310,20956,21957,59798,62,441066,10801.02662,0.721,71.3019
Egypt,EGY,2018,6681,2366,259239,56627,19923,21461,22235,61156,56,449744,11079.03334,0.729,71.3669
Egypt,EGY,2019,6918,2439,263873,57934,20478,21981,22560,62635,56,458874,11335.87708,0.735,71.3575
El Salvador,SLV,1990,591,101,6256,2601,543,624,1042,971,87,12816,5142.350799,0.525,62.5504
El Salvador,SLV,1991,622,104,6269,2684,575,676,1036,976,105,13047,5172.174624,0.536,63.8556
El Salvador,SLV,1992,658,111,6501,2857,641,758,1056,1010,127,13719,5496.950396,0.548,64.6574
El Salvador,SLV,1993,696,119,6693,3014,709,847,1077,1040,153,14348,5736.352952,0.558,65.2351
El Salvador,SLV,1994,735,128,6818,3187,778,954,1090,1069,184,14943,5955.639848,0.568,65.8384
El Salvador,SLV,1995,765,132,6615,3203,791,1017,1067,1066,222,14878,6195.885277,0.578,66.3297
El Salvador,SLV,1996,803,137,6511,3339,852,1118,1045,1051,269,15125,6165.814936,0.587,67.0758
El Salvador,SLV,1997,840,149,6589,3596,942,1310,1051,1104,326,15907,6250.464489,0.597,67.8953
El Salvador,SLV,1998,880,166,6971,3908,1054,1580,1093,1185,390,17227,6365.961908,0.605,68.4785
El Salvador,SLV,1999,905,163,6610,3852,1038,1663,1024,1122,460,16837,6378.980593,0.609,69.3793
El Salvador,SLV,2000,939,170,6613,3951,1074,1855,1016,1125,535,17278,6432.215581,0.617,69.8647
El Salvador,SLV,2001,979,175,6611,4039,1116,1996,1024,1093,614,17647,6443.979106,0.619,69.5982
El Salvador,SLV,2002,1012,176,6459,4025,1125,2082,1005,1057,680,17621,6478.709785,0.626,70.2324
El Salvador,SLV,2003,1055,189,6756,4201,1219,2323,1055,1091,731,18620,6499.706918,0.631,70.1401
El Salvador,SLV,2004,1094,202,7091,4408,1342,2586,1106,1128,759,19716,6517.95534,0.636,70.3402
El Salvador,SLV,2005,1127,209,7233,4522,1431,2752,1129,1148,740,20291,6662.02182,0.641,70.4403
El Salvador,SLV,2006,1160,216,7355,4610,1507,2907,1146,1168,769,20838,6967.812746,0.646,70.7732
El Salvador,SLV,2007,1198,220,7381,4633,1554,2996,1154,1160,822,21118,7072.6786,0.651,71.1081
El Salvador,SLV,2008,1237,220,7325,4581,1563,3055,1152,1142,823,21098,7238.858093,0.653,71.4236
El Salvador,SLV,2009,1294,234,7803,4823,1710,3343,1230,1205,800,22442,6984.857474,0.653,71.5756
El Salvador,SLV,2010,1334,228,7525,4670,1671,3269,1210,1170,766,21843,7122.917511,0.659,71.8478
El Salvador,SLV,2011,1385,237,7846,4839,1783,3486,1259,1230,722,22787,7355.606685,0.661,71.8589
El Salvador,SLV,2012,1427,231,7551,4683,1752,3373,1235,1197,712,22161,7447.703934,0.664,71.8313
El Salvador,SLV,2013,1498,248,8124,4931,1913,3592,1326,1261,743,23636,7541.352768,0.667,71.7711
El Salvador,SLV,2014,1552,272,8896,5297,2103,3960,1436,1380,775,25671,7634.715924,0.666,71.7464
El Salvador,SLV,2015,1578,279,9073,5408,2139,3990,1452,1408,779,26106,7765.297992,0.668,71.8143
El Salvador,SLV,2016,1597,281,9087,5493,2150,3995,1443,1426,777,26249,7879.035883,0.671,72.0248
El Salvador,SLV,2017,1635,288,9273,5608,2176,4001,1461,1454,743,26639,7984.420771,0.674,72.3108
El Salvador,SLV,2018,1666,295,9456,5734,2208,4013,1484,1469,702,27027,8136.126957,0.68,72.5546
El Salvador,SLV,2019,1695,305,9695,5905,2257,4083,1514,1500,680,27634,8338.88639,0.683,72.5586
Equatorial Guinea,GNQ,2007,38,9,652,354,129,83,124,92,1324,2805,27401.83123,0.578,56.5398
Equatorial Guinea,GNQ,2010,44,11,699,407,150,97,128,96,1580,3212,19742.20078,0.579,57.8777
Equatorial Guinea,GNQ,2014,53,13,774,482,178,113,137,105,1791,3646,20704.00467,0.598,59.5947
Equatorial Guinea,GNQ,1990,17,5,701,236,84,57,160,92,23,1375,3565.044156,,50.8598
Equatorial Guinea,GNQ,1991,17,5,703,238,85,57,160,92,36,1393,3549.052859,,50.9695
Equatorial Guinea,GNQ,1992,18,5,700,238,84,58,159,92,54,1408,3420.464139,,51.1127
Equatorial Guinea,GNQ,1993,18,5,705,241,85,59,159,93,80,1445,3715.692003,,51.3077
Equatorial Guinea,GNQ,1994,19,6,709,244,86,59,159,93,113,1488,3660.672098,,51.4151
Equatorial Guinea,GNQ,1995,20,6,719,250,88,61,160,94,157,1555,3999.707401,,51.5915
Equatorial Guinea,GNQ,1996,21,6,728,257,91,63,160,95,213,1634,4899.187314,,51.7268
Equatorial Guinea,GNQ,1997,22,6,698,255,89,62,151,93,280,1656,8786.871458,,52.0606
Equatorial Guinea,GNQ,1998,23,6,684,258,90,62,146,92,360,1721,10524.1856,,52.3822
Equatorial Guinea,GNQ,1999,24,6,674,265,92,64,142,93,454,1814,13571.35657,,52.7524
Equatorial Guinea,GNQ,2000,26,6,662,270,95,65,137,92,561,1914,10380.30292,0.512,53.2264
Equatorial Guinea,GNQ,2001,27,7,640,273,97,65,130,90,675,2004,12198.86091,0.522,53.6364
Equatorial Guinea,GNQ,2002,29,7,620,276,98,66,124,87,797,2104,15210.36391,0.534,54.0851
Equatorial Guinea,GNQ,2003,30,7,623,288,104,69,123,87,928,2259,14435.37642,0.537,54.5812
Equatorial Guinea,GNQ,2004,32,8,628,305,111,72,123,88,1050,2417,16046.97793,0.545,55.0363
Equatorial Guinea,GNQ,2005,34,8,632,321,117,76,123,89,1154,2554,19244.97593,0.556,55.4644
Equatorial Guinea,GNQ,2006,36,9,645,340,124,80,124,91,1245,2694,24395.13773,0.569,56.0459
Equatorial Guinea,GNQ,2008,40,10,663,369,136,87,125,92,1360,2882,26794.77059,0.582,57.0742
Equatorial Guinea,GNQ,2009,42,10,680,389,143,92,127,94,1415,2992,26908.40292,0.586,57.4312
Equatorial Guinea,GNQ,2011,47,11,730,435,161,103,133,100,1840,3560,20366.20055,0.585,58.4121
Equatorial Guinea,GNQ,2012,49,12,747,453,168,107,135,102,1924,3697,21808.4842,0.592,58.8646
Equatorial Guinea,GNQ,2013,51,13,756,465,172,109,136,103,1783,3588,21134.33022,0.594,59.2236
Equatorial Guinea,GNQ,2015,56,14,812,504,186,119,140,107,2007,3945,21324.1916,0.603,60.1032
Equatorial Guinea,GNQ,2016,58,14,859,534,197,126,146,113,2084,4131,19423.11989,0.603,60.4786
Equatorial Guinea,GNQ,2017,60,15,897,559,205,130,150,118,1996,4130,16604.26721,0.601,60.8205
Equatorial Guinea,GNQ,2018,63,16,931,584,216,135,154,122,2038,4259,15187.91496,0.601,61.1914
Equatorial Guinea,GNQ,2019,65,16,960,602,223,139,157,126,2118,4406,13447.13572,0.605,61.6444
Eritrea,ERI,1990,50,18,2867,1309,358,247,704,610,472,6635,876.2774342,,49.7688
Eritrea,ERI,1991,52,18,2842,1305,358,247,692,610,718,6842,975.85779,,50.6074
Eritrea,ERI,1992,55,19,2921,1363,373,257,701,640,1004,7333,1090.351108,,52.4652
Eritrea,ERI,1993,58,20,3035,1435,393,270,717,677,1350,7955,1241.240924,,53.2341
Eritrea,ERI,1994,63,22,3205,1537,422,289,743,728,1725,8734,1414.426118,,54.0998
Eritrea,ERI,1995,67,24,3424,1661,459,314,780,793,2124,9646,1743.149377,,54.9137
Eritrea,ERI,1996,71,25,3470,1717,475,323,781,815,2517,10194,1747.274289,,55.7564
Eritrea,ERI,1997,76,26,3527,1786,494,334,785,842,2869,10739,1920.516141,,56.3119
Eritrea,ERI,1998,80,27,3540,1829,507,341,777,857,3199,11157,2083.214946,,49.1576
Eritrea,ERI,1999,85,29,3601,1904,529,355,782,889,3508,11682,2101.157487,,43.3974
Eritrea,ERI,2000,90,30,3686,1986,553,371,790,926,3741,12173,2037.912339,,56.1105
Eritrea,ERI,2001,95,32,3776,2054,575,382,796,954,3838,12502,1717.670154,,58.2983
Eritrea,ERI,2002,102,34,4017,2217,620,413,837,1028,3838,13106,1778.608449,0.426,58.8113
Eritrea,ERI,2003,109,36,4169,2312,650,431,857,1071,3836,13471,1742.772915,0.437,59.4086
Eritrea,ERI,2004,115,38,4321,2412,678,449,885,1114,3792,13804,1617.967545,0.445,59.8987
Eritrea,ERI,2005,121,39,4450,2480,698,460,900,1146,3640,13934,1587.75206,0.449,60.5968
Eritrea,ERI,2006,128,41,4588,2546,718,471,916,1179,3383,13970,1525.17679,0.453,61.6108
Eritrea,ERI,2007,134,43,4729,2612,737,481,933,1209,3074,13952,1509.082026,0.457,62.1161
Eritrea,ERI,2008,141,45,4890,2684,758,494,953,1247,2797,14009,1185.857064,0.448,62.5731
Eritrea,ERI,2009,148,47,5024,2737,776,504,964,1277,2586,14063,1305.673707,0.457,63.3284
Eritrea,ERI,2010,155,48,5153,2792,792,513,978,1304,2414,14149,1419.075943,0.463,63.7866
Eritrea,ERI,2011,162,50,5275,2854,814,525,990,1319,2234,14223,1761.437803,0.481,64.4017
Eritrea,ERI,2012,171,53,5431,2938,840,541,1005,1340,2050,14369,1774.709504,0.486,64.8385
Eritrea,ERI,2013,180,55,5578,3025,865,556,1020,1365,1890,14534,1573.960206,0.483,65.0665
Eritrea,ERI,2014,190,57,5705,3105,889,569,1032,1383,1760,14690,2042.185269,0.502,65.5995
Eritrea,ERI,2015,201,60,5892,3208,919,586,1048,1414,1655,14983,1605.846784,0.483,66.0333
Eritrea,ERI,2016,212,62,6045,3306,948,602,1063,1441,1574,15253,1707.304054,0.488,66.2893
Eritrea,ERI,2017,224,65,6233,3410,978,618,1076,1484,1497,15585,1519.965541,0.484,66.5773
Eritrea,ERI,2018,236,68,6446,3537,1016,638,1095,1526,1418,15980,1698.200078,0.493,67.0675
Eritrea,ERI,2019,248,71,6660,3674,1055,660,1117,1572,1378,16435,1740.988576,0.495,67.2996
Estonia,EST,1990,330,84,11068,3486,91,52,332,143,1,15587,14002.39524,0.732,69.8312
Estonia,EST,1991,338,86,11356,3605,98,56,335,154,1,16029,13019.00531,0.729,69.712
Estonia,EST,1992,343,84,11120,3535,100,58,323,155,1,15719,10715.52519,0.719,69.3445
Estonia,EST,1993,349,87,11721,3742,111,66,336,187,1,16600,9873.967388,0.71,68.5792
Estonia,EST,1994,354,90,12227,3896,123,84,351,222,1,17348,9941.125851,0.712,67.8846
Estonia,EST,1995,358,86,11472,3685,116,88,327,226,1,16359,10714.38942,0.725,68.7257
Estonia,EST,1996,362,80,10265,3314,106,86,288,205,3,14709,11358.34839,0.742,70.1448
Estonia,EST,1997,369,81,10144,3347,112,96,284,226,3,14662,12546.47645,0.757,70.732
Estonia,EST,1998,376,87,10539,3525,126,111,296,265,3,15328,13308.77234,0.764,70.2171
Estonia,EST,1999,382,86,10049,3407,130,114,284,268,1,14721,13232.41404,0.773,71.1147
Estonia,EST,2000,394,88,9971,3439,139,124,283,291,5,14734,14343.06663,0.787,71.3298
Estonia,EST,2001,401,92,10153,3576,158,132,292,327,5,15136,15348.37013,0.797,71.4185
Estonia,EST,2002,408,92,9826,3549,162,130,291,332,4,14794,16735.13159,0.807,71.8708
Estonia,EST,2003,415,94,9615,3545,176,131,295,333,8,14612,18328.27247,0.816,72.1579
Estonia,EST,2004,425,95,9350,3589,194,134,297,341,20,14445,19903.35156,0.826,72.6438
Estonia,EST,2005,436,97,9133,3622,197,145,293,347,32,14302,22401.96281,0.839,73.1971
Estonia,EST,2006,445,100,8969,3711,198,154,299,357,46,14279,24970.23614,0.847,73.4792
Estonia,EST,2007,459,104,8947,3870,200,171,306,373,37,14467,27118.50402,0.853,73.6051
Estonia,EST,2008,474,104,8464,3795,182,180,294,345,41,13879,26732.76546,0.856,74.412
Estonia,EST,2009,492,105,8195,3832,165,199,289,320,48,13645,23779.67758,0.856,75.1919
Estonia,EST,2010,510,103,7720,3695,142,217,277,291,43,12998,23797.52137,0.861,75.7485
Estonia,EST,2011,533,108,7795,3809,141,250,284,297,55,13272,25900.41923,0.871,76.4681
Estonia,EST,2012,562,111,7757,3806,137,280,289,296,48,13286,27110.35149,0.874,76.5454
Estonia,EST,2013,593,113,7602,3740,135,305,286,284,51,13109,28361.78899,0.88,77.1272
Estonia,EST,2014,624,116,7673,3838,135,339,298,296,46,13365,29532.96608,0.879,77.1406
Estonia,EST,2015,649,117,7510,3774,134,356,295,290,43,13168,30361.38783,0.882,77.6563
Estonia,EST,2016,676,123,7810,3882,143,389,304,298,40,13665,31594.42466,0.885,77.8201
Estonia,EST,2017,703,124,7977,3862,141,368,304,287,38,13804,33040.70655,0.887,77.976
Estonia,EST,2018,732,126,8125,3844,141,359,304,283,36,13950,34552.40442,0.891,78.1395
Estonia,EST,2019,757,127,8201,3832,140,349,303,277,34,14020,35879.58776,0.896,78.6693
Eswatini,SWZ,1990,31,7,840,406,218,103,251,115,25,1996,5374.793585,0.545,63.0719
Eswatini,SWZ,1991,32,8,858,423,228,108,254,119,74,2104,5362.278284,0.543,62.6853
Eswatini,SWZ,1992,33,8,864,435,236,112,253,121,189,2251,5419.635968,0.54,61.7346
Eswatini,SWZ,1993,34,8,868,446,243,116,252,123,418,2508,5310.940589,0.532,60.233
Eswatini,SWZ,1994,35,8,893,467,256,122,256,128,807,2972,5079.503328,0.523,58.2678
Eswatini,SWZ,1995,36,8,936,499,276,131,265,136,1384,3671,5524.63136,0.518,56.1477
Eswatini,SWZ,1996,36,9,982,534,297,142,275,144,2148,4567,5789.86491,0.509,53.8727
Eswatini,SWZ,1997,37,9,1006,560,314,150,279,148,3077,5580,5859.594782,0.5,52.0436
Eswatini,SWZ,1998,37,10,1062,603,343,163,290,155,4134,6797,5673.956599,0.49,50.3326
Eswatini,SWZ,1999,38,10,1121,653,377,178,301,163,5283,8124,5853.084505,0.482,48.7331
Eswatini,SWZ,2000,38,11,1214,723,427,200,319,174,6467,9573,5706.834207,0.471,47.2561
Eswatini,SWZ,2001,38,11,1284,783,475,219,333,183,7583,10909,5990.859863,0.463,45.9751
Eswatini,SWZ,2002,38,12,1352,841,525,238,346,189,8572,12113,5838.861655,0.451,44.4856
Eswatini,SWZ,2003,37,12,1395,881,564,254,353,193,9432,13121,5906.700078,0.446,43.3485
Eswatini,SWZ,2004,37,13,1435,903,591,260,358,197,10048,13842,6232.241642,0.444,42.5381
Eswatini,SWZ,2005,37,13,1461,915,611,262,358,199,10039,13895,6964.378548,0.446,42.1254
Eswatini,SWZ,2006,37,13,1454,910,612,257,352,197,9514,13346,6960.011648,0.462,43.1196
Eswatini,SWZ,2007,37,13,1458,910,616,255,348,196,9038,12871,7278.330002,0.471,43.6411
Eswatini,SWZ,2008,37,13,1465,914,625,256,346,195,8633,12484,7188.302522,0.479,44.1749
Eswatini,SWZ,2009,38,14,1470,918,634,256,342,194,8210,12076,7105.764438,0.486,44.6394
Eswatini,SWZ,2010,39,14,1452,909,634,254,334,191,7346,11173,7101.517382,0.503,46.6191
Eswatini,SWZ,2011,39,14,1433,901,625,250,327,187,6459,10235,7139.315816,0.517,48.1946
Eswatini,SWZ,2012,41,14,1435,906,627,251,324,186,6016,9800,7430.895634,0.531,49.8352
Eswatini,SWZ,2013,42,14,1434,910,630,251,320,184,5532,9317,7844.002634,0.546,51.4863
Eswatini,SWZ,2014,44,15,1430,916,633,252,316,184,4963,8753,7857.950772,0.559,53.0497
Eswatini,SWZ,2015,46,15,1433,923,636,253,314,183,4435,8238,7991.697489,0.575,55.0192
Eswatini,SWZ,2016,48,16,1441,930,642,255,313,183,4009,7837,7872.750167,0.586,56.6591
Eswatini,SWZ,2017,50,16,1457,942,650,257,314,185,3667,7538,7844.499338,0.596,57.8951
Eswatini,SWZ,2018,52,17,1483,959,665,262,316,187,3424,7365,7913.629038,0.607,59.4114
Eswatini,SWZ,2019,55,17,1519,979,682,269,319,190,3321,7351,7744.536132,0.615,60.5492
Ethiopia,ETH,2007,3499,803,61367,29862,10016,8060,12838,17750,68887,213082,1009.775687,0.38,56.4264
Ethiopia,ETH,2008,3690,820,61416,30071,10024,8058,12639,17758,60273,204749,1088.185603,0.395,57.5916
Ethiopia,ETH,2009,3896,843,61526,30352,10115,8157,12481,17856,53142,198368,1149.158272,0.402,58.8043
Ethiopia,ETH,1990,1494,570,60663,28570,10720,7860,13499,16794,14756,154926,762.7729166,,44.5567
Ethiopia,ETH,1991,1557,583,61425,28799,10763,7947,13623,16965,22282,163944,683.3588842,,46.1304
Ethiopia,ETH,1992,1640,603,62838,29443,10908,8125,13859,17342,31827,176585,599.818088,,46.9015
Ethiopia,ETH,1993,1721,618,63663,29730,10948,8218,13942,17578,42829,189247,651.5432319,,47.394
Ethiopia,ETH,1994,1795,630,64190,29868,10930,8275,13987,17704,54745,202124,650.7207585,,47.8607
Ethiopia,ETH,1995,1872,641,64609,29930,10911,8309,14006,17784,66627,214689,671.4044156,,48.3016
Ethiopia,ETH,1996,1960,647,64360,29733,10793,8272,13889,17734,77549,224937,741.3993458,,48.9236
Ethiopia,ETH,1997,2067,658,64559,29720,10747,8267,13842,17737,86787,234384,741.0600074,,49.5138
Ethiopia,ETH,1998,2203,677,64758,29961,10789,8308,13874,18067,93876,242513,690.4132426,,49.9272
Ethiopia,ETH,1999,2330,691,64620,29981,10754,8309,13843,18239,98723,247490,705.3551163,,49.4248
Ethiopia,ETH,2000,2424,697,63390,29461,10535,8192,13645,18005,101561,247910,725.5751661,0.287,50.5378
Ethiopia,ETH,2001,2540,706,62314,29217,10330,8103,13453,17831,102293,246787,762.6794716,0.301,51.0426
Ethiopia,ETH,2002,2691,723,61726,29323,10229,8082,13379,17793,101366,245312,753.0997134,0.309,51.5171
Ethiopia,ETH,2003,2837,740,61522,29345,10172,8061,13324,17807,99077,242885,716.1089839,0.313,52.5326
Ethiopia,ETH,2004,2996,757,61553,29408,10148,8056,13248,17854,95326,239346,790.068285,0.327,53.2348
Ethiopia,ETH,2005,3163,774,61546,29742,10104,8080,13175,17898,87408,231890,863.3035094,0.346,54.0085
Ethiopia,ETH,2006,3326,789,61483,29733,10072,8078,13030,17822,77675,222008,929.7011055,0.363,55.1491
Ethiopia,ETH,2010,4120,873,61463,30588,10163,8191,12419,18059,47038,192914,1256.754166,0.412,59.73
Ethiopia,ETH,2011,4357,907,62813,31227,10372,8295,12479,18391,42083,190924,1358.033249,0.422,60.7206
Ethiopia,ETH,2012,4577,940,64155,31634,10570,8359,12510,18668,39202,190615,1434.245449,0.43,61.5431
Ethiopia,ETH,2013,4808,976,65156,32442,10795,8495,12547,19272,37873,192364,1541.762481,0.441,62.3734
Ethiopia,ETH,2014,5031,1006,66729,33588,11009,8671,12725,19831,35993,194583,1652.126111,0.45,62.9046
Ethiopia,ETH,2015,5259,1035,68412,34455,11201,8790,12817,20276,33726,195971,1771.947958,0.46,63.6492
Ethiopia,ETH,2016,5543,1075,70165,35633,11554,9026,12973,20952,31571,198492,1888.608252,0.47,64.3919
Ethiopia,ETH,2017,5840,1118,72151,37017,11933,9286,13221,21685,29600,201851,2009.557746,0.48,64.8383
Ethiopia,ETH,2018,6142,1174,74607,38393,12410,9585,13495,22256,27743,205805,2093.520321,0.489,65.4117
Ethiopia,ETH,2019,6433,1230,76975,39600,12873,9860,13727,22772,26591,210061,2204.805408,0.498,65.8377
Fiji,FJI,1990,36,22,1645,415,530,115,400,62,2,3227,8473.928246,0.642,65.5076
Fiji,FJI,1991,37,22,1679,419,573,123,405,62,3,3323,8462.841698,0.647,65.6434
Fiji,FJI,1992,37,23,1706,422,619,131,407,62,4,3411,8379.900569,0.651,65.8269
Fiji,FJI,1993,37,24,1742,427,673,140,411,63,5,3522,8294.048161,0.654,65.9283
Fiji,FJI,1994,38,24,1772,429,731,150,413,63,6,3626,8471.08617,0.66,66.1246
Fiji,FJI,1995,38,25,1801,432,796,161,415,64,7,3739,8818.262502,0.666,66.2856
Fiji,FJI,1996,38,26,1849,439,847,171,421,66,8,3865,9150.872522,0.669,66.4078
Fiji,FJI,1997,39,26,1877,443,889,179,422,66,9,3950,8815.425886,0.67,66.4478
Fiji,FJI,1998,39,25,1833,437,897,182,412,66,10,3901,8698.71527,0.672,66.68
Fiji,FJI,1999,39,27,1954,456,986,199,433,69,11,4174,9394.94336,0.679,66.7627
Fiji,FJI,2000,40,28,2020,470,1064,211,443,70,11,4357,9601.003577,0.681,66.31
Fiji,FJI,2001,40,28,1980,467,1058,211,433,69,13,4299,10208.9463,0.686,66.3399
Fiji,FJI,2002,41,28,1958,473,1074,214,426,69,13,4296,10459.30106,0.687,65.7482
Fiji,FJI,2003,42,28,1991,497,1166,213,423,70,14,4444,10676.60125,0.692,66.1775
Fiji,FJI,2004,43,27,1926,503,1180,209,395,68,14,4365,11479.65509,0.704,66.4243
Fiji,FJI,2005,44,28,1982,528,1249,218,387,70,14,4520,10408.11395,0.702,66.6325
Fiji,FJI,2006,46,29,2063,559,1280,229,383,73,13,4675,10362.86794,0.705,66.8553
Fiji,FJI,2007,48,31,2132,590,1355,237,380,74,13,4860,10253.04545,0.706,66.8261
Fiji,FJI,2008,50,32,2196,618,1411,243,376,76,12,5014,10272.90259,0.709,66.9346
Fiji,FJI,2009,52,32,2187,629,1399,240,365,75,12,4991,10244.2737,0.711,67.0888
Fiji,FJI,2010,54,33,2237,651,1433,243,367,77,12,5107,10190.36561,0.714,67.3276
Fiji,FJI,2011,56,35,2274,672,1489,249,366,78,13,5232,10425.71399,0.719,67.5234
Fiji,FJI,2012,58,36,2321,690,1526,253,366,79,12,5341,10486.08722,0.721,67.5515
Fiji,FJI,2013,60,37,2366,708,1548,258,375,80,10,5442,11174.36971,0.726,67.428
Fiji,FJI,2014,62,38,2421,726,1577,264,382,81,10,5561,11465.92201,0.729,67.3764
Fiji,FJI,2015,64,39,2472,744,1607,270,389,82,10,5677,11790.47851,0.729,66.8436
Fiji,FJI,2016,66,41,2516,762,1631,275,395,83,11,5780,12105.32007,0.735,67.2395
Fiji,FJI,2017,69,42,2565,779,1659,281,403,85,10,5893,12367.93824,0.741,67.7904
Fiji,FJI,2018,71,43,2603,795,1692,286,407,86,9,5992,12916.60463,0.745,67.8096
Fiji,FJI,2019,73,44,2642,810,1725,292,412,87,9,6094,12526.24293,0.746,67.8933
Finland,FIN,1990,1380,316,24657,10337,583,213,1253,619,14,39372,34652.00906,0.814,74.9893
Finland,FIN,1991,1429,321,24334,10386,577,217,1247,643,19,39173,32163.27132,0.818,75.4071
Finland,FIN,1992,1486,332,24417,10537,581,226,1270,665,23,39537,30575.1739,0.825,75.6469
Finland,FIN,1993,1533,341,24274,10592,576,232,1287,670,21,39526,29991.06614,0.829,75.8849
Finland,FIN,1994,1569,338,23276,10445,548,233,1266,668,20,38363,31434.50915,0.841,76.5748
Finland,FIN,1995,1620,351,23322,10591,546,241,1314,696,23,38704,33090.51654,0.847,76.6039
Finland,FIN,1996,1669,361,23117,10659,529,261,1367,712,30,38705,34001.27012,0.854,76.8696
Finland,FIN,1997,1719,373,23044,10749,522,267,1423,738,11,38846,36444.33346,0.863,77.0641
Finland,FIN,1998,1758,383,22752,10800,513,271,1470,753,11,38711,38587.42336,0.873,77.2591
Finland,FIN,1999,1795,393,22542,10813,502,278,1485,770,13,38591,40255.56333,0.881,77.4508
Finland,FIN,2000,1843,406,22508,10883,499,288,1497,805,11,38740,42005.37419,0.891,77.6712
Finland,FIN,2001,1876,419,22348,10975,486,301,1512,844,5,38766,43299.22704,0.9,78.1422
Finland,FIN,2002,1906,436,22525,11136,483,315,1522,898,9,39230,43781.2127,0.904,78.2698
Finland,FIN,2003,1929,449,22410,11285,473,327,1530,963,13,39379,43648.97069,0.907,78.5333
Finland,FIN,2004,1945,456,22077,11408,462,345,1520,1072,11,39296,45477.02184,0.902,78.846
Finland,FIN,2005,1998,469,22009,11534,452,366,1555,1160,9,39552,45949.01811,0.905,78.9713
Finland,FIN,2006,2062,487,21976,11693,437,392,1592,1201,13,39853,47282.47742,0.909,79.3729
Finland,FIN,2007,2138,507,22186,11909,439,420,1634,1272,16,40521,49146.72006,0.911,79.3907
Finland,FIN,2008,2222,527,22278,12089,433,450,1656,1302,9,40966,48714.47858,0.912,79.695
Finland,FIN,2009,2294,550,22449,12340,424,480,1705,1322,5,41569,45128.28495,0.907,79.831
Finland,FIN,2010,2398,576,22765,12597,424,521,1746,1326,11,42364,46138.47385,0.911,80.0117
Finland,FIN,2011,2498,597,22836,12785,424,562,1784,1310,8,42804,46338.34586,0.915,80.3915
Finland,FIN,2012,2597,618,23045,13029,430,604,1819,1308,9,43459,45340.26397,0.915,80.5008
Finland,FIN,2013,2701,638,23214,13279,436,640,1846,1298,6,44058,44871.50214,0.926,80.8831
Finland,FIN,2014,2790,657,23336,13454,441,673,1870,1267,5,44493,45016.4823,0.927,81.0125
Finland,FIN,2015,2900,669,23473,13634,450,698,1896,1228,6,44954,45628.12268,0.93,81.4178
Finland,FIN,2016,3009,687,23815,13907,480,703,1944,1219,6,45770,46502.46698,0.931,81.2915
Finland,FIN,2017,3104,698,24362,14091,481,698,1976,1201,6,46617,47593.88701,0.934,81.4976
Finland,FIN,2018,3192,713,24871,14284,488,702,2008,1172,6,47436,48369.87096,0.936,81.6266
Finland,FIN,2019,3280,727,25383,14495,496,706,2043,1152,5,48287,48901.80936,0.939,81.8706
France,FRA,1990,18823,4255,172186,147596,7446,7118,22050,13686,3053,396213,33964.23084,0.791,76.8335
France,FRA,1991,19371,4313,169588,148992,7429,7014,21797,13335,3967,395806,34031.95186,0.799,77.0143
France,FRA,1992,19956,4374,167291,150548,7446,6945,21784,13058,4563,395965,34485.28355,0.806,77.2958
France,FRA,1993,20638,4473,167072,152384,7625,7013,22020,12997,4924,399146,34232.17801,0.809,77.348
France,FRA,1994,21209,4509,164690,152660,7700,6996,21945,12819,5250,397778,34801.77278,0.823,77.7678
France,FRA,1995,21778,4627,165357,154276,7981,7079,22259,12861,5077,401295,35317.92612,0.828,77.8713
France,FRA,1996,22325,4748,166061,155708,8394,7168,22504,12918,3884,403710,35786.41186,0.833,78.0613
France,FRA,1997,22903,4805,163930,155859,8842,7189,22295,12839,1702,400364,36621.91485,0.838,78.4254
France,FRA,1998,23639,4949,164417,158570,9807,7368,22302,13001,1356,405409,37927.29301,0.842,78.5885
France,FRA,1999,24322,5064,163565,159827,10630,7571,21733,12909,1297,406918,39296.61782,0.84,78.7505
France,FRA,2000,24825,5148,161160,160035,11308,7837,20090,12699,1274,404376,40105.28572,0.844,79.0472
France,FRA,2001,25339,5310,160172,161674,11859,8120,19298,12663,1225,405660,40712.07336,0.847,79.2235
France,FRA,2002,25974,5539,160175,164176,12362,8450,19039,12621,1223,409559,40731.98644,0.848,79.4129
France,FRA,2003,26630,5747,159153,165898,12664,8658,18900,12499,1151,411300,40867.81425,0.851,79.421
France,FRA,2004,27036,5756,151611,163565,12282,8576,18058,11901,1135,399920,41636.07419,0.858,80.3393
France,FRA,2005,27698,5947,150426,165087,12314,8796,18035,11805,994,401102,41993.32952,0.866,80.3394
France,FRA,2006,28411,6122,148618,166220,12206,8995,17837,11620,982,401011,42662.02398,0.87,80.7483
France,FRA,2007,29156,6335,147659,168468,12146,9288,17916,11447,850,403265,43565.31439,0.873,80.9672
France,FRA,2008,30069,6603,148533,172168,12198,9694,18207,11389,774,409635,43428.98144,0.873,81.049
France,FRA,2009,30913,6814,148591,175675,12164,9978,18434,11363,654,414586,42321.56699,0.872,81.1777
France,FRA,2010,31793,6945,147786,177632,11948,10261,18614,11203,584,416766,42771.58715,0.877,81.4275
France,FRA,2011,33094,7073,147571,180034,11784,10473,18895,11024,493,420441,43324.1221,0.881,81.813
France,FRA,2012,34915,7282,149170,182809,11798,10870,19343,10884,501,427572,43009.1157,0.882,81.774
France,FRA,2013,36797,7374,148281,184080,11611,11044,19529,10661,535,429912,43213.27903,0.887,82.0159
France,FRA,2014,38572,7394,146793,184299,11401,11089,19498,10410,429,429885,43562.21508,0.892,82.4761
France,FRA,2015,40527,7630,151427,188774,11781,11568,20374,10631,490,443202,44323.97472,0.892,82.1857
France,FRA,2016,41910,7549,152387,187823,11772,11602,20421,10389,487,444340,44814.41572,0.895,82.4372
France,FRA,2017,43470,7678,157291,191346,12106,11966,21022,10555,479,455913,45584.57087,0.898,82.4732
France,FRA,2018,44853,7837,161856,193603,12434,12326,21512,10581,468,465470,46162.6579,0.901,82.5909
France,FRA,2019,46008,7997,166496,197313,12806,12700,22060,10722,457,476559,46963.19576,0.905,82.7315
Gabon,GAB,1990,82,24,1790,806,327,184,306,302,154,3975,16797.8789,0.61,60.3109
Gabon,GAB,1991,84,24,1802,822,332,189,304,306,231,4094,17391.74323,0.615,60.3968
Gabon,GAB,1992,86,25,1822,836,339,195,304,309,335,4251,16035.15755,0.615,60.5447
Gabon,GAB,1993,88,26,1841,845,346,199,301,309,467,4422,16055.79693,0.619,60.7183
Gabon,GAB,1994,91,27,1890,873,359,208,304,315,629,4696,16581.94423,0.623,60.7012
Gabon,GAB,1995,93,28,1947,907,376,219,309,327,815,5021,16747.89198,0.627,60.704
Gabon,GAB,1996,96,29,1989,932,388,227,310,331,1021,5323,16872.74997,0.63,60.6118
Gabon,GAB,1997,98,29,1993,943,394,233,306,333,1244,5573,17270.41821,0.634,60.662
Gabon,GAB,1998,100,29,2010,955,403,240,304,335,1474,5850,18104.29599,0.64,60.7897
Gabon,GAB,1999,102,30,2031,961,412,246,301,333,1703,6119,15754.21381,0.636,60.8487
Gabon,GAB,2000,104,31,2074,981,428,256,302,340,1921,6437,13984.59727,0.635,61.069
Gabon,GAB,2001,106,31,2112,1004,443,266,303,347,2096,6708,14764.01959,0.641,61.2697
Gabon,GAB,2002,109,32,2110,1008,448,270,299,346,2226,6848,14911.80771,0.644,61.2916
Gabon,GAB,2003,111,32,2155,1034,462,280,301,351,2313,7039,14630.97646,0.648,61.6706
Gabon,GAB,2004,114,33,2180,1050,473,286,300,351,2272,7059,13487.75028,0.647,61.8378
Gabon,GAB,2005,117,33,2166,1058,476,289,296,350,2060,6845,14167.18205,0.652,61.9594
Gabon,GAB,2006,120,34,2201,1084,488,296,298,355,1933,6809,12684.60798,0.651,62.3746
Gabon,GAB,2007,123,35,2215,1103,495,301,298,360,1975,6905,12761.80426,0.655,62.6183
Gabon,GAB,2008,127,36,2260,1132,510,310,301,366,2018,7060,11746.06418,0.655,63.0829
Gabon,GAB,2009,130,36,2257,1139,512,313,298,365,1976,7026,12315.62191,0.66,63.3032
Gabon,GAB,2010,133,36,2237,1137,510,311,293,361,1908,6926,12107.36342,0.664,63.8977
Gabon,GAB,2011,137,37,2268,1163,520,315,294,364,1846,6944,11980.61836,0.668,64.0453
Gabon,GAB,2012,141,38,2271,1179,526,318,293,365,1664,6795,13013.32314,0.679,64.5871
Gabon,GAB,2013,144,38,2276,1193,529,319,291,364,1421,6575,13459.73799,0.685,64.7765
Gabon,GAB,2014,147,38,2301,1222,537,325,291,366,1312,6539,14661.96273,0.694,64.9743
Gabon,GAB,2015,151,39,2349,1261,550,334,294,371,1294,6643,14167.7361,0.699,65.4599
Gabon,GAB,2016,155,40,2399,1304,564,342,297,378,1249,6728,14170.45668,0.702,65.8025
Gabon,GAB,2017,159,41,2454,1350,581,351,302,388,1202,6828,14058.19505,0.706,66.1889
Gabon,GAB,2018,163,42,2501,1395,598,359,305,392,1146,6901,13359.91549,0.706,66.3064
Gabon,GAB,2019,167,43,2541,1436,614,367,308,397,1115,6988,13061.89403,0.709,66.6028
Gambia,GMB,2007,94,29,1788,723,222,218,314,283,1188,4859,2098.034103,0.442,59.3935
Gambia,GMB,2008,97,31,1801,719,223,219,313,274,1212,4889,2173.326311,0.45,60.0817
Gambia,GMB,2009,102,32,1885,753,234,229,325,281,1189,5030,2244.085241,0.455,60.4267
Gambia,GMB,2012,114,36,1946,761,241,231,327,269,994,4919,2092.378476,0.467,62.0961
Gambia,GMB,1990,38,11,829,318,79,109,196,174,24,1778,2225.30222,0.343,51.3185
Gambia,GMB,1991,40,12,864,338,84,114,201,181,38,1872,2216.34454,0.35,52.1265
Gambia,GMB,1992,43,13,912,363,91,121,208,191,60,2002,2218.053517,0.357,52.9408
Gambia,GMB,1993,45,13,924,371,94,122,206,192,90,2057,2188.429762,0.363,53.748
Gambia,GMB,1994,48,14,954,384,100,126,207,196,131,2160,2126.994089,0.369,54.7206
Gambia,GMB,1995,52,15,1051,430,113,138,223,217,185,2424,2090.242407,0.376,55.464
Gambia,GMB,1996,54,15,1039,424,115,135,213,209,252,2456,2113.776048,0.382,56.009
Gambia,GMB,1997,57,16,1084,447,123,140,216,215,333,2631,2036.045413,0.385,56.06
Gambia,GMB,1998,61,17,1165,484,135,149,226,229,426,2892,2045.200665,0.392,56.5543
Gambia,GMB,1999,66,18,1271,534,151,161,240,247,528,3216,2106.813579,0.398,56.8155
Gambia,GMB,2000,68,19,1267,523,152,159,234,237,636,3295,2160.090431,0.404,56.9421
Gambia,GMB,2001,70,20,1294,531,156,161,237,237,746,3452,2198.17511,0.41,57.0432
Gambia,GMB,2002,74,22,1370,555,166,170,248,243,854,3702,2112.848015,0.412,57.0798
Gambia,GMB,2003,77,23,1452,591,177,180,261,253,956,3970,2116.379005,0.419,57.5864
Gambia,GMB,2004,83,25,1605,660,198,200,289,277,1043,4380,2298.500371,0.428,58.0878
Gambia,GMB,2005,87,27,1690,693,209,209,302,285,1093,4595,2174.703256,0.431,58.3935
Gambia,GMB,2006,90,28,1730,701,214,212,306,281,1136,4698,2091.956395,0.436,59.0596
Gambia,GMB,2010,106,34,1925,767,239,233,329,279,1117,5029,2307.327416,0.46,60.7166
Gambia,GMB,2011,109,35,1879,733,233,224,318,262,1030,4823,2046.164707,0.46,61.5257
Gambia,GMB,2013,119,38,2032,798,252,240,340,280,1047,5146,2086.160286,0.471,62.1138
Gambia,GMB,2014,125,40,2189,874,272,260,365,305,1106,5536,1992.159137,0.473,62.2688
Gambia,GMB,2015,130,42,2222,872,275,261,365,301,1128,5596,2009.001962,0.478,62.494
Gambia,GMB,2016,136,44,2343,939,293,278,385,323,1122,5863,1997.610808,0.484,63.0127
Gambia,GMB,2017,144,46,2489,1013,313,296,409,348,1097,6155,2033.671644,0.489,62.9955
Gambia,GMB,2018,149,48,2537,1036,321,302,415,351,1086,6245,2120.010674,0.495,63.04
Gambia,GMB,2019,154,49,2603,1070,330,310,424,357,1078,6375,2187.374229,0.503,63.7549
Georgia,GEO,1990,848,258,35627,8161,695,352,1196,1719,2,48858,10663.57705,,68.389
Georgia,GEO,1991,876,260,36558,8108,694,359,1053,1743,2,49653,8447.653745,,68.2447
Georgia,GEO,1992,900,260,37419,7864,702,364,966,1749,2,50226,5057.072623,,67.783
Georgia,GEO,1993,923,251,36601,7335,713,350,928,1680,2,48783,3369.207899,,67.6557
Georgia,GEO,1994,948,246,37001,7024,737,348,878,1677,2,48861,3108.91041,,68.5539
Georgia,GEO,1995,972,221,33694,6384,708,317,778,1559,2,44635,3221.36709,,68.8509
Georgia,GEO,1996,1020,208,31898,6046,690,298,772,1482,2,42416,3673.312951,,68.9738
Georgia,GEO,1997,1082,216,32993,6116,734,302,812,1515,2,43772,4431.338006,,69.0587
Georgia,GEO,1998,1158,229,34497,6194,826,314,887,1551,3,45659,4778.907426,,69.1015
Georgia,GEO,1999,1225,242,35724,6276,905,309,952,1593,2,47228,5041.403463,,69.3194
Georgia,GEO,2000,1280,253,36520,6401,963,302,1021,1593,2,48335,5177.917047,0.702,69.5754
Georgia,GEO,2001,1326,261,36458,6451,951,360,1056,1578,2,48443,5359.042381,0.706,69.6063
Georgia,GEO,2002,1374,284,38037,6803,990,438,1194,1638,2,50760,5701.791828,0.714,70.0244
Georgia,GEO,2003,1406,304,38698,7020,1017,509,1305,1642,2,51903,6349.272137,0.723,70.3327
Georgia,GEO,2004,1427,317,38606,7218,1037,574,1429,1678,2,52288,6808.534925,0.729,70.5674
Georgia,GEO,2005,1422,314,37587,7145,983,642,1390,1602,1,51086,7462.036105,0.738,71.13
Georgia,GEO,2006,1408,307,35891,7140,962,665,1380,1560,1,49314,8269.276483,0.742,71.394
Georgia,GEO,2007,1391,292,33079,7121,973,672,1337,1526,3,46394,9188.958856,0.753,71.5679
Georgia,GEO,2008,1419,293,32330,7416,1045,681,1317,1561,4,46066,9302.195863,0.748,71.3323
Georgia,GEO,2009,1477,306,32977,7742,1119,724,1351,1584,6,47286,9036.256313,0.753,71.9498
Georgia,GEO,2010,1518,319,33273,8023,1235,718,1368,1604,8,48066,9581.980186,0.759,72.1277
Georgia,GEO,2011,1558,322,32700,8269,1356,719,1358,1608,15,47905,10268.19764,0.766,72.3902
Georgia,GEO,2012,1582,317,31229,8436,1493,718,1319,1591,51,46736,11196.55969,0.773,72.412
Georgia,GEO,2013,1611,310,29960,8367,1502,710,1270,1565,30,45325,11544.51495,0.777,72.6284
Georgia,GEO,2014,1638,309,29463,8354,1479,706,1240,1538,60,44787,12111.97028,0.784,73.0993
Georgia,GEO,2015,1660,311,29325,8523,1468,709,1234,1555,55,44840,12334.6582,0.79,73.2972
Georgia,GEO,2016,1693,316,30218,8537,1462,725,1254,1591,34,45830,12382.40144,0.794,73.5692
Georgia,GEO,2017,1696,314,30238,8487,1437,720,1249,1589,29,45759,12924.2182,0.8,73.5701
Georgia,GEO,2018,1708,309,29969,8418,1406,714,1236,1579,26,45365,13697.40109,0.804,73.3414
Georgia,GEO,2019,1721,304,29709,8327,1374,706,1222,1562,23,44948,14314.32324,0.81,73.4696
Germany,DEU,1990,29984,5811,451910,202621,21676,9348,39888,22263,1680,785181,36587.31592,0.829,75.3588
Germany,DEU,1991,30640,5837,440461,203710,22156,8997,39376,23277,1990,776444,37705.49942,0.835,75.5759
Germany,DEU,1992,31442,5842,426722,203503,22421,8764,38572,23676,2147,763089,38540.84607,0.842,76.0187
Germany,DEU,1993,32298,5947,421118,206180,23254,8820,38451,24280,2436,762784,38069.03107,0.852,76.0959
Germany,DEU,1994,33246,6102,414617,209315,23467,9130,38081,24691,2507,761156,38764.17249,0.858,76.3931
Germany,DEU,1995,33953,6345,409254,213267,23504,9868,37814,24919,2271,761195,39440.76337,0.863,76.5619
Germany,DEU,1996,34322,6556,401330,216937,23133,10421,37048,24844,1797,756388,39671.02375,0.868,76.7922
Germany,DEU,1997,34603,6704,389043,219700,22080,11004,35630,24382,1019,744165,40085.22474,0.874,77.2259
Germany,DEU,1998,34797,6874,378220,224417,20652,12092,34386,23791,763,735992,40941.19258,0.879,77.5768
Germany,DEU,1999,35251,7078,369813,232455,20019,13183,33596,23523,741,735659,41707.45913,0.884,77.8056
Germany,DEU,2000,35327,7228,357679,243529,19544,14591,32657,23133,702,734390,42394.86412,0.889,78.0637
Germany,DEU,2001,35229,7408,348711,249281,19330,15633,31780,22649,660,730681,42973.74653,0.896,78.4095
Germany,DEU,2002,35209,7721,346347,255686,19577,16877,31962,22517,644,736540,42877.62022,0.901,78.4827
Germany,DEU,2003,35066,8020,342145,259062,19599,18025,32245,22329,623,737114,42784.99946,0.905,78.5443
Germany,DEU,2004,35301,8156,330795,259846,19146,18744,31676,21474,611,725749,43999.04832,0.914,79.1263
Germany,DEU,2005,35731,8472,326879,261980,19045,19800,31960,20968,595,725430,44193.77053,0.914,79.2618
Germany,DEU,2006,35561,8768,321684,262584,18785,20732,32179,20466,599,721358,46045.61338,0.917,79.5906
Germany,DEU,2007,35246,9135,318687,263688,18761,22015,32940,20155,563,721190,47424.29974,0.921,79.7412
Germany,DEU,2008,35096,9576,317372,264802,18959,23313,34054,20108,561,723841,47413.82063,0.923,79.8261
Germany,DEU,2009,35857,10038,318239,264542,19319,24688,35593,20107,548,728931,46040.43366,0.923,79.9248
Germany,DEU,2010,37332,10424,319114,258984,19561,26290,36809,19993,552,729059,47554.22563,0.926,80.0864
Germany,DEU,2011,38347,10650,318181,254502,19550,27594,37650,19738,567,726779,50108.04686,0.931,80.36
Germany,DEU,2012,39616,11016,323295,253690,19809,29375,39078,19679,521,736079,50123.5299,0.933,80.5058
Germany,DEU,2013,40848,11379,330674,255452,20196,31198,40735,19938,513,750933,50314.54101,0.934,80.4633
Germany,DEU,2014,42303,11539,331809,254813,20131,32433,41462,19669,493,754652,51268.8727,0.937,80.9151
Germany,DEU,2015,44103,12028,345971,260050,21006,34600,43712,20265,511,782246,52200.62642,0.938,80.5742
Germany,DEU,2016,45209,12257,349510,262849,21307,35136,44334,20308,467,791377,53349.82314,0.941,80.8471
Germany,DEU,2017,46086,12375,350343,265156,21427,34419,44216,20267,451,794740,54335.96281,0.944,80.9442
Germany,DEU,2018,47417,12566,355562,268961,21798,34590,44533,20367,436,806230,54981.27749,0.945,81.1717
Germany,DEU,2019,49557,12875,364285,274088,22363,35220,45165,20492,421,824466,55564.96736,0.948,81.5584
Ghana,GHA,1990,616,150,15963,7350,1627,1663,3076,4066,2727,37238,2366.337969,0.46,55.6196
Ghana,GHA,1991,644,156,16268,7639,1719,1722,3109,4190,3746,39193,2422.708492,0.466,56.0118
Ghana,GHA,1992,678,164,16658,7995,1829,1796,3149,4337,4996,41602,2449.04456,0.47,56.2313
Ghana,GHA,1993,713,172,16910,8346,1933,1859,3163,4478,6478,44052,2486.908352,0.475,56.416
Ghana,GHA,1994,745,180,17273,8631,2041,1924,3199,4582,8168,46743,2493.700913,0.477,56.1124
Ghana,GHA,1995,775,188,17730,8894,2155,1989,3241,4663,10015,49650,2526.034238,0.483,56.5652
Ghana,GHA,1996,808,197,18436,9244,2291,2065,3284,4770,11963,53058,2575.866455,0.487,56.8201
Ghana,GHA,1997,843,210,19373,9715,2461,2171,3371,4927,13939,57010,2617.059824,0.492,57.1989
Ghana,GHA,1998,876,221,20025,10082,2594,2243,3404,4999,15882,60326,2670.603801,0.497,57.6003
Ghana,GHA,1999,906,232,20930,10456,2731,2319,3475,5054,17724,63827,2718.790179,0.502,58.0302
Ghana,GHA,2000,946,246,21908,10869,2874,2427,3568,5106,19400,67344,2741.245044,0.507,58.195
Ghana,GHA,2001,978,257,22899,11037,3111,2569,3699,5190,20909,70649,2822.713438,0.505,58.1072
Ghana,GHA,2002,1023,272,23924,11179,3361,2715,3854,5233,22190,73751,2884.582198,0.512,58.6079
Ghana,GHA,2003,1049,279,24687,11275,3602,2848,4011,5254,23218,76223,2959.680415,0.515,59.1108
Ghana,GHA,2004,1089,291,25574,11404,3868,2954,4180,5301,23824,78485,3039.419284,0.521,59.1914
Ghana,GHA,2005,1133,304,26544,11610,4180,3067,4352,5377,24051,80618,3180.035017,0.533,59.7601
Ghana,GHA,2006,1182,320,27628,11811,4503,3184,4538,5391,23919,82476,3260.440634,0.54,59.9883
Ghana,GHA,2007,1209,329,28546,12013,4848,3292,4671,5406,23418,83732,3316.812651,0.55,60.2243
Ghana,GHA,2008,1255,345,29368,12382,4873,3385,4787,5412,22626,84433,3534.016583,0.561,60.49
Ghana,GHA,2009,1292,357,30267,12801,4956,3515,4925,5455,21689,85257,3614.713207,0.566,60.946
Ghana,GHA,2010,1339,370,31162,13292,5074,3651,5057,5541,20587,86073,3757.458926,0.574,61.1571
Ghana,GHA,2011,1397,385,32071,13882,5192,3758,5192,5616,19067,86560,4120.795406,0.585,61.6517
Ghana,GHA,2012,1454,397,32837,14332,5267,3844,5307,5645,17964,87047,4303.46166,0.592,62.0805
Ghana,GHA,2013,1512,408,33638,14777,5341,3942,5425,5669,17842,88554,4623.712983,0.6,62.4205
Ghana,GHA,2014,1563,415,34446,15345,5434,4072,5533,5741,17649,90198,4537.170026,0.6,63.0447
Ghana,GHA,2015,1631,430,35860,15954,5587,4226,5672,5798,17114,92272,4637.531298,0.607,63.1752
Ghana,GHA,2016,1702,441,36915,16726,5772,4389,5784,5926,16507,94162,4642.154745,0.611,63.8902
Ghana,GHA,2017,1786,457,37991,17471,5927,4521,5882,6113,15998,96146,4863.976199,0.616,64.0131
Ghana,GHA,2018,1863,473,38648,17900,6022,4575,5881,6078,15232,96672,5071.995858,0.62,64.122
Ghana,GHA,2019,1942,490,39650,18509,6173,4679,5938,6125,14621,98127,5307.445765,0.631,64.7401
Greece,GRC,1990,2520,686,45678,23726,1154,2948,2627,1748,37,81124,24528.83261,0.759,77.2959
Greece,GRC,1991,2620,704,46304,24536,1127,2986,2609,1756,38,82680,25174.74986,0.769,77.3694
Greece,GRC,1992,2722,724,47068,25363,1108,3049,2623,1778,63,84498,25173.1825,0.769,77.282
Greece,GRC,1993,2815,733,46931,25785,1025,3091,2611,1735,66,84792,24423.52532,0.769,77.654
Greece,GRC,1994,2915,746,47482,26304,960,3139,2634,1684,72,85936,24660.63167,0.774,77.8029
Greece,GRC,1995,3009,762,48195,26840,932,3120,2694,1630,64,87246,24930.50637,0.777,77.8214
Greece,GRC,1996,3093,773,48429,27285,920,3143,2739,1591,59,88032,25162.90375,0.782,77.9568
Greece,GRC,1997,3163,783,48387,27625,882,3081,2796,1534,37,88288,25963.03183,0.789,78.3187
Greece,GRC,1998,3234,806,49152,28280,860,3010,2888,1499,41,89770,26691.18888,0.799,78.2311
Greece,GRC,1999,3287,823,49462,28971,881,2995,3032,1477,33,90961,26931.16778,0.801,78.3498
Greece,GRC,2000,3330,838,49187,29421,904,2949,3210,1444,29,91312,28360.54842,0.81,78.3771
Greece,GRC,2001,3374,856,48892,29783,920,2901,3316,1409,18,91469,29416.54118,0.82,78.8359
Greece,GRC,2002,3407,882,48768,30000,969,2869,3399,1376,27,91697,30202.22156,0.83,78.9691
Greece,GRC,2003,3443,910,48605,30307,1028,2867,3493,1360,20,92033,31764.3232,0.835,79.0293
Greece,GRC,2004,3491,938,47801,30556,1101,2837,3623,1340,16,91703,33027.56012,0.843,79.2893
Greece,GRC,2005,3570,972,47038,30654,1159,2816,3850,1328,12,91399,33703.24653,0.855,79.5899
Greece,GRC,2006,3691,1016,46733,30777,1225,2812,4252,1315,10,91831,35015.78853,0.863,79.7073
Greece,GRC,2007,3866,1087,48050,31382,1300,2735,4845,1334,20,94619,35883.04843,0.858,79.612
Greece,GRC,2008,4050,1132,47016,31598,1291,2833,5018,1316,9,94263,35400.57145,0.863,80.049
Greece,GRC,2009,4270,1178,47236,31443,1278,2661,5487,1301,18,94872,34125.0631,0.866,80.2994
Greece,GRC,2010,4509,1220,47087,31350,1271,2699,5765,1277,20,95198,32426.75908,0.869,80.5102
Greece,GRC,2011,4795,1283,48147,31956,1299,2834,6056,1298,22,97690,28849.61236,0.865,80.5469
Greece,GRC,2012,5070,1346,49105,32636,1327,3059,6219,1310,37,100109,27795.0881,0.866,80.3409
Greece,GRC,2013,5308,1358,47887,32566,1318,3297,6035,1285,42,99096,27200.16825,0.871,80.9738
Greece,GRC,2014,5584,1383,47176,32688,1283,3844,5740,1274,50,99022,27850.41613,0.879,81.007
Greece,GRC,2015,5897,1428,48018,33165,1301,4243,5787,1280,47,101166,28208.72,0.88,80.6676
Greece,GRC,2016,6220,1458,48832,33581,1299,4445,5766,1284,30,102915,28194.52399,0.877,81.1617
Greece,GRC,2017,6488,1476,50809,33865,1301,4374,5933,1303,26,105575,28461.45581,0.88,80.8501
Greece,GRC,2018,6766,1536,54042,34702,1346,4532,6220,1342,24,110510,28566.21672,0.886,81.3907
Greece,GRC,2019,6996,1567,55921,35234,1366,4604,6399,1366,22,113475,29102.85675,0.889,81.2489
Grenada,GRD,1990,18,4,339,133,54,26,18,16,7,615,8146.417016,,70.6834
Grenada,GRD,1991,17,4,325,131,53,26,17,15,4,592,8494.559802,,70.9738
Grenada,GRD,1992,17,4,321,131,53,26,17,15,5,589,8456.85149,,71.291
Grenada,GRD,1993,17,4,319,130,54,26,17,15,6,588,8060.280186,,71.5761
Grenada,GRD,1994,17,4,304,127,54,25,17,15,7,570,8190.693035,,71.7856
Grenada,GRD,1995,16,3,288,124,54,24,16,15,7,547,8183.305168,,72.1095
Grenada,GRD,1996,16,3,267,123,56,24,16,14,8,527,8462.4886,,72.3312
Grenada,GRD,1997,16,3,256,121,54,24,15,14,7,510,8826.030278,,72.5677
Grenada,GRD,1998,16,3,247,122,54,25,16,14,8,505,9727.916118,,72.8047
Grenada,GRD,1999,16,4,246,129,55,27,17,15,8,517,10330.65765,,72.9026
Grenada,GRD,2000,16,4,242,132,57,28,17,15,8,519,10675.43562,,72.7829
Grenada,GRD,2001,16,4,237,135,59,30,18,15,9,523,10253.07688,,73.1181
Grenada,GRD,2002,16,4,236,139,59,31,18,15,9,527,10468.69717,0.739,73.167
Grenada,GRD,2003,16,4,232,140,61,31,18,15,9,526,11452.12124,0.747,73.1875
Grenada,GRD,2004,16,4,232,143,62,32,18,15,8,530,11050.78558,0.742,71.7876
Grenada,GRD,2005,16,4,230,143,63,33,18,15,7,529,13433.94524,0.763,73.5214
Grenada,GRD,2006,16,4,228,146,63,34,18,15,7,531,12855.43863,0.765,73.7004
Grenada,GRD,2007,16,4,228,149,65,35,18,15,7,537,13427.23027,0.773,74.3165
Grenada,GRD,2008,15,4,232,152,66,36,18,15,6,544,13555.53855,0.778,74.6558
Grenada,GRD,2009,15,4,235,155,67,37,18,15,6,552,12214.12381,0.777,75.0363
Grenada,GRD,2010,15,4,237,158,69,39,18,15,7,562,12502.10947,0.782,74.9988
Grenada,GRD,2011,15,4,237,160,68,40,18,15,6,563,12675.81463,0.786,75.2947
Grenada,GRD,2012,15,4,229,155,65,40,16,16,6,546,12426.59763,0.784,75.0416
Grenada,GRD,2013,15,4,234,159,66,42,17,16,6,559,12734.95982,0.787,75.1161
Grenada,GRD,2014,15,4,239,163,66,44,17,17,7,572,12844.95119,0.787,74.985
Grenada,GRD,2015,15,4,241,168,67,45,18,17,8,583,13219.27937,0.79,75.0125
Grenada,GRD,2016,16,4,257,177,71,48,19,18,6,616,13914.87047,0.791,74.7622
Grenada,GRD,2017,16,4,258,180,72,48,18,18,6,620,14465.19775,0.794,74.7652
Grenada,GRD,2018,16,5,261,184,74,49,19,18,6,632,14975.50952,0.797,74.8076
Grenada,GRD,2019,16,5,263,188,75,50,19,18,5,639,14983.78605,0.8,74.8632
Guatemala,GTM,1990,419,116,7296,3950,596,1141,1627,2346,248,17739,5418.05672,0.484,62.4728
Guatemala,GTM,1991,429,125,7858,4298,790,1223,1712,2582,274,19291,5550.418019,0.488,62.7252
Guatemala,GTM,1992,437,132,8268,4603,977,1306,1775,2741,290,20529,5654.359661,0.492,62.9135
Guatemala,GTM,1993,445,138,8566,4962,1150,1347,1800,2911,314,21633,5746.26574,0.497,63.3495
Guatemala,GTM,1994,452,140,8570,5284,1316,1339,1716,2927,321,22065,5832.859263,0.501,63.726
Guatemala,GTM,1995,456,135,7901,5191,1353,1237,1520,2668,348,20809,5967.310536,0.508,64.1954
Guatemala,GTM,1996,470,137,7684,5296,1435,1215,1418,2566,351,20572,5974.445322,0.516,64.8632
Guatemala,GTM,1997,494,148,8034,5781,1664,1298,1411,2687,417,21934,6096.628649,0.525,65.5357
Guatemala,GTM,1998,521,160,8327,6232,1885,1396,1392,2871,437,23221,6277.400761,0.534,66.1137
Guatemala,GTM,1999,548,164,8125,6485,2047,1433,1337,2929,511,23579,6354.995065,0.542,66.8686
Guatemala,GTM,2000,583,171,8101,6960,2264,1557,1280,3171,435,24522,6429.056878,0.55,67.4459
Guatemala,GTM,2001,625,181,8087,7307,2461,1697,1287,3344,485,25474,6466.899759,0.556,67.9464
Guatemala,GTM,2002,671,189,7997,7627,2702,1819,1274,3397,605,26281,6489.62095,0.561,68.3865
Guatemala,GTM,2003,724,197,8194,8032,2919,2000,1325,3538,656,27585,6518.684376,0.566,68.7969
Guatemala,GTM,2004,782,208,8503,8438,3188,2236,1383,3608,729,29075,6565.087753,0.571,69.1648
Guatemala,GTM,2005,841,220,8762,8717,3485,2463,1446,3624,868,30426,6637.018544,0.574,69.1675
Guatemala,GTM,2006,902,230,9098,9045,3733,2706,1500,3673,900,31787,6819.812353,0.581,69.8124
Guatemala,GTM,2007,968,238,9366,9183,3905,2940,1515,3663,845,32623,7094.537826,0.59,70.1002
Guatemala,GTM,2008,1037,249,9708,9355,4092,3276,1561,3706,845,33829,7251.743179,0.596,70.3556
Guatemala,GTM,2009,1111,264,10410,9732,4411,3659,1669,3900,795,35951,7124.626047,0.6,70.6414
Guatemala,GTM,2010,1181,277,11130,10103,4736,4091,1746,4105,708,38077,7154.329348,0.605,70.8783
Guatemala,GTM,2011,1252,289,11788,10344,4987,4425,1821,4283,699,39888,7297.912703,0.611,71.1769
Guatemala,GTM,2012,1327,299,12303,10519,5212,4732,1870,4409,627,41298,7437.35323,0.616,71.463
Guatemala,GTM,2013,1402,311,12837,10712,5465,5032,1950,4559,579,42847,7557.667802,0.62,71.728
Guatemala,GTM,2014,1477,323,13352,10939,5768,5291,2022,4748,637,44557,7734.793394,0.637,71.9638
Guatemala,GTM,2015,1554,335,13889,11211,6032,5497,2144,4970,570,46202,7932.534306,0.639,72.103
Guatemala,GTM,2016,1639,347,14386,11520,6244,5670,2251,5162,638,47857,8028.858895,0.639,72.3547
Guatemala,GTM,2017,1734,362,14776,11758,6344,5754,2341,5224,652,48945,8147.871684,0.64,72.5506
Guatemala,GTM,2018,1839,383,15251,12150,6476,5856,2423,5348,661,50387,8289.389866,0.64,72.7257
Guatemala,GTM,2019,1941,406,15882,12605,6671,6018,2529,5521,669,52242,8494.49306,0.642,73.1289
Guinea,GIN,1990,465,136,8441,4626,923,1245,2215,1686,251,19988,1403.242987,0.269,47.0044
Guinea,GIN,1991,478,139,8624,4777,963,1274,2232,1734,368,20589,1399.276669,0.274,47.5456
Guinea,GIN,1992,493,144,8852,4944,1011,1306,2253,1788,525,21316,1424.105518,0.282,48.3626
Guinea,GIN,1993,510,149,9085,5114,1062,1335,2268,1843,724,22090,1483.386551,0.289,48.9617
Guinea,GIN,1994,528,155,9384,5317,1126,1371,2294,1907,969,23051,1508.464125,0.295,49.1711
Guinea,GIN,1995,547,161,9626,5486,1183,1393,2299,1955,1267,23917,1537.814313,0.303,49.8658
Guinea,GIN,1996,568,167,9875,5653,1244,1414,2298,2003,1608,24830,1573.195988,0.31,50.544
Guinea,GIN,1997,590,174,10158,5831,1311,1438,2298,2055,1967,25822,1601.432364,0.321,51.3556
Guinea,GIN,1998,612,181,10504,6025,1384,1469,2313,2111,2354,26953,1625.763797,0.33,52.0487
Guinea,GIN,1999,633,189,10826,6192,1450,1490,2328,2145,2772,28025,1676.224533,0.339,52.3565
Guinea,GIN,2000,657,198,11087,6282,1498,1504,2343,2151,3194,28914,1682.898964,0.345,52.4794
Guinea,GIN,2001,677,207,11382,6414,1546,1532,2387,2189,3590,29924,1697.464723,0.352,52.6624
Guinea,GIN,2002,705,219,11729,6569,1601,1570,2444,2226,3948,31011,1786.187381,0.362,53.2782
Guinea,GIN,2003,725,226,11925,6684,1634,1596,2479,2252,4290,31811,1813.181261,0.37,53.6779
Guinea,GIN,2004,751,234,12250,6835,1674,1632,2537,2296,4608,32817,1811.611478,0.377,54.1165
Guinea,GIN,2005,777,242,12545,6960,1708,1652,2576,2325,4794,33579,1826.416143,0.387,54.6316
Guinea,GIN,2006,803,251,12935,7093,1752,1694,2634,2357,4749,34268,1760.550225,0.394,55.1082
Guinea,GIN,2007,814,254,13162,7191,1774,1716,2659,2365,4763,34698,1839.301032,0.402,55.5526
Guinea,GIN,2008,830,258,13358,7282,1789,1729,2672,2353,4796,35067,1866.20868,0.408,56.044
Guinea,GIN,2009,847,262,13634,7372,1818,1752,2700,2360,4581,35326,1784.393267,0.41,56.3481
Guinea,GIN,2010,863,266,13871,7522,1851,1791,2742,2378,4333,35617,1850.039797,0.415,56.7197
Guinea,GIN,2011,876,268,14022,7628,1875,1814,2764,2368,4249,35864,1894.945895,0.42,57.0191
Guinea,GIN,2012,885,269,14176,7750,1901,1832,2782,2364,4052,36011,1969.292299,0.425,57.4064
Guinea,GIN,2013,892,269,14307,7880,1928,1860,2812,2373,4021,36342,1933.790491,0.429,57.7906
Guinea,GIN,2014,897,267,14479,8028,1960,1896,2842,2394,4221,36984,1993.622758,0.435,57.8858
Guinea,GIN,2015,907,269,14680,8143,1986,1924,2860,2398,4363,37530,2053.403321,0.44,58.1336
Guinea,GIN,2016,910,266,14657,8211,1996,1932,2849,2401,4449,37671,2213.959111,0.45,58.7625
Guinea,GIN,2017,915,264,14614,8284,1997,1932,2828,2420,4381,37635,2405.948119,0.458,59.1093
Guinea,GIN,2018,924,265,14650,8402,2014,1943,2821,2411,4191,37621,2409.63997,0.462,59.3491
Guinea,GIN,2019,931,264,14547,8426,2009,1933,2787,2382,4037,37316,2437.027146,0.467,59.7199
Guinea-Bissau,GNB,1990,40,16,1418,574,164,214,370,299,55,3150,1692.466553,,47.084
Guinea-Bissau,GNB,1991,42,16,1426,578,168,216,364,301,85,3196,1664.252165,,47.4654
Guinea-Bissau,GNB,1992,43,16,1437,582,173,218,358,303,126,3256,1688.978553,,47.9205
Guinea-Bissau,GNB,1993,44,16,1447,587,178,220,351,305,181,3329,1680.351874,,48.2284
Guinea-Bissau,GNB,1994,45,16,1458,592,184,221,344,308,252,3420,1701.613348,,48.156
Guinea-Bissau,GNB,1995,46,17,1471,598,191,221,336,310,340,3530,1712.790366,,48.9516
Guinea-Bissau,GNB,1996,48,17,1487,603,197,222,328,312,444,3658,1745.878372,,49.0648
Guinea-Bissau,GNB,1997,49,17,1498,606,203,221,319,313,563,3789,1842.475209,,47.9974
Guinea-Bissau,GNB,1998,49,17,1521,611,209,221,313,315,693,3949,1480.393234,,47.7161
Guinea-Bissau,GNB,1999,50,17,1542,616,215,221,307,316,830,4114,1651.898817,,48.0061
Guinea-Bissau,GNB,2000,51,17,1566,626,220,224,307,320,970,4301,1667.731423,,50.1209
Guinea-Bissau,GNB,2001,52,18,1596,640,224,227,310,326,1105,4498,1652.037196,,50.445
Guinea-Bissau,GNB,2002,53,18,1636,659,231,232,315,335,1234,4713,1631.682203,,50.9855
Guinea-Bissau,GNB,2003,54,19,1672,677,238,237,319,343,1353,4912,1601.846567,,51.405
Guinea-Bissau,GNB,2004,55,19,1727,702,246,242,327,355,1460,5133,1614.032578,,52.1496
Guinea-Bissau,GNB,2005,56,20,1750,713,250,243,328,360,1549,5269,1644.346328,0.404,52.2492
Guinea-Bissau,GNB,2006,57,20,1787,731,255,246,333,368,1593,5390,1659.457793,0.417,53.3712
Guinea-Bissau,GNB,2007,58,21,1832,759,261,253,342,378,1582,5486,1679.535894,0.424,54.155
Guinea-Bissau,GNB,2008,60,21,1866,775,266,255,346,382,1526,5497,1672.09885,0.429,54.6462
Guinea-Bissau,GNB,2009,61,22,1903,792,271,258,350,387,1482,5526,1692.404521,0.436,55.5415
Guinea-Bissau,GNB,2010,62,23,1930,808,275,261,353,392,1463,5567,1738.971444,0.443,56.2295
Guinea-Bissau,GNB,2011,64,23,1957,824,280,263,356,398,1407,5572,1850.401518,0.452,56.9667
Guinea-Bissau,GNB,2012,65,24,1987,838,285,264,359,404,1317,5543,1769.702341,0.456,57.6901
Guinea-Bissau,GNB,2013,67,24,2018,860,290,268,364,412,1269,5572,1736.28375,0.46,58.2324
Guinea-Bissau,GNB,2014,68,25,2055,881,295,273,370,420,1255,5642,1803.191952,0.466,58.6096
Guinea-Bissau,GNB,2015,70,25,2100,900,301,278,374,427,1219,5694,1847.650997,0.472,59.1282
Guinea-Bissau,GNB,2016,72,26,2135,925,307,284,379,435,1136,5699,1916.35772,0.478,59.6739
Guinea-Bissau,GNB,2017,74,26,2166,944,312,287,382,443,1083,5717,1929.166846,0.481,60.0665
Guinea-Bissau,GNB,2018,76,27,2183,956,316,289,383,444,1048,5722,1830.731741,0.482,60.5016
Guinea-Bissau,GNB,2019,79,28,2214,976,322,293,386,449,1003,5750,1980.343423,0.49,60.8818
Guyana,GUY,1990,45,15,2326,513,311,112,90,218,87,3717,2049.159711,0.509,62.4149
Guyana,GUY,1991,45,14,2193,493,307,107,86,205,61,3511,1821.360115,0.505,62.6219
Guyana,GUY,1992,46,14,2112,483,309,105,86,197,73,3425,2246.622794,0.52,62.787
Guyana,GUY,1993,47,15,2207,505,336,112,91,201,125,3639,2734.555406,0.534,63.1518
Guyana,GUY,1994,47,15,2155,496,338,110,90,199,153,3603,3131.353857,0.544,63.3717
Guyana,GUY,1995,46,16,2144,504,357,115,92,203,179,3656,3330.745028,0.549,63.1358
Guyana,GUY,1996,46,16,2127,528,389,120,95,211,253,3785,3864.139763,0.559,63.2051
Guyana,GUY,1997,46,16,2050,525,398,122,94,207,195,3653,4012.612071,0.564,63.3564
Guyana,GUY,1998,47,16,1979,534,410,125,94,202,212,3619,4052.94473,0.569,63.8996
Guyana,GUY,1999,48,16,1843,545,424,129,90,195,248,3538,4102.801767,0.573,64.1698
Guyana,GUY,2000,51,17,1868,604,486,146,91,170,302,3735,4151.402418,0.577,64.4833
Guyana,GUY,2001,51,17,1897,588,477,150,94,192,400,3866,4564.201948,0.584,64.7882
Guyana,GUY,2002,51,18,1949,596,493,156,96,207,411,3977,4987.266603,0.59,64.7275
Guyana,GUY,2003,52,18,1978,596,493,161,96,211,362,3967,5458.352277,0.598,64.6003
Guyana,GUY,2004,52,19,2005,601,501,169,98,217,337,3999,6225.135326,0.612,64.9305
Guyana,GUY,2005,53,19,1991,604,500,177,97,218,315,3974,6726.510578,0.622,65.132
Guyana,GUY,2006,54,19,1973,605,492,183,96,216,285,3923,7629.170601,0.631,65.6666
Guyana,GUY,2007,56,19,2029,622,495,192,98,215,266,3992,8257.19914,0.638,66.2535
Guyana,GUY,2008,59,20,2070,634,496,202,99,218,234,4032,8508.905182,0.644,66.288
Guyana,GUY,2009,61,20,2078,634,482,210,100,216,212,4013,8799.797611,0.649,66.5625
Guyana,GUY,2010,64,21,2131,655,491,230,103,227,204,4126,9271.363136,0.656,66.743
Guyana,GUY,2011,66,21,2150,665,488,245,103,228,218,4184,9630.015485,0.665,66.9818
Guyana,GUY,2012,69,22,2204,684,488,263,107,234,227,4298,10125.12291,0.669,67.2298
Guyana,GUY,2013,71,23,2221,693,487,271,111,231,198,4306,10345.83647,0.673,67.4727
Guyana,GUY,2014,73,23,2281,717,501,282,114,243,198,4432,11062.1673,0.681,67.8818
Guyana,GUY,2015,74,23,2292,722,511,276,113,242,193,4446,10987.05531,0.684,68.2015
Guyana,GUY,2016,76,24,2322,734,522,276,114,243,189,4500,11727.25724,0.691,68.384
Guyana,GUY,2017,77,24,2362,749,537,279,116,245,188,4577,11976.38567,0.695,68.6668
Guyana,GUY,2018,78,25,2404,767,554,283,117,249,185,4662,12575.03496,0.701,68.8959
Guyana,GUY,2019,79,25,2430,780,567,285,119,251,181,4717,13600.32652,0.708,69.1239
Haiti,HTI,1990,280,128,16501,5836,2628,1177,2420,1474,2922,33366,3527.984246,0.429,52.9753
Haiti,HTI,1991,289,130,16419,5824,2610,1167,2392,1459,4232,34522,3525.466534,0.433,53.3907
Haiti,HTI,1992,300,133,16594,5931,2637,1183,2415,1475,5711,36379,3273.608006,0.435,53.842
Haiti,HTI,1993,311,136,16754,6008,2666,1194,2427,1481,7260,38237,3036.434252,0.436,54.3505
Haiti,HTI,1994,321,138,16809,6054,2687,1200,2427,1479,8771,39886,2631.702383,0.434,54.653
Haiti,HTI,1995,333,142,16874,6111,2694,1213,2439,1483,10146,41435,2846.641271,0.444,55.5471
Haiti,HTI,1996,345,144,16775,6106,2690,1209,2426,1467,11329,42491,2915.655711,0.45,56.1543
Haiti,HTI,1997,360,148,16936,6206,2728,1230,2456,1479,12294,43837,2938.367002,0.455,56.5164
Haiti,HTI,1998,373,151,16802,6153,2721,1222,2427,1448,13065,44362,2946.763714,0.46,57.1349
Haiti,HTI,1999,389,156,17085,6302,2791,1262,2475,1461,13637,45558,2970.778184,0.466,57.9606
Haiti,HTI,2000,405,163,17387,6444,2852,1304,2514,1474,14037,46580,2938.848282,0.47,58.3652
Haiti,HTI,2001,422,169,17805,6651,2928,1366,2571,1506,14247,47665,2879.051184,0.472,58.4886
Haiti,HTI,2002,440,175,18159,6820,2988,1417,2613,1529,14294,48435,2858.829065,0.476,58.8545
Haiti,HTI,2003,458,182,18650,7041,3077,1480,2674,1568,14241,49371,2908.172991,0.482,59.5065
Haiti,HTI,2004,475,188,19171,7277,3172,1547,2742,1612,14088,50272,2825.643908,0.479,58.4755
Haiti,HTI,2005,493,195,19662,7484,3259,1607,2800,1643,13614,50757,2857.074515,0.49,60.4153
Haiti,HTI,2006,510,202,20115,7675,3311,1660,2856,1673,12735,50737,2878.092123,0.494,60.7632
Haiti,HTI,2007,531,209,20619,7892,3368,1717,2923,1709,11811,50779,2963.849825,0.499,61.103
Haiti,HTI,2008,549,215,21069,8072,3414,1768,2981,1733,10993,50794,2995.821243,0.503,61.3322
Haiti,HTI,2009,567,221,21515,8256,3462,1820,3031,1754,10472,51098,3125.148813,0.508,61.7409
Haiti,HTI,2010,574,222,21647,8318,3467,1848,3038,1752,10370,51236,2905.829348,0.433,46.0185
Haiti,HTI,2011,586,225,22077,8491,3545,1903,3060,1774,10128,51789,3011.380271,0.512,61.6227
Haiti,HTI,2012,607,232,22631,8736,3630,1969,3132,1816,9486,52239,2985.249076,0.517,62.2915
Haiti,HTI,2013,628,237,23152,8996,3710,2034,3193,1866,8893,52709,3063.860351,0.521,62.6047
Haiti,HTI,2014,648,243,23691,9244,3791,2091,3234,1916,8477,53335,3076.331787,0.525,62.9875
Haiti,HTI,2015,671,249,24296,9507,3878,2152,3285,1967,8082,54087,3110.377887,0.529,63.2372
Haiti,HTI,2016,694,254,24801,9739,3952,2203,3321,2016,7243,54223,3126.953431,0.532,63.3922
Haiti,HTI,2017,718,261,25322,9980,4033,2253,3352,2066,6279,54264,3165.56974,0.539,63.8538
Haiti,HTI,2018,743,269,25921,10254,4140,2314,3391,2110,5930,55072,3174.807694,0.541,64.0188
Haiti,HTI,2019,767,276,26468,10517,4245,2371,3420,2151,5908,56123,3083.646932,0.543,64.2546
Honduras,HND,1990,335,86,4455,2208,273,564,1274,1125,78,10398,3769.440986,0.516,65.2428
Honduras,HND,1991,354,89,4532,2252,278,580,1293,1146,94,10618,3517.44538,0.517,65.7522
Honduras,HND,1992,383,97,4902,2412,305,633,1366,1207,110,11415,3602.795533,0.521,65.9909
Honduras,HND,1993,405,101,5011,2472,312,653,1393,1234,125,11706,3809.280026,0.527,66.2507
Honduras,HND,1994,428,107,5159,2542,321,679,1427,1267,139,12069,3702.407233,0.53,66.5743
Honduras,HND,1995,462,120,5819,2790,365,771,1568,1363,153,13411,3812.828005,0.536,67.139
Honduras,HND,1996,482,133,6355,2953,394,846,1687,1429,167,14446,3778.44985,0.539,67.4389
Honduras,HND,1997,491,137,6500,3054,408,900,1717,1461,179,14847,3891.461586,0.544,67.7772
Honduras,HND,1998,499,140,6640,3158,422,961,1749,1490,191,15250,3933.394637,0.527,62.7208
Honduras,HND,1999,510,144,6807,3273,434,1031,1795,1529,202,15725,3825.036517,0.55,68.4216
Honduras,HND,2000,525,149,6998,3379,448,1104,1846,1562,213,16224,3970.607254,0.556,68.6618
Honduras,HND,2001,542,155,7224,3517,470,1180,1892,1603,224,16807,3961.170386,0.559,69.0061
Honduras,HND,2002,559,162,7463,3670,496,1286,1939,1644,235,17454,3989.187498,0.563,69.3664
Honduras,HND,2003,577,169,7712,3840,524,1399,1991,1690,228,18130,4042.116288,0.567,69.5071
Honduras,HND,2004,599,177,7997,4009,551,1486,2050,1740,150,18759,4164.535959,0.572,69.7957
Honduras,HND,2005,621,184,8247,4162,572,1560,2108,1789,96,19339,4333.784928,0.577,70.1041
Honduras,HND,2006,648,194,8529,4331,595,1638,2173,1845,82,20035,4505.965646,0.581,70.2608
Honduras,HND,2007,675,204,8836,4509,620,1719,2244,1904,79,20790,4754.557467,0.586,70.3765
Honduras,HND,2008,704,218,9275,4735,652,1822,2347,1980,77,21810,4867.221752,0.591,70.4414
Honduras,HND,2009,736,237,9845,4999,693,1943,2480,2072,79,23084,4688.06038,0.594,70.9113
Honduras,HND,2010,768,260,10559,5311,743,2093,2646,2189,79,24648,4647.567903,0.597,71.0884
Honduras,HND,2011,800,293,11617,5749,815,2302,2889,2340,80,26885,4697.331439,0.6,71.4386
Honduras,HND,2012,825,334,12737,6286,903,2556,3163,2530,81,29415,4729.263681,0.599,71.7344
Honduras,HND,2013,847,343,13056,6492,933,2647,3224,2595,82,30219,4777.746731,0.603,71.9629
Honduras,HND,2014,875,352,13310,6689,963,2736,3274,2652,82,30933,4783.560934,0.606,72.2594
Honduras,HND,2015,903,360,13586,6879,991,2819,3316,2704,82,31640,4927.099416,0.613,72.4871
Honduras,HND,2016,935,369,13893,7092,1021,2907,3369,2771,83,32440,5020.829616,0.618,72.5878
Honduras,HND,2017,973,379,14242,7307,1052,2990,3418,2844,85,33290,5221.810955,0.617,72.6918
Honduras,HND,2018,1015,390,14619,7532,1089,3078,3475,2901,89,34188,5248.923663,0.617,72.8141
Honduras,HND,2019,1058,401,15015,7743,1127,3163,3536,2952,91,35086,5316.509508,0.632,72.8811
Hungary,HUN,1990,2390,607,71986,31280,1866,785,5385,5951,165,120415,18323.85726,0.72,69.3715
Hungary,HUN,1991,2446,605,71311,31433,1826,750,5287,6324,207,120189,15902.7879,0.715,69.4407
Hungary,HUN,1992,2498,619,73052,32909,1864,757,5426,7202,217,124544,15530.03207,0.714,69.1671
Hungary,HUN,1993,2556,622,73185,33455,1863,747,5398,7765,275,125866,15918.77751,0.722,69.1803
Hungary,HUN,1994,2605,613,71259,33370,1828,715,5233,7915,239,123777,16323.53699,0.731,69.6044
Hungary,HUN,1995,2682,622,70774,33647,1824,718,5088,7847,242,123444,16323.3956,0.735,69.9689
Hungary,HUN,1996,2725,616,68068,32860,1756,706,4759,7214,208,118912,16326.4876,0.741,70.5973
Hungary,HUN,1997,2760,626,67646,33325,1810,719,4582,7093,192,118753,16600.35791,0.749,71.0035
Hungary,HUN,1998,2809,643,68265,34412,1912,754,4516,7241,176,120728,17275.91526,0.756,70.9185
Hungary,HUN,1999,2849,657,68110,35153,2001,791,4490,7155,175,121381,17805.53606,0.763,71.04
Hungary,HUN,2000,2928,647,64750,34527,1970,802,4203,6588,157,116572,18526.67396,0.773,71.7579
Hungary,HUN,2001,2990,649,62846,34712,1953,822,4061,6170,131,114334,19431.06481,0.782,72.3942
Hungary,HUN,2002,3045,664,62901,35369,2123,880,4165,5999,122,115268,20656.23898,0.791,72.5074
Hungary,HUN,2003,3109,686,63277,36101,2293,946,4378,5898,107,116795,21580.32163,0.798,72.5137
Hungary,HUN,2004,3163,699,62352,35952,2370,984,4505,5660,111,115796,22622.09695,0.801,72.906
Hungary,HUN,2005,3287,732,63351,36538,2588,1086,4884,5592,94,118152,23355.02461,0.806,72.8648
Hungary,HUN,2006,3393,739,61740,36166,2579,1157,5014,5359,85,116232,24094.02194,0.814,73.3444
Hungary,HUN,2007,3491,769,62201,36688,2618,1253,5244,5278,84,117626,23921.45917,0.817,73.4316
Hungary,HUN,2008,3575,771,60527,36025,2516,1304,5222,4924,60,114924,24289.06445,0.823,73.9576
Hungary,HUN,2009,3671,797,61143,36192,2490,1414,5375,4756,73,115911,23379.07569,0.825,74.1794
Hungary,HUN,2010,3792,811,60907,35779,2420,1503,5425,4434,67,115138,23597.39481,0.828,74.5192
Hungary,HUN,2011,3924,826,60769,35470,2372,1575,5525,4156,65,114682,23814.05863,0.83,74.9232
Hungary,HUN,2012,4047,842,60657,34861,2347,1635,5650,3946,59,114044,23596.14241,0.831,75.1808
Hungary,HUN,2013,4159,846,59632,33888,2278,1666,5667,3671,34,111841,24483.8189,0.84,75.6809
Hungary,HUN,2014,4281,866,60026,34052,2304,1728,5815,3614,48,112734,25259.66574,0.838,75.8474
Hungary,HUN,2015,4432,898,61730,34557,2407,1809,6037,3621,34,115525,26281.74257,0.838,75.6517
Hungary,HUN,2016,4538,891,60133,33971,2410,1806,5987,3485,32,113253,27615.68144,0.843,76.1552
Hungary,HUN,2017,4663,917,61561,34277,2513,1863,6120,3497,38,115449,28307.73017,0.845,76.0055
Hungary,HUN,2018,4771,935,62751,34832,2545,1859,6113,3569,38,117413,29638.3262,0.849,76.2039
Hungary,HUN,2019,4850,927,61818,34293,2497,1821,5936,3511,37,115690,31464.44259,0.853,76.4543
Iceland,ISL,1990,65,17,760,439,16,13,70,13,2,1395,31635.6394,0.811,78.1628
Iceland,ISL,1991,66,17,765,448,16,13,71,13,2,1411,31478.09325,0.822,77.8361
Iceland,ISL,1992,68,18,768,456,17,13,73,13,3,1429,30241.17063,0.828,78.6183
Iceland,ISL,1993,69,18,768,463,17,13,74,13,3,1438,30291.10844,0.829,78.7296
Iceland,ISL,1994,71,19,777,473,17,14,76,13,4,1464,30878.68035,0.835,79.166
Iceland,ISL,1995,72,19,780,486,18,14,79,14,4,1486,30593.43829,0.833,78.2237
Iceland,ISL,1996,73,20,774,496,19,15,81,14,3,1495,31812.5681,0.838,78.6165
Iceland,ISL,1997,75,21,768,502,19,15,82,14,2,1498,33357.35116,0.849,78.9938
Iceland,ISL,1998,76,21,757,506,19,16,83,14,2,1494,35512.38364,0.86,79.4529
Iceland,ISL,1999,78,21,735,503,19,16,82,14,2,1470,36702.40516,0.862,79.2297
Iceland,ISL,2000,80,21,710,502,19,16,81,14,2,1445,37875.68092,0.871,79.8915
Iceland,ISL,2001,82,22,709,511,19,17,81,14,1,1456,39049.60374,0.879,80.7039
Iceland,ISL,2002,84,24,710,523,20,18,84,14,1,1478,40037.53056,0.886,80.5426
Iceland,ISL,2003,86,24,698,527,20,19,84,14,1,1473,39998.40633,0.891,80.7763
Iceland,ISL,2004,90,25,689,534,20,20,84,14,1,1477,41483.87127,0.895,80.9788
Iceland,ISL,2005,92,26,684,546,20,21,87,14,1,1491,43631.89546,0.901,81.2416
Iceland,ISL,2006,95,27,690,561,21,22,88,15,1,1520,44678.11201,0.903,81.2385
Iceland,ISL,2007,99,29,688,573,21,23,91,15,1,1540,48221.43966,0.909,81.3511
Iceland,ISL,2008,102,29,677,578,21,24,91,15,1,1538,40795.06391,0.902,81.3883
Iceland,ISL,2009,106,30,676,588,21,25,92,15,1,1554,37970.82214,0.9,81.5565
Iceland,ISL,2010,109,31,669,594,21,26,93,15,1,1559,37384.16258,0.902,81.7003
Iceland,ISL,2011,113,32,673,600,21,27,95,15,1,1577,39273.83731,0.912,82.178
Iceland,ISL,2012,118,33,681,609,22,28,97,15,1,1604,40751.37618,0.921,82.5564
Iceland,ISL,2013,123,33,678,611,22,29,98,15,1,1610,46066.78901,0.929,81.9289
Iceland,ISL,2014,127,32,659,594,21,29,96,15,1,1574,46529.7034,0.938,82.6133
Iceland,ISL,2015,131,33,671,605,22,30,99,16,1,1608,48904.51421,0.945,82.3508
Iceland,ISL,2016,136,34,678,617,23,31,102,16,1,1638,52768.75433,0.948,82.03
Iceland,ISL,2017,142,35,688,625,24,32,107,16,1,1670,53923.22172,0.954,82.5352
Iceland,ISL,2018,146,36,701,636,26,33,110,17,1,1706,56492.26004,0.959,82.7703
Iceland,ISL,2019,151,37,724,654,26,33,111,17,1,1754,58055.06597,0.96,82.4042
India,IND,2007,53407,26269,1812605,601219,171589,163299,875894,230556,163270,4098108,3646.928626,0.553,65.7884
India,IND,2008,56488,27779,1897232,625818,179626,168171,913387,238390,155231,4262122,3698.175689,0.56,66.149
India,IND,2009,59418,27243,1898640,634222,177064,165221,890411,236152,142325,4230696,3933.116277,0.565,66.5132
India,IND,2012,75330,30619,2119847,707505,207229,178139,958036,247920,101377,4626002,4529.016173,0.598,67.8872
India,IND,2013,84796,34226,2200623,739345,218827,185457,1013921,246916,91805,4815916,4758.303085,0.607,68.4598
India,IND,2015,98764,37450,2289079,801613,235067,195704,1065412,247930,66792,5037811,5401.490996,0.629,69.6363
India,IND,1990,24195,13419,1201775,376687,78789,92805,601995,144247,1138,2535050,1790.407349,0.434,58.6516
India,IND,1991,24862,14011,1243951,387105,82661,97100,621913,146547,1707,2619857,1768.858819,0.437,59.0547
India,IND,1992,25353,14394,1273738,395789,85848,100695,635103,147875,3045,2681840,1828.853344,0.442,59.4524
India,IND,1993,26306,14824,1289988,406002,88235,102753,642943,152524,5703,2729278,1880.994675,0.446,59.8152
India,IND,1994,27469,15174,1307746,417586,90876,105096,648031,157804,10143,2779925,1969.856125,0.452,60.2158
India,IND,1995,28678,15489,1316260,423498,92749,106774,650000,160463,16865,2810776,2082.000116,0.458,60.5962
India,IND,1996,30275,16385,1374290,442878,99306,112643,672752,167233,26565,2942327,2201.077996,0.466,60.9841
India,IND,1997,32050,17949,1483173,473691,110562,123291,721528,178190,39446,3179880,2249.544553,0.471,61.3876
India,IND,1998,33498,18778,1518213,486666,117335,128993,740139,183316,56161,3283099,2345.162554,0.478,61.7919
India,IND,1999,34704,18778,1502751,489035,119235,131258,731638,186860,75568,3289827,2509.046377,0.486,62.2069
India,IND,2000,36351,19608,1529224,499674,125786,136509,746714,191793,95403,3381062,2552.804903,0.491,62.6693
India,IND,2001,38442,20880,1577661,515066,133798,141266,773353,198315,114384,3513165,2634.934649,0.496,63.0913
India,IND,2002,40483,21757,1610122,526889,140069,144579,789003,203489,131675,3608066,2694.230739,0.503,63.616
India,IND,2003,42257,21911,1601208,529603,142991,145495,786436,205656,144856,3620413,2856.486272,0.516,64.0942
India,IND,2004,44336,21480,1550655,525969,141777,143931,759948,206188,158574,3552858,3034.450608,0.525,64.5244
India,IND,2005,47478,23093,1621446,551872,151722,151602,793382,215875,164997,3721467,3222.757097,0.534,64.9955
India,IND,2006,50576,24911,1723531,576557,162694,157858,839788,222996,167727,3926638,3426.91817,0.543,65.4123
India,IND,2010,62664,27110,1942316,657124,178992,166916,890151,240822,127159,4293254,4189.433074,0.575,66.9086
India,IND,2011,67634,28597,2033996,684892,191360,173423,925689,247592,113454,4466637,4361.090551,0.588,67.359
India,IND,2014,92895,36704,2232102,760977,226879,188804,1047340,241427,79395,4906523,5056.665926,0.619,69.0736
India,IND,2016,105315,38673,2350151,833843,242916,201902,1078119,253011,57316,5161246,5732.913931,0.639,70.1167
India,IND,2017,112741,40466,2409773,860385,250293,207357,1103683,259348,49562,5293608,6116.059654,0.644,70.4672
India,IND,2018,121785,43550,2508204,898606,263805,216209,1147884,265438,46433,5511914,6449.18609,0.645,70.7095
India,IND,2019,129011,45305,2574410,932587,273089,222922,1168381,270037,46298,5662040,6650.054097,0.645,70.9098
Indonesia,IDN,2007,17364,5285,484163,164406,63071,34407,93117,79592,2791,944196,7022.246232,0.643,68.1893
Indonesia,IDN,2008,17867,5476,500374,168946,67098,35225,93640,80826,2882,972334,7389.49286,0.646,68.2261
Indonesia,IDN,2009,18357,5649,514806,173532,70947,35997,94419,81959,3095,998761,7633.704258,0.657,68.4936
Indonesia,IDN,2013,20365,6392,573039,193469,87432,37624,95674,84230,4852,1103077,9171.014234,0.683,69.2641
Indonesia,IDN,2015,21485,6737,603096,202962,95843,38126,96559,83201,5316,1153325,9815.404496,0.695,69.6989
Indonesia,IDN,2016,22082,6970,614602,209282,99125,39406,97605,84434,5340,1178846,10197.40112,0.699,69.7976
Indonesia,IDN,1990,9425,2481,278302,95636,33219,22381,65596,57983,12,565035,4202.15015,0.526,63.1807
Indonesia,IDN,1991,9809,2585,285751,98800,34236,22809,66641,59154,74,579859,4507.435038,0.532,63.5371
Indonesia,IDN,1992,10237,2715,294517,102344,35409,23412,67974,60481,150,597239,4747.871447,0.54,64.1264
Indonesia,IDN,1993,10664,2854,303860,105995,36774,24052,69200,61787,231,615417,5042.223856,0.548,64.5981
Indonesia,IDN,1994,11101,2993,312544,109559,38085,24677,70252,62979,333,632523,5398.846884,0.558,64.8562
Indonesia,IDN,1995,11539,3138,321557,113315,39462,25314,71351,64200,448,650324,5737.73195,0.569,65.2375
Indonesia,IDN,1996,11965,3289,331193,117565,40887,26018,72581,65412,574,669484,6110.92098,0.578,65.355
Indonesia,IDN,1997,12438,3467,342414,121912,42444,26855,74236,66559,709,691034,6290.178289,0.589,65.7331
Indonesia,IDN,1998,12868,3635,354220,126010,43955,27770,76195,67786,851,713290,5237.048564,0.585,65.9621
Indonesia,IDN,1999,13307,3801,366292,130040,45487,28605,78156,69020,999,735707,5117.711404,0.59,66.2206
Indonesia,IDN,2000,13792,3970,380554,134197,47437,29306,79733,70431,1155,760575,5314.879695,0.595,66.4334
Indonesia,IDN,2001,14247,4117,394941,137844,49303,29721,80882,71724,1322,784101,5603.790294,0.604,66.7577
Indonesia,IDN,2002,14788,4291,410020,141586,51325,30449,82569,73119,1514,809661,5819.946749,0.612,67.1336
Indonesia,IDN,2003,15328,4473,424879,145558,53388,31235,84554,74530,1748,835693,5963.605679,0.621,67.4126
Indonesia,IDN,2004,15853,4669,440056,149842,55513,31985,86617,76033,2029,862597,6132.296838,0.619,65.7503
Indonesia,IDN,2005,16343,4877,455437,154637,57761,32728,88816,77582,2355,890536,6376.755224,0.632,67.6492
Indonesia,IDN,2006,16797,5076,469704,159526,60342,33682,91020,78813,2686,917646,6680.941428,0.639,67.9144
Indonesia,IDN,2010,18800,5819,527322,177788,74734,36670,95050,82784,3499,1022466,8058.514219,0.664,68.6793
Indonesia,IDN,2011,19291,6032,540490,183379,79023,37234,96427,84078,4032,1049986,8430.620607,0.671,68.8228
Indonesia,IDN,2012,19831,6220,558106,188339,82939,37317,96052,83990,4512,1077306,8819.450844,0.678,68.973
Indonesia,IDN,2014,20922,6564,587184,198139,91872,37822,95111,84378,5164,1127156,9472.816898,0.687,69.5333
Indonesia,IDN,2017,22729,7168,626883,215810,101261,40286,98705,86215,5290,1204347,10589.12645,0.704,69.9356
Indonesia,IDN,2018,23591,7393,639224,222732,103844,41234,99795,87438,5415,1230666,11030.26908,0.71,70.3375
Indonesia,IDN,2019,24381,7616,651481,229524,106333,42131,100930,88670,5603,1256669,11453.54855,0.716,70.5184
Iran,IRN,2007,7368,1750,135804,41218,7257,8421,12576,5609,436,220439,13365.68311,0.733,72.772
Iran,IRN,2008,7847,1825,136647,42918,7677,8666,12817,5675,472,224544,13260.29381,0.735,72.6244
Iran,IRN,2009,8405,1918,138683,44685,8152,8905,13147,5692,509,230096,13199.8971,0.738,72.6979
Iran,IRN,2010,8959,2027,140466,46722,8671,9280,13549,5751,566,235991,13812.72186,0.745,73.0691
Iran,IRN,2011,9493,2115,141549,48991,9022,9604,13881,5877,646,241178,14011.26821,0.754,73.6786
Iran,IRN,2012,10043,2195,143509,51230,9646,9747,14236,5947,718,247271,12896.64969,0.768,74.186
Iran,IRN,2013,10647,2319,147346,53763,10783,10008,14757,5975,779,256377,12711.73086,0.769,74.4493
Iran,IRN,2014,11233,2440,151443,56475,11863,10416,15217,6069,835,265991,13078.65731,0.773,74.7825
Iran,IRN,2015,11844,2582,157398,59217,12976,11052,15706,6188,887,277850,12730.15472,0.776,75.1239
Iran,IRN,2016,12391,2674,161815,61079,13660,11502,15999,6303,945,286368,14245.07437,0.786,75.6
Iran,IRN,1990,2886,643,89211,26647,2765,5268,8207,3999,38,139664,8631.088966,0.601,64.3665
Iran,IRN,1991,2946,671,90761,27115,2881,5381,8321,3953,44,142073,9496.163999,0.62,66.4589
Iran,IRN,1992,3023,705,92769,27599,3002,5487,8484,3915,50,145034,9575.856149,0.627,66.7765
Iran,IRN,1993,3125,747,94931,28131,3153,5614,8602,3897,57,148257,9519.871916,0.634,67.139
Iran,IRN,1994,3251,792,97738,28677,3292,5781,8814,3896,64,152305,9210.350609,0.64,67.4684
Iran,IRN,1995,3408,846,100689,29282,3456,5972,9007,3934,72,156666,9287.944362,0.647,67.7846
Iran,IRN,1996,3598,909,103886,29918,3628,6167,9143,3972,81,161302,9640.168291,0.655,68.0696
Iran,IRN,1997,3813,971,107615,30500,3785,6376,9353,4012,93,166518,9576.532898,0.662,68.359
Iran,IRN,1998,4048,1034,111399,31120,3930,6590,9611,4107,108,171947,9667.874268,0.669,68.73
Iran,IRN,1999,4301,1093,115548,31651,4051,6796,9906,4188,129,177663,9656.20872,0.677,69.2974
Iran,IRN,2000,4618,1171,119475,32533,4266,6975,10126,4332,155,183651,10084.59493,0.685,69.6909
Iran,IRN,2001,4959,1254,123204,33650,4487,7121,10350,4494,185,189704,10049.84769,0.693,69.9546
Iran,IRN,2002,5292,1335,126847,34545,4749,7300,10753,4650,222,195693,10653.83239,0.701,70.4454
Iran,IRN,2003,5636,1416,129809,35553,5086,7493,11191,4833,264,201281,11429.75163,0.704,69.8231
Iran,IRN,2004,6018,1497,131690,36771,5727,7744,11635,5208,313,206603,11751.33786,0.712,71.3703
Iran,IRN,2005,6457,1587,133353,38266,6269,7949,11937,5400,357,211575,11981.71511,0.717,71.8384
Iran,IRN,2006,6914,1674,135005,39845,6802,8199,12288,5535,397,216659,12465.95662,0.727,72.2761
Iran,IRN,2017,12908,2734,166375,62872,13912,11820,16332,6476,1011,294440,14562.92467,0.789,75.9712
Iran,IRN,2018,13404,2777,169009,64696,14285,12125,16503,6635,1085,300519,13536.54586,0.787,76.195
Iran,IRN,2019,13910,2848,173601,66792,14738,12546,16835,6832,1177,309279,12401.10769,0.783,76.1031
Iraq,IRQ,2007,2130,485,56755,13553,6063,5270,2842,2136,58,89292,7417.404968,0.607,63.5527
Iraq,IRQ,2008,2194,506,58827,14437,6301,5433,2924,2229,62,92913,8417.922987,0.623,64.9421
Iraq,IRQ,2009,2263,528,60270,14879,6366,5581,2892,2291,64,95134,8481.946329,0.633,66.4457
Iraq,IRQ,2010,2328,548,61448,15789,6438,5733,2859,2359,68,97570,8679.985923,0.64,67.0622
Iraq,IRQ,2011,2412,568,62570,16756,6572,5870,2835,2414,76,100073,8922.675892,0.649,67.659
Iraq,IRQ,2012,2493,589,63548,17908,6697,5996,2802,2431,81,102545,9860.994781,0.66,68.0232
Iraq,IRQ,2013,2579,616,64463,19164,6865,6184,2780,2442,84,105177,10104.78849,0.667,68.2534
Iraq,IRQ,2014,2676,643,65672,20123,7174,6430,2803,2436,85,108042,9743.876802,0.67,68.9136
Iraq,IRQ,2015,2763,663,67627,20714,7476,6619,2847,2437,84,111230,9859.834601,0.675,69.4403
Iraq,IRQ,2016,2872,688,69311,21435,7823,6824,2905,2459,83,114400,10906.04372,0.679,68.9878
Iraq,IRQ,1990,1382,279,37179,7968,3744,3463,2101,1490,6,57612,7251.989012,0.528,58.4355
Iraq,IRQ,1991,1411,285,38305,8247,3833,3536,2178,1542,8,59345,2393.855928,0.496,62.519
Iraq,IRQ,1992,1450,299,40159,8613,3977,3650,2282,1611,9,62050,2970.509078,0.524,66.7077
Iraq,IRQ,1993,1481,311,41724,8900,4092,3751,2373,1659,11,64302,4285.113096,0.545,66.8969
Iraq,IRQ,1994,1511,317,42518,9112,4145,3796,2427,1693,13,65532,3962.587742,0.543,66.7442
Iraq,IRQ,1995,1551,330,44114,9413,4266,3895,2514,1747,15,67845,3144.237702,0.532,66.4641
Iraq,IRQ,1996,1595,343,45610,9738,4422,4010,2595,1804,17,70134,4567.208649,0.551,66.3907
Iraq,IRQ,1997,1640,357,46952,10027,4559,4105,2661,1844,20,72165,5366.795481,0.558,65.8372
Iraq,IRQ,1998,1678,369,47827,10284,4675,4180,2693,1862,23,73591,7042.00098,0.571,65.4859
Iraq,IRQ,1999,1719,380,48535,10559,4800,4258,2709,1872,27,74859,7997.378904,0.582,66.1816
Iraq,IRQ,2000,1764,394,49257,10884,4906,4351,2706,1879,31,76172,7972.832311,0.589,66.8171
Iraq,IRQ,2001,1823,410,49984,11258,5007,4461,2689,1887,35,77554,7910.702206,0.596,67.0339
Iraq,IRQ,2002,1885,426,50980,11647,5152,4598,2697,1906,40,79331,7064.672937,0.598,67.0836
Iraq,IRQ,2003,1941,442,52634,12083,5353,4792,2759,1957,45,82006,4699.012182,0.579,65.6427
Iraq,IRQ,2004,1999,454,53550,12434,5549,4928,2774,1987,49,83724,7062.580562,0.602,65.0307
Iraq,IRQ,2005,2041,462,54237,12731,5706,5039,2782,2021,52,85071,7147.464207,0.606,64.8438
Iraq,IRQ,2006,2071,465,54745,13051,5832,5117,2775,2057,56,86169,7376.304498,0.604,63.5873
Iraq,IRQ,2017,2984,714,71411,22210,8130,7028,2978,2533,83,118071,10445.36711,0.685,70.4126
Iraq,IRQ,2018,3119,771,75358,23326,8660,7440,3122,2630,84,124510,10465.09393,0.692,71.5143
Iraq,IRQ,2019,3259,842,79952,24413,9257,7887,3292,2720,82,131704,10869.49515,0.696,71.5764
Ireland,IRL,1990,667,191,13925,7338,433,417,2301,195,12,25479,23391.17612,0.737,74.8418
Ireland,IRL,1991,692,194,13724,7388,442,418,2312,197,19,25386,23894.07301,0.743,75.031
Ireland,IRL,1992,712,199,13649,7467,450,423,2341,202,32,25475,24295.49219,0.751,75.4278
Ireland,IRL,1993,732,205,13685,7539,454,432,2394,211,39,25691,24939.27091,0.76,75.2942
Ireland,IRL,1994,751,206,13461,7488,434,435,2383,216,35,25409,26340.14874,0.771,75.8013
Ireland,IRL,1995,774,212,13531,7602,439,447,2442,227,54,25728,28236.59674,0.777,75.4783
Ireland,IRL,1996,798,215,13288,7591,438,452,2434,238,37,25491,30007.58292,0.785,75.83
Ireland,IRL,1997,819,217,13042,7647,434,449,2439,253,18,25318,32438.36829,0.794,75.98
Ireland,IRL,1998,837,221,12805,7725,440,453,2428,267,16,25192,35071.54292,0.83,76.1889
Ireland,IRL,1999,860,227,12692,7869,452,460,2420,284,23,25287,37184.08341,0.837,76.094
Ireland,IRL,2000,882,229,12214,7903,447,461,2308,298,5,24747,40412.06014,0.847,76.5423
Ireland,IRL,2001,904,230,11553,7856,438,454,2185,310,12,23942,41520.77813,0.855,77.1087
Ireland,IRL,2002,931,233,11134,7897,442,458,2117,314,11,23537,42417.42304,0.864,77.5999
Ireland,IRL,2003,956,239,10683,7960,446,461,2062,320,17,23144,44000.67657,0.873,78.1107
Ireland,IRL,2004,987,244,10332,8083,457,473,2014,333,13,22936,44733.47692,0.881,78.5126
Ireland,IRL,2005,1026,251,9996,8111,463,482,1976,343,8,22656,46725.35649,0.888,78.9162
Ireland,IRL,2006,1069,261,9850,8278,475,508,1968,363,4,22776,48191.57428,0.891,79.1518
Ireland,IRL,2007,1105,267,9602,8387,464,510,1962,375,15,22687,48328.55453,0.896,79.5547
Ireland,IRL,2008,1144,275,9452,8560,456,515,1960,388,18,22768,45256.81995,0.899,79.7625
Ireland,IRL,2009,1186,285,9347,8746,454,529,1995,398,16,22956,41347.50221,0.895,80.0461
Ireland,IRL,2010,1225,288,8991,8711,437,528,1964,383,13,22540,41667.89887,0.904,80.5226
Ireland,IRL,2011,1284,307,9254,9017,446,563,2078,397,13,23359,41143.12106,0.902,80.6332
Ireland,IRL,2012,1334,322,9393,9148,447,597,2151,401,12,23805,40945.23159,0.903,80.7523
Ireland,IRL,2013,1374,335,9457,9289,446,613,2213,394,12,24133,43349.89161,0.908,80.9675
Ireland,IRL,2014,1417,345,9436,9389,437,618,2258,384,9,24293,46428.53601,0.914,81.3067
Ireland,IRL,2015,1472,361,9616,9537,444,639,2337,386,10,24802,55490.8464,0.925,81.4163
Ireland,IRL,2016,1521,369,9685,9627,455,644,2366,381,10,25058,59305.86957,0.929,81.5498
Ireland,IRL,2017,1569,381,9851,9843,469,659,2423,383,9,25587,61729.40784,0.934,81.9168
Ireland,IRL,2018,1613,394,10094,10113,486,679,2485,385,9,26258,64098.84282,0.937,82.0863
Ireland,IRL,2019,1657,407,10347,10384,502,700,2548,388,9,26942,67253.22253,0.942,82.2586
Israel,ISR,1990,728,232,12461,7083,822,958,1328,399,39,24050,20864.37796,0.787,77.1942
Israel,ISR,1991,779,249,13112,7583,928,997,1390,430,48,25516,21725.05731,0.793,77.0002
Israel,ISR,1992,834,265,13653,8083,1049,1024,1438,462,49,26857,22583.41991,0.797,76.869
Israel,ISR,1993,885,273,13590,8383,1120,985,1427,466,66,27195,22937.6447,0.804,77.4502
Israel,ISR,1994,945,285,13672,8781,1241,990,1420,489,38,27861,23939.77187,0.808,77.6892
Israel,ISR,1995,1009,302,13702,9230,1448,1089,1423,542,60,28805,24786.53022,0.811,77.6352
Israel,ISR,1996,1055,310,13278,9528,1695,1113,1406,569,31,28985,25737.28297,0.818,78.2791
Israel,ISR,1997,1104,319,12905,9795,1976,1194,1413,596,38,29340,26287.80157,0.825,78.2718
Israel,ISR,1998,1161,332,12780,10099,2179,1304,1444,614,38,29951,27012.95968,0.833,78.4402
Israel,ISR,1999,1214,343,12324,10275,2377,1364,1498,640,32,30067,27184.46917,0.841,78.6971
Israel,ISR,2000,1268,352,11969,10437,2506,1485,1523,655,31,30226,27991.28691,0.844,78.9276
Israel,ISR,2001,1307,359,11574,10531,2557,1599,1510,652,35,30124,27949.08947,0.848,79.3448
Israel,ISR,2002,1357,372,11459,10730,2578,1736,1532,662,29,30455,27407.78838,0.854,79.2593
Israel,ISR,2003,1412,384,11281,10875,2639,1780,1540,665,33,30609,27023.12376,0.855,79.6242
Israel,ISR,2004,1472,392,11024,10900,2569,1890,1538,657,30,30472,27777.7888,0.858,80.1467
Israel,ISR,2005,1548,408,11031,11078,2540,1982,1573,666,33,30859,28844.25638,0.866,80.2171
Israel,ISR,2006,1602,418,10831,11273,2481,2023,1577,660,32,30897,30012.16644,0.874,80.5057
Israel,ISR,2007,1672,437,10840,11578,2487,2040,1605,661,50,31370,31136.79394,0.885,80.6651
Israel,ISR,2008,1747,443,10516,11656,2412,2028,1588,645,36,31071,30788.48212,0.885,81.0552
Israel,ISR,2009,1829,450,10313,11751,2328,2057,1582,641,38,30989,31003.44106,0.889,81.5756
Israel,ISR,2010,1920,463,10307,12037,2266,2138,1610,639,31,31411,32085.50509,0.894,81.7443
Israel,ISR,2011,2016,487,10571,12314,2284,2238,1675,664,41,32290,33026.89275,0.897,81.7274
Israel,ISR,2012,2101,503,10581,12499,2279,2308,1712,666,45,32694,33231.73289,0.898,81.7346
Israel,ISR,2013,2198,516,10658,12688,2277,2359,1740,672,46,33154,34530.46471,0.904,82.1154
Israel,ISR,2014,2295,529,10737,12855,2281,2413,1774,673,38,33595,35876.7937,0.908,82.2236
Israel,ISR,2015,2408,549,11063,13222,2345,2514,1837,691,46,34675,36704.39549,0.909,82.0999
Israel,ISR,2016,2503,556,11174,13386,2353,2530,1846,692,40,35080,37937.41307,0.913,82.4854
Israel,ISR,2017,2606,569,11553,13700,2439,2586,1899,709,38,36099,38924.31301,0.917,82.7195
Israel,ISR,2018,2700,590,12034,14212,2558,2690,1973,736,38,37531,39620.10088,0.919,82.8232
Israel,ISR,2019,2777,605,12393,14627,2647,2765,2027,756,37,38634,40633.62378,0.921,82.8123
Italy,ITA,1990,14440,4300,226510,150468,17878,8391,24263,18129,1863,466242,36208.56056,0.778,76.9909
Italy,ITA,1991,15286,4459,229027,153729,18101,8451,24508,17993,2562,474116,36665.00975,0.783,76.9891
Italy,ITA,1992,16083,4527,226587,155014,17901,8404,24284,17581,3189,473570,36861.78313,0.789,77.3642
Italy,ITA,1993,16943,4619,226276,156976,17643,8485,24214,17312,3860,476328,36590.20921,0.795,77.6524
Italy,ITA,1994,17869,4693,226536,159152,17547,8641,24348,17105,4429,480320,37314.22695,0.804,77.8724
Italy,ITA,1995,18823,4769,225869,160486,17653,8757,24421,16737,4720,482235,38549.865,0.81,78.1161
Italy,ITA,1996,19769,4866,226093,162212,17849,8952,24495,16401,4346,484983,39253.99594,0.816,78.4367
Italy,ITA,1997,20568,4939,226563,163875,17867,9162,24799,16221,2522,486516,40176.18477,0.824,78.7334
Italy,ITA,1998,21400,5040,228897,166834,18151,9390,25196,16172,1438,492518,41091.27344,0.829,78.8062
Italy,ITA,1999,22162,5054,225558,167759,18108,9409,25286,15799,1152,490287,41883.29597,0.835,79.2044
Italy,ITA,2000,23095,5086,221750,168116,18007,9556,25045,15410,1017,487082,42800.14793,0.841,79.6072
Italy,ITA,2001,24693,5194,219673,169591,18044,9759,25002,15114,985,488055,43809.33485,0.849,79.8859
Italy,ITA,2002,26828,5356,220075,170780,18239,10049,25515,14844,978,492664,43948.71871,0.853,80.1136
Italy,ITA,2003,29170,5547,221266,172929,18686,10367,26469,14646,1333,500413,43882.52323,0.858,80.1929
Italy,ITA,2004,30984,5521,210895,170704,18120,10472,25780,13934,1158,487568,44254.6412,0.865,81.0199
Italy,ITA,2005,32693,5690,210368,171231,18334,10801,26195,13699,1105,490116,44251.98788,0.868,81.023
Italy,ITA,2006,34184,5876,210082,172461,18535,11204,26286,13429,987,493044,44658.82268,0.873,81.4169
Italy,ITA,2007,35446,6120,211335,174694,18925,11702,26715,13320,1027,499284,45095.50647,0.877,81.5029
Italy,ITA,2008,36488,6372,212473,177251,19277,12236,27110,13231,964,505402,43633.27169,0.878,81.6466
Italy,ITA,2009,37394,6597,212468,179228,19585,12657,27417,13091,885,509322,42078.36692,0.878,81.7633
Italy,ITA,2010,38341,6732,210138,179568,19515,13009,27325,12731,835,508194,42150.60535,0.882,82.1371
Italy,ITA,2011,39890,6950,213028,181479,19920,13674,27729,12570,804,516044,42043.25452,0.885,82.235
Italy,ITA,2012,41044,7157,214765,183217,20169,14309,28140,12425,845,522071,40576.27663,0.883,82.2588
Italy,ITA,2013,41753,7225,212517,182582,19986,14495,27970,12105,749,519382,39517.53859,0.882,82.6599
Italy,ITA,2014,42619,7361,212651,183059,19936,14813,28162,11918,671,521190,39490.18497,0.883,82.908
Italy,ITA,2015,43971,7690,221430,186938,20751,15629,29395,12183,667,538654,39796.6249,0.882,82.5255
Italy,ITA,2016,45193,7666,219535,185133,20229,15724,29520,11890,677,535567,41115.42705,0.887,83.0492
Italy,ITA,2017,46328,7720,224147,186417,20533,15781,29922,12010,661,543519,41812.97134,0.888,82.7282
Italy,ITA,2018,47607,7904,231365,189590,21166,16201,30723,12282,641,557479,42450.93247,0.893,83.1847
Italy,ITA,2019,48763,8036,236507,192052,21590,16513,31345,12450,621,567877,43121.80118,0.897,83.552
Jamaica,JAM,2007,635,124,4788,3377,1915,705,607,155,499,12805,9709.069035,0.697,71.4179
Jamaica,JAM,2008,652,136,5289,3812,2063,774,671,175,493,14065,9707.006967,0.7,71.6122
Jamaica,JAM,2009,671,142,5626,4009,2160,794,696,179,428,14705,9107.809893,0.7,72.1238
Jamaica,JAM,1990,366,71,4781,2048,1162,429,345,156,182,9540,8141.983321,0.659,72.3041
Jamaica,JAM,1991,375,68,4362,1985,1120,415,327,141,203,8996,8467.927768,0.662,72.1862
Jamaica,JAM,1992,395,73,4551,2069,1185,452,350,149,229,9453,8557.333461,0.663,72.1885
Jamaica,JAM,1993,417,80,4798,2185,1293,505,384,158,259,10079,9274.49058,0.667,71.9215
Jamaica,JAM,1994,434,85,4862,2251,1370,551,412,162,293,10420,9311.131293,0.668,71.7391
Jamaica,JAM,1995,452,89,4804,2265,1438,599,444,166,331,10588,9437.174772,0.669,71.5487
Jamaica,JAM,1996,466,92,4641,2440,1491,625,469,165,376,10765,9334.610038,0.669,71.4877
Jamaica,JAM,1997,483,97,4602,2628,1580,668,507,168,426,11159,9137.857221,0.668,71.2066
Jamaica,JAM,1998,495,102,4484,2845,1634,706,545,170,485,11466,8839.144995,0.666,70.9904
Jamaica,JAM,1999,516,107,4580,3057,1736,767,586,176,558,12083,8850.995171,0.667,70.9677
Jamaica,JAM,2000,533,110,4585,3173,1816,835,591,174,700,12517,8854.704097,0.664,70.9442
Jamaica,JAM,2001,550,114,4703,3251,1838,790,607,177,741,12771,8906.665631,0.673,70.758
Jamaica,JAM,2002,563,112,4615,3177,1767,661,599,172,676,12342,9023.370791,0.677,70.8882
Jamaica,JAM,2003,578,112,4537,3112,1748,614,577,162,594,12034,9296.902833,0.671,70.8062
Jamaica,JAM,2004,591,112,4475,3055,1769,590,559,147,633,11931,9366.114041,0.687,70.8603
Jamaica,JAM,2005,595,111,4245,2959,1728,575,541,136,362,11252,9398.15417,0.69,71.0438
Jamaica,JAM,2006,609,112,4219,3042,1734,653,545,137,504,11555,9620.011561,0.694,71.1993
Jamaica,JAM,2010,677,129,5124,3625,1962,715,586,155,618,13591,9089.00397,0.704,72.6219
Jamaica,JAM,2011,697,136,5490,3874,2080,772,618,165,482,14314,9215.326794,0.709,73.0942
Jamaica,JAM,2012,706,126,5219,3674,1925,727,553,148,484,13562,9306.382492,0.713,73.4335
Jamaica,JAM,2013,726,127,5394,3694,1924,743,548,148,474,13778,9213.48975,0.714,73.4119
Jamaica,JAM,2014,751,137,6001,3960,2112,817,592,165,464,14999,9242.289334,0.714,72.982
Jamaica,JAM,2015,759,140,6126,4045,2199,858,607,171,454,15359,9184.322717,0.713,72.394
Jamaica,JAM,2016,760,141,6119,4105,2221,878,611,174,444,15453,9152.259979,0.712,72.0198
Jamaica,JAM,2017,768,142,6197,4161,2262,895,620,177,435,15657,9327.09002,0.715,71.9114
Jamaica,JAM,2018,776,145,6294,4230,2316,914,631,181,426,15913,9365.908524,0.716,71.793
Jamaica,JAM,2019,780,149,6457,4338,2399,939,642,185,418,16307,9503.655135,0.719,71.767
Japan,JPN,2007,94710,11188,305525,372831,7756,34421,41666,25359,225,893681,40891.01444,0.895,82.5544
Japan,JPN,2008,102846,11711,308531,379320,7875,35510,42712,25468,205,914178,39575.23333,0.895,82.6382
Japan,JPN,2009,110223,12128,310058,384511,7924,36376,43555,25468,201,930444,37855.03733,0.896,82.9742
Japan,JPN,2010,117644,12788,317823,394137,8109,37998,45153,25817,215,959684,39152.92818,0.898,82.9193
Japan,JPN,2012,129637,14040,330433,409993,8227,39972,47896,26006,206,1006410,39328.17159,0.905,83.1755
Japan,JPN,2013,135021,14484,332417,414556,8190,40340,48711,25826,209,1019754,40275.25131,0.91,83.4107
Japan,JPN,2014,140066,14836,333175,417643,8141,40534,49376,25595,186,1029552,40482.79312,0.914,83.6525
Japan,JPN,2015,146012,15145,336271,420328,8116,40938,50295,25390,197,1042692,41874.21537,0.918,83.8928
Japan,JPN,2016,151061,15570,342935,425630,8214,41716,51590,25479,189,1062384,42421.08469,0.921,84.0664
Japan,JPN,1990,28440,4977,282874,242827,10422,19477,29862,25310,68,644257,35578.79714,0.845,78.9838
Japan,JPN,1991,30483,5192,283890,250951,10465,20362,30888,25569,76,657876,36649.80697,0.849,79.2519
Japan,JPN,1992,32886,5437,286377,260596,10481,21447,32011,25953,77,675265,36898.38045,0.85,79.2918
Japan,JPN,1993,35368,5662,287404,268657,10334,22424,32967,26027,78,688921,36606.24443,0.855,79.4342
Japan,JPN,1994,37851,5842,284703,274431,9870,23084,33302,25529,87,694699,36176.6892,0.861,79.8238
Japan,JPN,1995,40701,6148,288187,286045,9234,24632,34472,25203,172,714794,37026.79769,0.863,79.6702
Japan,JPN,1996,43537,6306,282266,291298,8502,25134,34164,24346,180,715733,38090.07386,0.868,80.3493
Japan,JPN,1997,47155,6563,280224,297977,8041,25750,34422,23940,196,724268,38270.54519,0.871,80.5718
Japan,JPN,1998,51170,6953,284407,309916,7868,26823,35404,24150,177,746868,37789.3161,0.871,80.6402
Japan,JPN,1999,55170,7367,287757,319388,7707,27769,36413,24357,172,766100,37533.8899,0.872,80.6079
Japan,JPN,2000,58990,7646,283272,322782,7409,27951,36201,23900,161,768312,38375.43131,0.877,81.1759
Japan,JPN,2001,62755,8008,282065,326594,7233,28230,36294,23800,180,775159,38484.13876,0.88,81.509
Japan,JPN,2002,66908,8454,283892,332266,7225,28800,36784,23870,173,788372,38355.44101,0.882,81.7953
Japan,JPN,2003,71220,8997,288946,341661,7306,29784,37833,24318,191,810256,38783.26514,0.884,81.8558
Japan,JPN,2004,75687,9534,292714,349905,7356,30692,38590,24609,188,829275,39556.25235,0.888,82.1309
Japan,JPN,2005,81152,10213,301656,360992,7588,32223,40101,25256,203,859384,40079.83225,0.889,82.012
Japan,JPN,2006,87152,10677,302995,365726,7649,33283,40695,25237,207,873621,40407.54524,0.892,82.3765
Japan,JPN,2011,124097,13527,327390,404601,8240,39258,46860,26210,210,990393,38863.25616,0.899,82.6756
Japan,JPN,2017,155400,15878,348546,427813,8340,42647,52917,25451,180,1077172,43040.54532,0.922,84.1976
Japan,JPN,2018,160692,16306,361221,434600,8559,43982,54301,25811,170,1105642,43086.85266,0.923,84.2971
Japan,JPN,2019,164874,16750,372483,442474,8784,45324,55794,26248,161,1132892,43375.7894,0.924,84.4258
Jordan,JOR,2007,304,80,6321,2664,1265,862,531,364,11,12402,11719.83271,0.729,73.3728
Jordan,JOR,2008,324,83,6205,2744,1199,882,516,360,12,12325,11853.65768,0.734,73.591
Jordan,JOR,2009,348,89,6350,2889,1210,931,518,365,14,12714,11813.53471,0.731,73.8014
Jordan,JOR,2014,504,125,8052,3958,1459,1277,593,449,26,16443,10170.84249,0.719,74.7889
Jordan,JOR,2015,546,136,8600,4234,1521,1375,630,479,27,17548,10032.8831,0.718,75.0112
Jordan,JOR,1990,168,44,4534,1388,690,440,397,247,2,7910,7568.222007,0.622,69.8538
Jordan,JOR,1991,172,45,4657,1434,709,451,406,252,3,8129,7079.469112,0.625,70.0929
Jordan,JOR,1992,177,46,4749,1473,717,453,415,255,3,8288,7786.734365,0.637,70.3163
Jordan,JOR,1993,183,49,5057,1564,769,478,439,266,4,8809,7776.234809,0.641,70.518
Jordan,JOR,1994,188,51,5226,1626,797,491,453,272,4,9108,7800.519149,0.644,70.6986
Jordan,JOR,1995,194,54,5432,1694,838,511,471,281,5,9480,8035.294859,0.651,70.8699
Jordan,JOR,1996,199,56,5612,1758,892,535,485,288,5,9830,7946.10734,0.655,71.0643
Jordan,JOR,1997,205,57,5675,1799,929,547,491,293,6,10002,8115.183701,0.661,71.2725
Jordan,JOR,1998,211,59,5745,1853,974,566,499,302,7,10216,8276.80253,0.666,71.4744
Jordan,JOR,1999,218,61,5807,1899,1021,586,504,309,7,10412,8396.382346,0.671,71.694
Jordan,JOR,2000,225,61,5768,1934,1044,602,500,313,9,10456,8829.120831,0.678,71.9178
Jordan,JOR,2001,233,64,5932,1993,1097,639,509,321,9,10797,9173.268993,0.685,72.1467
Jordan,JOR,2002,241,66,6018,2066,1140,670,514,328,10,11053,9435.058142,0.692,72.3585
Jordan,JOR,2003,250,66,5908,2129,1139,685,506,330,12,11025,9663.500612,0.698,72.5734
Jordan,JOR,2004,262,69,6119,2278,1217,733,517,344,13,11552,10310.50646,0.709,72.7725
Jordan,JOR,2005,276,76,6415,2439,1309,800,542,362,12,12231,10811.63388,0.716,72.9321
Jordan,JOR,2006,290,81,6573,2587,1350,855,551,372,11,12670,11280.26252,0.722,73.1449
Jordan,JOR,2010,374,98,6618,3066,1258,1000,526,373,16,13329,11229.70337,0.725,73.9996
Jordan,JOR,2011,402,106,6962,3268,1305,1064,539,388,19,14053,10921.28119,0.721,74.1891
Jordan,JOR,2012,432,112,7263,3483,1344,1129,553,404,22,14742,10562.26491,0.721,74.3659
Jordan,JOR,2013,465,116,7549,3694,1386,1188,562,420,23,15403,10314.95721,0.719,74.5621
Jordan,JOR,2016,596,149,9312,4557,1628,1474,680,517,27,18940,9959.457292,0.718,75.2153
Jordan,JOR,2017,650,161,10053,4891,1750,1574,731,556,27,20393,9953.727851,0.718,75.5018
Jordan,JOR,2018,707,177,10926,5268,1901,1696,794,600,27,22096,9967.349228,0.723,75.7743
Jordan,JOR,2019,767,192,11798,5643,2053,1813,856,644,27,23793,10072.72061,0.727,76.044
Kazakhstan,KAZ,1990,1828,381,56266,22895,969,971,6905,2184,81,92480,13703.11871,0.673,64.8758
Kazakhstan,KAZ,1991,1894,401,60175,22916,1102,1032,7130,2281,108,97039,12209.83565,0.668,64.4876
Kazakhstan,KAZ,1992,1924,423,64776,23235,1269,1125,7490,2427,121,102790,11610.37615,0.667,64.1593
Kazakhstan,KAZ,1993,1931,455,72024,24134,1479,1237,8095,2682,124,112161,10591.41835,0.663,64.1985
Kazakhstan,KAZ,1994,1902,474,77475,24450,1647,1311,8495,2904,174,118832,9366.238725,0.657,63.9631
Kazakhstan,KAZ,1995,1857,478,81232,24581,1770,1388,8715,3186,260,123467,8763.226512,0.655,63.7216
Kazakhstan,KAZ,1996,1812,466,81306,23903,1786,1418,8471,3350,342,122854,8916.285685,0.659,63.6327
Kazakhstan,KAZ,1997,1753,454,79662,22943,1745,1376,7942,3390,359,119624,9183.221889,0.663,63.7105
Kazakhstan,KAZ,1998,1714,445,77898,21994,1641,1356,7365,3378,334,116125,9171.225356,0.666,63.8123
Kazakhstan,KAZ,1999,1694,442,77013,21251,1580,1388,6625,3447,299,113739,9349.748318,0.671,63.9854
Kazakhstan,KAZ,2000,1678,445,77439,20999,1513,1365,6719,3694,230,114082,9993.544494,0.68,64.1781
Kazakhstan,KAZ,2001,1673,452,78193,20874,1472,1378,6526,4019,225,114812,11521.95903,0.695,64.3676
Kazakhstan,KAZ,2002,1659,466,80018,20916,1458,1370,6488,4375,238,116988,12765.0785,0.706,64.2693
Kazakhstan,KAZ,2003,1663,487,82583,21087,1428,1384,6425,4833,230,120120,13734.71075,0.718,64.5543
Kazakhstan,KAZ,2004,1672,495,82832,20991,1363,1427,6079,5232,250,120341,14758.68163,0.73,64.8566
Kazakhstan,KAZ,2005,1690,511,84199,21172,1343,1435,5963,5658,297,122268,15396.17221,0.739,65.117
Kazakhstan,KAZ,2006,1707,529,84576,21240,1345,1437,5872,6006,290,123002,16317.19092,0.752,65.627
Kazakhstan,KAZ,2007,1718,547,83850,21195,1345,1418,5859,6242,268,122442,17274.6335,0.758,65.928
Kazakhstan,KAZ,2008,1740,557,80865,20846,1320,1367,5834,6243,306,119078,16779.20776,0.758,66.7018
Kazakhstan,KAZ,2009,1775,560,77491,20594,1322,1340,5983,6345,306,115716,17769.16532,0.761,67.2789
Kazakhstan,KAZ,2010,1810,579,77003,20891,1390,1375,6338,6832,311,116529,17976.27447,0.767,68.1157
Kazakhstan,KAZ,2011,1845,600,75549,20998,1467,1427,6937,7357,291,116471,18264.09656,0.775,68.7452
Kazakhstan,KAZ,2012,1868,620,73706,21027,1596,1513,7557,7703,269,115859,19217.17935,0.783,69.1295
Kazakhstan,KAZ,2013,1930,639,71122,20447,1688,1626,7710,7361,276,112799,21068.97379,0.792,69.8136
Kazakhstan,KAZ,2014,1993,653,68693,20181,1841,1697,8083,7181,267,110589,21752.92385,0.799,70.3334
Kazakhstan,KAZ,2015,2055,678,67080,20092,2055,1781,8644,7046,290,109721,23136.8885,0.805,70.7265
Kazakhstan,KAZ,2016,2130,715,65951,20350,2355,1817,9445,6913,272,109948,22005.08356,0.805,70.8984
Kazakhstan,KAZ,2017,2232,763,63040,20468,2958,1918,10962,6847,270,109458,22157.8711,0.811,71.3958
Kazakhstan,KAZ,2018,2263,750,65041,20896,2664,1887,10171,6767,265,110704,22171.8375,0.814,71.4717
Kazakhstan,KAZ,2019,2319,741,65391,21073,2588,1873,9772,6705,261,110723,22786.55302,0.819,71.5675
Kenya,KEN,2007,1766,393,29093,14604,4192,3152,6037,10091,104536,173864,3567.161688,0.533,58.8651
Kenya,KEN,2008,1812,405,29924,15287,4300,3250,6195,10447,95338,166958,3489.588814,0.539,59.6141
Kenya,KEN,2009,1863,418,30792,16101,4432,3367,6365,10788,87459,161585,3058.14906,0.539,60.3649
Kenya,KEN,1990,1013,211,15353,6900,2045,1616,3501,5430,21636,57705,3448.048818,0.474,58.6145
Kenya,KEN,1991,1056,218,15884,7163,2132,1675,3579,5611,31779,69097,3369.514501,0.474,58.0052
Kenya,KEN,1992,1098,226,16455,7433,2224,1740,3665,5794,43936,82571,3242.159922,0.473,57.2589
Kenya,KEN,1993,1141,232,16958,7671,2306,1800,3731,5936,57408,97183,3088.073787,0.471,56.6168
Kenya,KEN,1994,1185,239,17437,7923,2387,1860,3801,6088,71363,112283,3102.447584,0.473,56.2727
Kenya,KEN,1995,1226,246,17894,8181,2472,1919,3870,6257,84982,127047,3192.649716,0.475,55.617
Kenya,KEN,1996,1266,253,18379,8454,2570,1984,3948,6443,97499,140796,3281.266957,0.477,55.1612
Kenya,KEN,1997,1308,262,19042,8786,2690,2066,4057,6658,108473,153342,3220.329605,0.477,54.816
Kenya,KEN,1998,1354,273,19820,9151,2833,2164,4187,6899,117468,164149,3246.290274,0.479,54.5264
Kenya,KEN,1999,1401,282,20489,9477,2954,2250,4306,7100,124388,172647,3217.904046,0.48,54.4948
Kenya,KEN,2000,1451,297,21525,9988,3131,2375,4496,7432,129471,180166,3159.193714,0.481,54.4112
Kenya,KEN,2001,1494,309,22435,10390,3282,2478,4664,7711,132670,185433,3187.712989,0.485,54.5079
Kenya,KEN,2002,1549,326,23755,11078,3492,2619,4907,8125,134431,190282,3125.099733,0.485,54.9896
Kenya,KEN,2003,1601,343,24902,11879,3717,2769,5111,8569,134657,193548,3125.404705,0.495,55.601
Kenya,KEN,2004,1646,355,26239,12532,3839,2867,5414,8937,131263,193092,3203.882807,0.508,56.3615
Kenya,KEN,2005,1685,368,27294,13213,3958,2960,5655,9351,124634,189118,3326.610393,0.516,57.344
Kenya,KEN,2006,1725,380,28244,13945,4076,3054,5853,9727,115366,182370,3437.795658,0.525,58.2222
Kenya,KEN,2010,1925,433,31578,17166,4590,3502,6508,11129,80975,157806,3246.81456,0.545,60.649
Kenya,KEN,2011,1999,451,32573,17798,4766,3651,6674,11384,75359,154655,3402.901672,0.55,61.0458
Kenya,KEN,2012,2069,468,33418,18350,4913,3775,6782,11536,70882,152193,3432.866608,0.552,61.1152
Kenya,KEN,2013,2138,484,34118,18896,5039,3897,6869,11633,68558,151632,3445.657082,0.554,61.3891
Kenya,KEN,2014,2207,500,34946,19431,5177,4029,6966,11737,66147,151140,3542.10425,0.558,61.8162
Kenya,KEN,2015,2291,519,35817,19977,5331,4166,7061,11846,61486,148494,3675.554026,0.561,61.8922
Kenya,KEN,2016,2381,539,36770,20617,5500,4292,7187,12032,56460,145778,4089.709912,0.569,62.1632
Kenya,KEN,2017,2480,562,37862,21394,5688,4427,7335,12431,52714,144893,4126.283437,0.572,62.4808
Kenya,KEN,2018,2590,592,39220,22346,5930,4595,7516,12761,51066,146616,4273.498235,0.577,62.6765
Kenya,KEN,2019,2705,621,40611,23292,6182,4764,7705,13095,51135,150110,4381.487855,0.581,62.9432
Kiribati,KIR,1990,4,3,232,75,55,17,58,24,1,469,1877.076693,,60.9174
Kiribati,KIR,1991,4,3,237,77,59,17,59,24,1,481,1831.138665,,61.4222
Kiribati,KIR,1992,4,3,241,78,62,18,59,24,1,490,2288.651043,,61.8931
Kiribati,KIR,1993,4,3,243,79,66,19,59,24,1,498,2259.066259,,62.321
Kiribati,KIR,1994,4,3,242,79,68,20,59,24,1,500,2258.823159,,62.6973
Kiribati,KIR,1995,4,3,242,79,71,21,58,23,1,502,2217.047675,,63.0135
Kiribati,KIR,1996,4,3,244,80,75,22,58,24,1,511,2215.765405,,63.2909
Kiribati,KIR,1997,4,4,249,82,78,23,59,24,1,524,2197.427498,,63.5751
Kiribati,KIR,1998,5,4,252,84,82,24,59,24,1,535,2261.676514,,63.854
Kiribati,KIR,1999,5,4,257,86,86,25,60,24,1,548,2154.392668,,64.136
Kiribati,KIR,2000,5,4,259,87,91,27,60,24,1,558,2236.07937,0.549,64.4091
Kiribati,KIR,2001,5,4,261,89,94,28,60,23,1,565,3526.955715,0.59,64.655
Kiribati,KIR,2002,5,4,262,90,98,29,60,23,2,573,3311.557766,0.587,64.8402
Kiribati,KIR,2003,5,4,263,91,103,30,60,23,2,581,3092.681588,0.593,64.9539
Kiribati,KIR,2004,5,4,264,93,107,32,60,23,2,590,2975.522746,0.59,64.9893
Kiribati,KIR,2005,5,4,266,94,112,33,60,23,2,599,2974.172053,0.591,64.9666
Kiribati,KIR,2006,6,4,272,96,112,33,61,23,2,609,2876.388874,0.586,64.9058
Kiribati,KIR,2007,6,4,279,99,112,32,63,23,2,620,2918.741537,0.587,64.8436
Kiribati,KIR,2008,6,4,287,102,113,32,65,24,2,635,2849.907607,0.588,64.8335
Kiribati,KIR,2009,6,4,293,105,113,32,66,24,2,645,2635.59129,0.585,64.8924
Kiribati,KIR,2010,6,4,299,107,113,32,67,25,2,655,2724.164428,0.589,65.0161
Kiribati,KIR,2011,6,4,305,109,115,32,68,25,2,666,2594.087007,0.587,65.1901
Kiribati,KIR,2012,7,4,310,111,117,32,68,25,2,676,2917.619539,0.594,65.3776
Kiribati,KIR,2013,7,4,316,113,119,33,69,26,2,689,3258.613856,0.602,65.5884
Kiribati,KIR,2014,7,4,321,114,120,33,70,26,2,697,3705.649317,0.61,65.8147
Kiribati,KIR,2015,7,4,326,117,122,34,70,26,2,708,4484.719183,0.622,66.0589
Kiribati,KIR,2016,7,4,332,119,126,35,71,26,2,722,3998.339731,0.617,66.3316
Kiribati,KIR,2017,7,5,338,122,129,35,72,27,2,737,4277.843684,0.621,66.5965
Kiribati,KIR,2018,8,5,344,125,133,36,72,27,2,752,4251.548646,0.622,66.8545
Kiribati,KIR,2019,8,5,349,128,136,37,73,27,2,765,4673.024716,0.63,67.1497
Kuwait,KWT,2007,209,35,2694,945,261,271,147,138,4,4704,86266.58606,0.802,77.0168
Kuwait,KWT,2008,224,40,3101,1077,290,297,166,159,3,5357,80696.45086,0.807,77.1455
Kuwait,KWT,2009,234,40,3014,1076,279,281,165,154,4,5247,70105.48692,0.81,77.4416
Kuwait,KWT,2013,297,44,2927,1152,242,214,165,139,2,5182,66072.10343,0.819,79.1641
Kuwait,KWT,1990,79,16,1470,501,142,139,81,61,2,2491,43678.51047,0.718,73.2805
Kuwait,KWT,1991,79,15,1330,455,126,126,73,54,2,2260,28103.38148,0.68,74.2164
Kuwait,KWT,1992,81,14,1248,432,117,119,70,49,2,2132,46194.32954,0.678,75.6914
Kuwait,KWT,1993,88,16,1325,459,121,126,75,52,3,2265,60636.73609,0.705,75.7944
Kuwait,KWT,1994,95,18,1453,490,140,142,81,56,1,2476,68059.46375,0.733,75.7633
Kuwait,KWT,1995,102,19,1590,522,160,159,88,63,4,2707,75892.07305,0.759,75.5368
Kuwait,KWT,1996,109,19,1600,539,174,168,90,65,2,2766,75893.34076,0.782,75.6184
Kuwait,KWT,1997,116,22,1822,604,210,189,99,76,1,3139,76685.19001,0.786,75.8787
Kuwait,KWT,1998,123,21,1801,612,213,192,97,79,1,3139,75432.50511,0.789,76.1569
Kuwait,KWT,1999,130,23,2005,664,247,216,106,92,2,3485,66303.36162,0.787,76.4159
Kuwait,KWT,2000,138,25,2021,690,252,233,111,95,1,3566,66691.96827,0.787,76.722
Kuwait,KWT,2001,146,24,1929,678,235,221,110,92,1,3436,62937.94206,0.781,76.8915
Kuwait,KWT,2002,155,27,2131,730,258,238,121,102,3,3765,60860.0865,0.784,76.9822
Kuwait,KWT,2003,162,27,2179,744,253,241,122,105,3,3836,69452.43947,0.793,76.9848
Kuwait,KWT,2004,172,29,2311,785,253,253,128,116,2,4049,77531.22634,0.797,76.7924
Kuwait,KWT,2005,183,31,2476,835,252,258,136,128,6,4305,83609.15628,0.798,76.9027
Kuwait,KWT,2006,196,33,2623,899,257,267,142,136,3,4556,87527.31767,0.799,76.8868
Kuwait,KWT,2010,244,39,2779,1026,249,248,153,140,3,4881,65518.94118,0.813,77.9817
Kuwait,KWT,2011,262,40,2738,1039,240,227,153,134,2,4835,66856.94387,0.82,78.4636
Kuwait,KWT,2012,280,42,2877,1106,247,226,161,141,3,5083,67190.48478,0.826,78.8118
Kuwait,KWT,2014,315,45,2964,1203,244,209,169,139,2,5290,64205.53624,0.823,79.4449
Kuwait,KWT,2015,333,46,3161,1255,261,228,177,151,3,5615,61203.47424,0.83,79.5624
Kuwait,KWT,2016,363,50,3408,1347,283,248,192,164,3,6058,60888.65689,0.833,79.7011
Kuwait,KWT,2017,385,53,3639,1439,306,268,203,177,3,6473,58767.65534,0.835,79.7806
Kuwait,KWT,2018,406,55,3867,1545,335,294,216,190,3,6911,58030.87808,0.836,79.7217
Kuwait,KWT,2019,425,58,4119,1653,365,322,230,204,3,7379,57254.52971,0.839,79.685
Kyrgyzstan,KGZ,1990,566,90,12832,4113,205,429,2658,1024,29,21946,5142.118591,0.638,64.2722
Kyrgyzstan,KGZ,1991,592,93,13328,4168,234,449,2713,1081,44,22702,4678.506292,0.632,64.2799
Kyrgyzstan,KGZ,1992,619,97,13942,4168,259,464,2794,1132,37,23512,3991.41314,0.622,64.0521
Kyrgyzstan,KGZ,1993,643,103,15226,4270,301,502,2976,1253,51,25325,3361.234013,0.609,63.8221
Kyrgyzstan,KGZ,1994,663,108,16417,4372,339,546,3172,1415,56,27088,2628.271232,0.591,63.7475
Kyrgyzstan,KGZ,1995,674,106,16544,4259,356,562,3155,1512,67,27235,2453.120945,0.587,63.927
Kyrgyzstan,KGZ,1996,684,103,15985,4005,346,546,3027,1514,77,26287,2603.298478,0.594,64.276
Kyrgyzstan,KGZ,1997,696,105,15873,3830,326,535,2968,1547,88,25968,2776.016503,0.603,64.5854
Kyrgyzstan,KGZ,1998,708,108,16042,3704,319,534,2933,1562,124,26034,2766.706583,0.609,65.1138
Kyrgyzstan,KGZ,1999,724,109,16064,3530,298,529,2868,1576,145,25843,2782.348363,0.616,65.5818
Kyrgyzstan,KGZ,2000,746,126,17920,3467,292,555,3091,1679,137,28013,2888.322386,0.621,65.3982
Kyrgyzstan,KGZ,2001,723,131,18616,3415,269,569,3118,1743,165,28749,3086.618842,0.63,65.7632
Kyrgyzstan,KGZ,2002,683,131,18880,3413,265,597,3118,1849,136,29072,3069.604945,0.631,65.8621
Kyrgyzstan,KGZ,2003,650,133,19210,3466,262,596,3095,1961,131,29504,3262.038416,0.64,66.1857
Kyrgyzstan,KGZ,2004,623,132,18876,3419,257,586,2895,2016,117,28921,3396.482032,0.643,66.2967
Kyrgyzstan,KGZ,2005,605,134,19196,3451,262,571,2775,2119,136,29249,3394.227671,0.644,66.3854
Kyrgyzstan,KGZ,2006,591,136,19731,3544,271,585,2690,2281,128,29957,3533.266593,0.65,66.7778
Kyrgyzstan,KGZ,2007,575,136,19581,3564,274,562,2504,2334,141,29671,3813.744666,0.656,67.0064
Kyrgyzstan,KGZ,2008,572,136,19316,3557,270,535,2315,2308,109,29118,3978.47981,0.66,67.2492
Kyrgyzstan,KGZ,2009,576,130,18544,3499,258,506,2075,2219,131,27938,4053.88964,0.663,67.7835
Kyrgyzstan,KGZ,2010,581,126,18139,3539,258,489,1890,2231,125,27378,3889.734936,0.664,68.254
Kyrgyzstan,KGZ,2011,593,121,17913,3626,263,478,1723,2247,146,27110,3867.145395,0.665,68.5778
Kyrgyzstan,KGZ,2012,603,117,17638,3678,264,472,1598,2233,170,26773,4160.447227,0.675,68.9933
Kyrgyzstan,KGZ,2013,625,114,17254,3736,273,469,1489,2211,192,26363,4379.803244,0.682,69.2173
Kyrgyzstan,KGZ,2014,650,115,17341,3823,285,467,1462,2164,207,26514,4540.283615,0.688,69.8862
Kyrgyzstan,KGZ,2015,669,119,17869,3947,294,470,1466,2133,184,27151,4632.765992,0.69,69.9963
Kyrgyzstan,KGZ,2016,681,116,17342,3926,297,454,1425,2030,177,26448,4659.189545,0.693,70.2761
Kyrgyzstan,KGZ,2017,689,116,17477,4020,310,456,1434,2048,175,26725,4803.232306,0.696,70.5877
Kyrgyzstan,KGZ,2018,707,115,17290,4050,312,472,1467,2090,172,26675,4978.956446,0.698,70.728
Kyrgyzstan,KGZ,2019,723,115,17482,4150,322,489,1513,2143,170,27107,4750.777239,0.698,71.2301
Latvia,LVA,1990,610,156,19368,5626,186,79,750,248,41,27064,17548.40684,0.73,69.1956
Latvia,LVA,1991,625,155,19405,5635,199,80,717,266,43,27125,15796.81227,0.727,69.1698
Latvia,LVA,1992,639,156,19918,5738,216,83,697,290,73,27810,10258.69473,0.706,68.7405
Latvia,LVA,1993,653,166,22027,6285,257,91,733,362,74,30648,8843.247431,0.69,67.2309
Latvia,LVA,1994,659,173,23497,6711,291,99,753,432,81,32696,9027.031822,0.687,66.2332
Latvia,LVA,1995,657,165,22032,6298,282,97,672,430,93,30726,9271.244551,0.696,67.015
Latvia,LVA,1996,660,151,19321,5532,246,96,559,369,82,27016,9574.118103,0.711,68.9333
Latvia,LVA,1997,672,149,18700,5419,244,99,527,361,92,26263,10203.41645,0.722,69.3086
Latvia,LVA,1998,685,155,19316,5709,264,105,522,397,89,27242,11171.67448,0.733,69.1628
Latvia,LVA,1999,693,152,18422,5537,256,105,484,383,96,26128,11572.9806,0.746,69.9127
Latvia,LVA,2000,697,152,17900,5481,250,104,461,388,95,25528,12182.65733,0.756,70.2517
Latvia,LVA,2001,704,160,18682,5773,271,113,473,430,83,26689,13247.32117,0.767,70.0696
Latvia,LVA,2002,711,161,18420,5771,269,116,468,434,81,26431,14202.08339,0.778,70.3509
Latvia,LVA,2003,722,166,18379,5780,277,120,462,439,97,26442,15526.48086,0.787,70.6236
Latvia,LVA,2004,733,167,18163,5832,277,128,457,451,80,26288,16863.32718,0.799,70.9252
Latvia,LVA,2005,743,173,18604,6109,296,144,474,494,84,27121,19008.8348,0.808,70.7781
Latvia,LVA,2006,755,183,19287,6447,337,166,489,550,98,28312,21235.12436,0.815,70.877
Latvia,LVA,2007,764,184,18773,6456,358,191,489,566,95,27876,24269.96109,0.82,71.0566
Latvia,LVA,2008,775,181,17555,6207,357,210,463,523,118,26389,24042.56028,0.827,72.0358
Latvia,LVA,2009,791,179,16856,6102,371,225,446,497,105,25572,22701.32514,0.826,72.754
Latvia,LVA,2010,808,179,16628,6111,382,242,446,484,131,25411,20902.91306,0.824,72.9538
Latvia,LVA,2011,829,179,16290,6063,376,259,441,459,128,25024,21970.60507,0.831,73.6934
Latvia,LVA,2012,855,180,16142,5998,371,275,443,446,138,24848,23245.50419,0.833,73.7447
Latvia,LVA,2013,885,185,16414,6092,379,295,451,458,148,25307,24172.55493,0.843,74.1825
Latvia,LVA,2014,908,182,15979,5966,371,297,445,443,141,24732,24833.9538,0.846,74.4319
Latvia,LVA,2015,928,183,15740,5842,360,295,441,431,144,24364,25952.38949,0.85,74.6854
Latvia,LVA,2016,948,182,15514,5635,345,277,429,402,134,23866,27395.61007,0.855,74.7535
Latvia,LVA,2017,970,185,15548,5608,340,270,429,396,128,23874,28601.52573,0.86,74.8054
Latvia,LVA,2018,1002,188,15702,5609,337,267,432,392,123,24052,29894.57755,0.866,75.0012
Latvia,LVA,2019,1031,190,15779,5601,335,263,433,388,118,24138,31058.91587,0.871,75.5337
Lebanon,LBN,1990,363,83,8826,2932,436,621,695,358,48,14362,9196.571176,,64.4747
Lebanon,LBN,1991,374,85,8869,2993,441,630,702,363,53,14510,10999.15835,,71.1761
Lebanon,LBN,1992,388,87,8996,3078,450,638,715,370,58,14780,12403.2203,,71.1924
Lebanon,LBN,1993,403,89,9129,3159,459,647,729,375,62,15052,12822.9799,,71.3824
Lebanon,LBN,1994,418,90,9161,3210,462,650,737,377,66,15171,13382.30811,,71.6808
Lebanon,LBN,1995,435,92,9207,3285,468,659,746,380,69,15341,13844.4596,,72.0432
Lebanon,LBN,1996,454,95,9308,3379,477,672,761,384,71,15601,14884.52454,,72.2931
Lebanon,LBN,1997,476,98,9467,3496,489,686,780,390,72,15954,14727.6782,,72.7779
Lebanon,LBN,1998,500,102,9614,3611,502,702,797,404,73,16305,14956.28485,,72.9436
Lebanon,LBN,1999,521,104,9736,3782,507,712,810,411,74,16657,14715.15309,,73.4905
Lebanon,LBN,2000,544,108,9919,3975,513,726,826,416,75,17102,14641.01969,,73.9309
Lebanon,LBN,2001,568,112,10175,4198,521,743,846,423,73,17659,14303.66653,,74.3648
Lebanon,LBN,2002,595,118,10473,4422,532,759,865,429,71,18264,13498.13029,,75.0642
Lebanon,LBN,2003,625,124,10843,4648,546,779,888,437,67,18957,11548.22517,,75.5932
Lebanon,LBN,2004,656,131,11269,4869,567,802,917,444,64,19719,13723.97772,,75.9761
Lebanon,LBN,2005,690,138,11730,5093,586,823,946,453,62,20521,14138.56631,0.737,76.2726
Lebanon,LBN,2006,725,146,12217,5315,610,847,975,461,60,21356,14401.34173,0.734,76.0796
Lebanon,LBN,2007,763,155,12719,5532,635,872,1005,472,59,22212,16062.98559,0.752,77.0801
Lebanon,LBN,2008,803,164,13194,5725,660,897,1034,482,58,23017,17274.97518,0.76,77.5844
Lebanon,LBN,2009,844,173,13590,5921,686,924,1055,492,58,23743,18470.48039,0.767,77.8892
Lebanon,LBN,2010,884,181,13927,6105,710,952,1071,501,60,24391,19248.7465,0.77,78.1559
Lebanon,LBN,2011,927,190,14393,6332,736,980,1094,516,62,25230,18628.30996,0.771,78.4036
Lebanon,LBN,2012,968,197,14796,6547,757,1002,1112,530,63,25972,17964.63874,0.762,78.6284
Lebanon,LBN,2013,1009,203,15132,6740,779,1027,1127,542,62,26621,17437.60574,0.759,78.7652
Lebanon,LBN,2014,1048,208,15416,6892,799,1055,1140,551,61,27170,16794.97735,0.75,78.9727
Lebanon,LBN,2015,1088,212,15644,7016,815,1083,1150,559,61,27628,16178.16274,0.746,79.2294
Lebanon,LBN,2016,1130,216,15843,7136,825,1107,1159,568,61,28045,15891.85225,0.743,79.5054
Lebanon,LBN,2017,1173,219,16017,7254,834,1129,1168,578,61,28433,15980.11283,0.75,79.6543
Lebanon,LBN,2018,1215,223,16168,7379,847,1155,1176,587,61,28811,15586.30415,0.75,79.729
Lebanon,LBN,2019,1255,226,16329,7493,859,1180,1185,596,61,29184,14377.64877,0.745,79.2359
Lesotho,LSO,1990,119,21,2547,1069,469,224,1000,308,507,6264,2391.73844,0.479,59.3983
Lesotho,LSO,1991,123,22,2563,1083,478,228,1000,309,850,6656,2288.9999,0.478,59.1931
Lesotho,LSO,1992,126,23,2601,1107,492,235,1005,312,1367,7268,2274.089439,0.476,58.555
Lesotho,LSO,1993,129,23,2633,1131,505,242,1008,315,2105,8091,2271.234945,0.472,57.9912
Lesotho,LSO,1994,133,24,2688,1168,524,252,1019,320,3093,9221,2231.258477,0.475,58.0183
Lesotho,LSO,1995,136,25,2720,1199,538,259,1023,325,4335,10560,2227.273616,0.472,56.7232
Lesotho,LSO,1996,139,25,2742,1230,551,268,1024,329,5808,12116,2293.475494,0.467,55.2321
Lesotho,LSO,1997,141,26,2784,1272,568,280,1030,334,7467,13902,2392.017605,0.462,53.5942
Lesotho,LSO,1998,144,27,2927,1345,608,300,1055,345,9245,15996,2747.531806,0.46,51.7833
Lesotho,LSO,1999,146,28,3068,1420,651,320,1080,355,11063,18131,2746.813803,0.452,50.0806
Lesotho,LSO,2000,149,30,3283,1518,716,345,1121,369,12815,20346,2678.852288,0.452,48.4266
Lesotho,LSO,2001,149,31,3373,1570,757,361,1134,372,14299,22046,2646.6503,0.448,46.8493
Lesotho,LSO,2002,148,32,3518,1640,815,383,1161,377,15644,23718,2681.354652,0.446,45.5946
Lesotho,LSO,2003,146,34,3686,1718,883,408,1192,380,16919,25366,2792.87704,0.449,44.5296
Lesotho,LSO,2004,143,35,3801,1772,934,427,1213,381,17922,26628,2782.434202,0.448,43.7108
Lesotho,LSO,2005,140,35,3874,1811,978,441,1222,378,18163,27042,2670.536131,0.448,43.2325
Lesotho,LSO,2006,138,35,3901,1834,999,450,1218,374,17506,26455,2686.451808,0.446,42.9136
Lesotho,LSO,2007,136,35,3921,1858,1021,458,1211,369,15716,24725,2976.207122,0.452,43.1225
Lesotho,LSO,2008,134,36,3960,1898,1051,469,1209,368,13744,22869,3074.951173,0.457,43.5657
Lesotho,LSO,2009,132,36,3946,1917,1065,476,1194,365,12596,21727,2916.204121,0.457,44.034
Lesotho,LSO,2010,130,36,3986,1962,1098,489,1195,366,11834,21096,3004.195059,0.467,45.5955
Lesotho,LSO,2011,130,36,3993,1996,1122,500,1187,367,11991,21322,2937.125676,0.475,46.6919
Lesotho,LSO,2012,128,36,4059,2058,1166,517,1195,374,12704,22237,3004.064818,0.486,47.8354
Lesotho,LSO,2013,127,37,4120,2113,1204,531,1200,381,13247,22960,2998.102546,0.49,49.0024
Lesotho,LSO,2014,127,37,4151,2155,1235,543,1198,388,13576,23410,2951.831616,0.496,50.0327
Lesotho,LSO,2015,126,37,4136,2177,1254,550,1184,392,13238,23094,3046.013954,0.503,51.1014
Lesotho,LSO,2016,126,37,4059,2168,1253,550,1155,392,12179,21919,3165.809722,0.514,52.2641
Lesotho,LSO,2017,127,37,4004,2163,1241,546,1130,392,11184,20824,3031.409555,0.518,53.0636
Lesotho,LSO,2018,128,37,4000,2184,1250,551,1118,393,10832,20493,2997.479203,0.522,53.733
Lesotho,LSO,2019,129,37,4028,2216,1269,559,1116,395,10793,20542,2959.46875,0.524,54.1726
Liberia,LBR,1990,139,47,2990,1163,318,450,437,695,123,6362,1825.789144,,36.6883
Liberia,LBR,1991,145,49,3066,1193,333,459,446,716,176,6583,1593.527109,,42.795
Liberia,LBR,1992,151,50,3114,1205,344,461,454,727,253,6759,1054.331589,,42.7378
Liberia,LBR,1993,157,51,3139,1202,354,457,462,737,356,6915,715.5722036,,42.1661
Liberia,LBR,1994,162,52,3178,1202,364,454,472,749,489,7122,557.0866659,,41.7956
Liberia,LBR,1995,165,52,3181,1184,369,443,477,748,646,7265,518.1478929,,43.9166
Liberia,LBR,1996,169,52,3290,1211,386,453,503,787,828,7679,549.8104414,,44.4188
Liberia,LBR,1997,173,52,3268,1193,390,443,503,785,1041,7848,1053.348615,,47.8468
Liberia,LBR,1998,177,52,3265,1194,397,436,504,787,1264,8076,1273.873734,,48.9009
Liberia,LBR,1999,182,52,3226,1188,398,425,495,782,1479,8227,1226.603316,0.397,49.9526
Liberia,LBR,2000,191,54,3245,1210,406,424,488,783,1681,8482,1596.838046,0.438,51.356
Liberia,LBR,2001,195,54,3201,1219,407,418,471,773,1869,8607,1584.783856,0.443,52.7518
Liberia,LBR,2002,204,57,3215,1244,416,420,462,768,2053,8839,1605.92906,0.447,53.7879
Liberia,LBR,2003,206,57,3205,1260,420,421,455,766,2207,8997,1102.742096,0.422,53.0424
Liberia,LBR,2004,210,58,3239,1290,428,427,455,771,2344,9222,1110.484353,0.434,56.0131
Liberia,LBR,2005,216,59,3298,1332,438,437,462,787,2449,9478,1139.17391,0.437,56.9117
Liberia,LBR,2006,225,62,3420,1392,458,457,475,808,2426,9723,1189.735474,0.443,57.6199
Liberia,LBR,2007,228,63,3498,1441,473,472,481,824,2375,9855,1253.227325,0.448,58.2845
Liberia,LBR,2008,234,65,3604,1494,492,493,491,835,2401,10109,1288.458451,0.453,58.7717
Liberia,LBR,2009,238,66,3718,1568,513,521,505,864,2366,10359,1303.892719,0.456,59.1942
Liberia,LBR,2010,242,67,3821,1642,536,550,516,893,2257,10524,1334.641591,0.46,59.4331
Liberia,LBR,2011,247,68,3888,1696,554,572,521,897,2165,10608,1398.769059,0.464,59.6198
Liberia,LBR,2012,253,69,3991,1773,572,590,532,922,2157,10859,1467.404727,0.47,59.9128
Liberia,LBR,2013,257,69,4037,1821,582,598,533,928,2187,11012,1552.5827,0.475,59.9426
Liberia,LBR,2014,257,68,3996,1824,577,596,521,912,2213,10964,1523.60259,0.472,59.1208
Liberia,LBR,2015,263,69,4048,1853,583,606,519,906,2221,11068,1484.924981,0.473,59.1485
Liberia,LBR,2016,265,69,4066,1882,590,612,517,905,2163,11069,1425.324418,0.478,60.4162
Liberia,LBR,2017,271,70,4104,1916,598,617,517,917,1989,10999,1424.468657,0.481,60.5535
Liberia,LBR,2018,278,71,4204,1982,615,630,525,932,1755,10992,1406.047065,0.483,60.8532
Liberia,LBR,2019,284,72,4299,2053,634,645,534,955,1652,11128,1338.470653,0.484,61.1044
Libya,LBY,2007,690,119,7982,3370,509,822,742,512,56,14802,19546.14203,0.741,71.8628
Libya,LBY,2008,724,130,8216,3562,547,876,778,528,59,15420,19191.74264,0.741,72.2687
Libya,LBY,2009,752,139,8700,3770,593,942,811,543,61,16311,18083.09796,0.738,72.3555
Libya,LBY,2010,766,142,8624,3822,599,950,807,540,65,16315,18662.58731,0.739,72.3741
Libya,LBY,1990,417,67,5887,2033,271,522,559,417,8,10181,14478.84909,0.666,69.4231
Libya,LBY,1991,428,68,5864,2066,275,527,556,420,9,10213,16347.65461,0.677,69.8204
Libya,LBY,1992,438,68,5777,2096,275,522,548,421,10,10155,15540.54357,0.681,70.2324
Libya,LBY,1993,452,69,5796,2139,279,530,549,424,11,10249,14633.29408,0.684,70.4202
Libya,LBY,1994,465,70,5813,2179,283,538,551,426,13,10338,14607.17074,0.689,70.7063
Libya,LBY,1995,478,71,5815,2214,286,544,552,428,14,10402,14004.17195,0.694,71.0895
Libya,LBY,1996,494,72,5819,2248,289,550,553,430,16,10471,14052.89182,0.699,71.2843
Libya,LBY,1997,513,77,6074,2359,304,573,577,443,18,10938,14560.82282,0.704,71.1292
Libya,LBY,1998,532,82,6411,2487,326,605,609,457,20,11529,13857.3438,0.706,71.0788
Libya,LBY,1999,546,85,6643,2591,343,631,629,468,23,11959,13710.48835,0.709,71.0585
Libya,LBY,2000,561,89,6815,2670,360,653,646,475,26,12295,13784.74272,0.712,70.6804
Libya,LBY,2001,579,94,7011,2745,376,670,669,479,31,12654,13663.37255,0.716,70.8611
Libya,LBY,2002,595,100,7238,2831,395,690,694,484,35,13062,13595.56033,0.716,71.004
Libya,LBY,2003,605,102,7206,2868,401,693,692,481,39,13087,15504.65622,0.724,71.1322
Libya,LBY,2004,614,99,6939,2834,396,682,660,470,44,12738,15783.43871,0.731,71.4896
Libya,LBY,2005,627,100,6975,2901,410,695,659,470,48,12885,17476.95661,0.735,71.5917
Libya,LBY,2006,646,105,7150,3022,435,722,672,477,52,13281,18761.28499,0.739,71.7237
Libya,LBY,2011,785,147,8868,3945,620,976,833,556,69,16799,9229.557288,0.69,70.0707
Libya,LBY,2012,812,151,9022,4069,641,1000,843,565,72,17175,16671.4704,0.726,72.2473
Libya,LBY,2013,845,157,9421,4225,669,1042,876,578,76,17889,13812.40286,0.716,72.3397
Libya,LBY,2014,881,165,9961,4424,707,1102,926,601,75,18842,10753.74104,0.699,71.5114
Libya,LBY,2015,911,170,10473,4599,742,1157,970,620,76,19718,10854.91959,0.699,71.6982
Libya,LBY,2016,947,177,11064,4781,776,1209,1021,644,78,20697,10430.01119,0.696,71.756
Libya,LBY,2017,994,185,11658,4979,813,1264,1074,671,80,21718,13686.02253,0.714,72.4818
Libya,LBY,2018,1044,194,12210,5202,855,1319,1125,697,83,22729,15526.25699,0.722,72.7938
Libya,LBY,2019,1094,203,12747,5435,898,1374,1173,724,85,23733,15687.71125,0.722,72.4634
Lithuania,LTU,1990,855,146,20866,7018,198,116,1473,353,28,31053,15372.70508,0.734,71.0085
Lithuania,LTU,1991,877,150,21748,7355,219,125,1467,391,31,32363,14515.93603,0.729,70.5662
Lithuania,LTU,1992,898,149,21597,7289,223,131,1388,409,22,32106,11472.76501,0.714,70.4432
Lithuania,LTU,1993,927,160,23740,7953,253,157,1479,480,26,35175,9649.289894,0.697,68.9906
Lithuania,LTU,1994,937,162,24268,8160,264,179,1463,542,48,36023,8749.794986,0.693,68.9107
Lithuania,LTU,1995,938,157,23619,8048,262,188,1380,563,56,35211,9057.384378,0.701,69.3271
Lithuania,LTU,1996,939,152,22290,7681,248,188,1268,541,31,33338,9955.970747,0.717,70.2314
Lithuania,LTU,1997,943,150,21289,7429,235,190,1179,539,26,31980,11067.73287,0.732,70.9131
Lithuania,LTU,1998,949,155,21229,7596,238,204,1155,585,42,32153,11905.08217,0.744,71.1886
Lithuania,LTU,1999,951,156,20598,7597,229,212,1103,605,67,31518,12004.8005,0.753,71.5625
Lithuania,LTU,2000,957,158,20116,7634,227,214,1066,648,57,31077,12815.86855,0.766,72.0888
Lithuania,LTU,2001,969,171,21048,7991,235,230,1084,752,60,32540,13815.5806,0.776,71.7902
Lithuania,LTU,2002,977,177,20968,7965,235,234,1062,803,60,32481,14974.65542,0.786,71.8008
Lithuania,LTU,2003,990,187,21231,8058,237,240,1045,886,70,32944,16462.18601,0.8,72.1439
Lithuania,LTU,2004,1005,195,21346,8077,240,243,1018,967,85,33176,18470.36986,0.809,72.228
Lithuania,LTU,2005,1026,213,22657,8483,262,259,1041,1147,62,35150,20467.18814,0.817,71.7418
Lithuania,LTU,2006,1047,227,23327,8640,270,268,1041,1313,63,36196,21892.72195,0.823,71.5768
Lithuania,LTU,2007,1062,239,23757,9074,276,272,1046,1455,76,37257,24341.03324,0.83,71.5366
Lithuania,LTU,2008,1081,245,23217,8931,266,263,975,1389,84,36451,25922.42946,0.84,72.417
Lithuania,LTU,2009,1101,239,21659,8383,241,240,888,1198,78,34027,23068.45458,0.839,73.1775
Lithuania,LTU,2010,1132,247,21923,8535,240,240,877,1171,89,34454,23319.32486,0.842,73.4236
Lithuania,LTU,2011,1173,252,21835,8428,239,242,857,1131,78,34235,24538.41744,0.849,73.9256
Lithuania,LTU,2012,1219,258,21766,8371,241,245,840,1091,68,34099,25601.69818,0.851,74.2029
Lithuania,LTU,2013,1275,268,22140,8453,244,255,841,1088,65,34629,26958.98289,0.854,74.3116
Lithuania,LTU,2014,1326,268,21628,8251,236,254,808,1009,75,33855,28610.72871,0.861,74.8426
Lithuania,LTU,2015,1373,278,22135,8409,245,266,818,999,69,34592,29301.09772,0.862,74.6103
Lithuania,LTU,2016,1414,282,22068,8404,249,272,810,975,76,34550,30786.23947,0.868,74.8816
Lithuania,LTU,2017,1449,276,21153,7956,247,267,772,869,67,33056,32541.17287,0.876,75.4399
Lithuania,LTU,2018,1494,278,21346,7947,241,264,785,847,64,33266,33963.01256,0.88,75.6767
Lithuania,LTU,2019,1542,276,21301,7870,238,262,779,830,61,33159,35705.28941,0.884,76.2119
Luxembourg,LUX,1990,94,29,1685,1039,59,52,176,100,5,3239,60748.57162,0.786,75.6045
Luxembourg,LUX,1991,98,30,1664,1048,60,52,181,100,7,3240,64704.86147,0.796,75.8332
Luxembourg,LUX,1992,102,30,1631,1047,61,53,183,98,8,3213,63988.76049,0.8,75.3879
Luxembourg,LUX,1993,106,31,1609,1054,61,55,188,98,10,3212,66127.32226,0.81,75.9415
Luxembourg,LUX,1994,110,31,1573,1052,60,56,189,97,10,3178,65931.02469,0.819,76.4662
Luxembourg,LUX,1995,114,32,1552,1059,61,59,188,98,11,3174,68122.96733,0.824,76.7049
Luxembourg,LUX,1996,117,32,1539,1059,61,61,186,98,9,3162,69216.70676,0.832,76.597
Luxembourg,LUX,1997,120,33,1513,1058,59,64,186,97,6,3136,72119.6537,0.839,76.8887
Luxembourg,LUX,1998,124,34,1489,1068,57,66,184,97,4,3123,71599.08344,0.846,77.0021
Luxembourg,LUX,1999,127,35,1461,1070,57,68,185,99,4,3106,76724.83651,0.861,77.621
Luxembourg,LUX,2000,131,37,1445,1085,58,73,183,99,4,3115,78558.31204,0.864,77.8112
Luxembourg,LUX,2001,133,37,1406,1075,57,74,179,97,4,3062,79030.83314,0.869,78.1614
Luxembourg,LUX,2002,135,38,1392,1084,58,76,181,96,4,3064,75887.83168,0.874,78.3607
Luxembourg,LUX,2003,135,39,1365,1089,58,77,178,94,4,3039,73474.47738,0.873,77.7679
Luxembourg,LUX,2004,137,41,1355,1112,59,79,180,94,4,3061,84564.32485,0.882,79.2197
Luxembourg,LUX,2005,141,42,1344,1122,60,81,182,92,3,3067,87012.00638,0.884,79.4015
Luxembourg,LUX,2006,145,44,1333,1135,61,83,182,93,3,3079,82926.69144,0.885,79.4147
Luxembourg,LUX,2007,150,45,1300,1141,61,86,184,90,3,3060,93173.94869,0.887,79.4774
Luxembourg,LUX,2008,155,46,1270,1144,61,88,186,88,3,3041,87146.29368,0.9,80.4718
Luxembourg,LUX,2009,160,47,1263,1164,61,90,191,88,3,3067,67785.36384,0.905,80.6129
Luxembourg,LUX,2010,168,49,1262,1175,63,94,195,88,3,3097,75754.521,0.912,80.5731
Luxembourg,LUX,2011,175,50,1254,1184,63,98,198,87,2,3111,76932.51077,0.913,80.7663
Luxembourg,LUX,2012,183,51,1251,1197,63,102,202,87,2,3138,85299.29025,0.916,80.9818
Luxembourg,LUX,2013,190,53,1253,1209,64,106,204,87,2,3168,80965.91409,0.921,81.3663
Luxembourg,LUX,2014,197,53,1236,1216,64,109,203,86,2,3166,83495.1083,0.926,81.7343
Luxembourg,LUX,2015,207,54,1222,1207,64,111,205,85,3,3158,74254.42678,0.915,81.8384
Luxembourg,LUX,2016,214,53,1212,1195,62,110,204,84,2,3136,77076.00087,0.923,82.0535
Luxembourg,LUX,2017,223,54,1253,1226,64,113,210,86,2,3231,82296.95125,0.919,81.734
Luxembourg,LUX,2018,232,56,1290,1258,66,116,215,88,2,3323,81398.52451,0.922,81.8035
Luxembourg,LUX,2019,241,57,1332,1295,68,119,221,90,2,3425,76018.56437,0.927,82.1434
Madagascar,MDG,1990,499,123,19445,5984,1506,1196,4165,2798,1,35717,1781.244735,,51.7009
Madagascar,MDG,1991,506,124,19826,6020,1512,1198,4231,2822,3,36242,1608.480191,,52.3566
Madagascar,MDG,1992,514,124,20157,6066,1520,1201,4277,2844,6,36709,1596.031454,,53.0386
Madagascar,MDG,1993,520,127,21032,6222,1576,1233,4455,2933,12,38110,1584.924367,,53.906
Madagascar,MDG,1994,523,124,20539,6112,1532,1205,4467,2894,22,37418,1526.520999,,54.4362
Madagascar,MDG,1995,531,138,21799,6324,1644,1227,4639,2972,40,39314,1506.051087,,54.9612
Madagascar,MDG,1996,536,139,22159,6391,1674,1240,4670,3013,89,39911,1506.019116,,55.522
Madagascar,MDG,1997,540,140,22504,6511,1703,1252,4713,3069,162,40594,1517.086441,,56.2233
Madagascar,MDG,1998,544,142,22971,6650,1744,1272,4786,3138,245,41492,1530.907274,,56.9169
Madagascar,MDG,1999,547,141,22860,6651,1738,1266,4769,3148,351,41471,1558.499286,0.436,57.3717
Madagascar,MDG,2000,552,141,23013,6708,1752,1271,4763,3183,480,41863,1583.262569,0.443,57.9382
Madagascar,MDG,2001,558,142,23138,6782,1771,1275,4726,3227,626,42245,1629.996113,0.451,58.5702
Madagascar,MDG,2002,566,145,23830,6979,1833,1306,4793,3314,783,43549,1385.385729,0.447,58.8925
Madagascar,MDG,2003,572,147,24416,7131,1890,1332,4837,3394,944,44663,1476.263466,0.457,59.491
Madagascar,MDG,2004,580,149,24756,7254,1918,1343,4830,3450,1103,45383,1513.377245,0.465,60.1487
Madagascar,MDG,2005,591,150,24922,7361,1930,1352,4841,3504,1254,45905,1529.064221,0.469,60.5697
Madagascar,MDG,2006,601,151,25124,7419,1943,1360,4842,3527,1392,46359,1561.651344,0.475,61.3152
Madagascar,MDG,2007,608,151,25464,7520,1964,1376,4874,3566,1520,47043,1627.542304,0.482,61.7571
Madagascar,MDG,2008,623,155,26373,7797,2033,1423,5008,3683,1643,48738,1689.493909,0.49,62.1418
Madagascar,MDG,2009,638,158,27161,8040,2101,1473,5108,3778,1759,50216,1571.309425,0.493,62.7343
Madagascar,MDG,2010,653,161,27799,8226,2157,1507,5162,3848,1865,51378,1532.139834,0.492,62.8729
Madagascar,MDG,2011,669,164,28451,8457,2215,1547,5247,3886,1962,52598,1515.81552,0.494,63.4942
Madagascar,MDG,2012,687,167,29119,8699,2276,1587,5321,3923,2065,53844,1496.277412,0.496,63.5436
Madagascar,MDG,2013,705,171,29780,8933,2332,1624,5374,3960,2172,55051,1486.198892,0.499,63.9616
Madagascar,MDG,2014,724,174,30477,9214,2394,1671,5458,4003,2269,56384,1505.548661,0.502,64.2553
Madagascar,MDG,2015,746,179,31277,9508,2466,1720,5549,4059,2354,57858,1494.630382,0.504,64.339
Madagascar,MDG,2016,771,185,32217,9844,2549,1771,5647,4139,2392,59515,1507.431247,0.505,64.9969
Madagascar,MDG,2017,800,192,33211,10224,2640,1824,5774,4281,2438,61384,1541.173158,0.507,65.0938
Madagascar,MDG,2018,830,200,34374,10639,2751,1885,5915,4407,2509,63510,1548.073162,0.507,65.2697
Madagascar,MDG,2019,859,208,35397,11011,2848,1938,6030,4524,2530,65345,1559.741867,0.51,65.8821
Malawi,MWI,1990,367,101,9669,6028,1427,1037,1816,2900,13908,37253,931.5504211,0.303,43.3227
Malawi,MWI,1991,377,103,9902,6155,1461,1065,1850,2970,18806,42689,992.2126989,0.309,43.3124
Malawi,MWI,1992,387,106,10175,6256,1502,1094,1889,3031,24280,48720,911.3270308,0.319,43.4126
Malawi,MWI,1993,398,109,10359,6276,1530,1110,1909,3048,30480,55219,997.1434953,0.327,43.3876
Malawi,MWI,1994,409,113,10646,6300,1579,1131,1940,3080,37145,62343,891.7867647,0.326,43.5613
Malawi,MWI,1995,423,117,10926,6330,1632,1157,1962,3137,43480,69164,1030.532941,0.367,43.6414
Malawi,MWI,1996,438,122,11216,6361,1692,1189,1983,3209,49374,75584,1086.252607,0.368,43.4408
Malawi,MWI,1997,456,127,11475,6463,1753,1222,2003,3283,54877,81659,1100.854233,0.369,43.1312
Malawi,MWI,1998,475,132,11824,6645,1835,1268,2039,3385,59688,87291,1112.580694,0.369,42.8479
Malawi,MWI,1999,494,135,11956,6877,1876,1304,2062,3442,63585,91731,1114.533513,0.375,43.568
Malawi,MWI,2000,516,138,12015,7022,1904,1328,2065,3470,66561,95019,1102.201953,0.374,44.5181
Malawi,MWI,2001,531,138,11903,7039,1897,1325,2038,3441,68734,97046,1021.417235,0.38,45.895
Malawi,MWI,2002,555,141,11979,7146,1920,1339,2038,3445,70145,98708,1013.803213,0.386,47.2214
Malawi,MWI,2003,576,143,12081,7296,1948,1356,2041,3455,70966,99862,1046.060197,0.393,48.79
Malawi,MWI,2004,598,146,12232,7374,1961,1359,2041,3463,71125,100299,1075.720983,0.4,50.4534
Malawi,MWI,2005,620,148,12193,7396,1951,1350,2024,3437,69277,98396,1082.36655,0.406,52.0445
Malawi,MWI,2006,645,151,12260,7401,1954,1353,2022,3402,64699,93887,1102.86281,0.415,53.2377
Malawi,MWI,2007,666,153,12307,7398,1954,1354,2008,3366,58137,87343,1175.387253,0.423,53.946
Malawi,MWI,2008,696,157,12453,7446,1969,1367,2008,3347,50471,79914,1229.60102,0.433,54.6036
Malawi,MWI,2009,723,161,12709,7681,2002,1403,2040,3374,44036,74129,1294.266832,0.445,55.4476
Malawi,MWI,2010,753,166,13020,7991,2059,1450,2087,3434,39192,70152,1344.092199,0.456,56.3806
Malawi,MWI,2011,783,171,13246,8300,2102,1490,2132,3383,34354,65961,1369.537547,0.463,57.4547
Malawi,MWI,2012,810,175,13438,8472,2128,1513,2153,3315,28814,60818,1356.039974,0.47,58.6786
Malawi,MWI,2013,838,179,13601,8621,2156,1539,2170,3272,24373,56749,1386.630627,0.478,59.7288
Malawi,MWI,2014,862,182,13826,8787,2188,1571,2194,3275,22035,54920,1425.155709,0.487,60.8991
Malawi,MWI,2015,891,188,14132,9005,2238,1613,2234,3331,20660,54292,1425.185701,0.491,61.3781
Malawi,MWI,2016,918,194,14450,9210,2292,1651,2269,3426,19307,53717,1421.541999,0.498,62.2093
Malawi,MWI,2017,948,199,14731,9425,2339,1683,2302,3557,17328,52512,1439.504186,0.505,62.9769
Malawi,MWI,2018,984,206,15181,9788,2417,1733,2353,3614,15284,51560,1463.544391,0.51,63.2758
Malawi,MWI,2019,1019,214,15650,10110,2497,1783,2402,3691,14227,51593,1503.057342,0.519,64.1188
Malaysia,MYS,2007,2163,538,40129,19362,3094,3713,5862,3210,1992,80063,19130.71026,0.747,74.2109
Malaysia,MYS,2008,2253,576,42076,20346,3020,3900,5865,3342,2001,83379,19463.7077,0.756,74.2502
Malaysia,MYS,2010,2354,635,43711,21545,2750,4269,5686,3587,2145,86682,19877.39615,0.769,74.4423
Malaysia,MYS,2013,2672,678,44025,23242,2516,4424,5246,3691,2611,89105,22088.9007,0.785,75.0348
Malaysia,MYS,2014,2808,728,46359,24611,2654,4691,5518,3883,2622,93874,23108.6483,0.792,75.1459
Malaysia,MYS,2015,2951,768,48228,25722,2820,4895,5799,4033,2516,97732,24113.72839,0.797,75.0942
Malaysia,MYS,2016,3134,840,51106,27133,3051,5225,6259,4240,2340,103328,24841.45459,0.803,75.2888
Malaysia,MYS,1990,1267,277,28238,11157,2622,2182,5101,1651,43,52538,9926.576698,0.64,71.3071
Malaysia,MYS,1991,1340,282,28122,11395,2555,2256,5169,1773,105,52997,10511.93791,0.648,71.4417
Malaysia,MYS,1992,1412,294,28479,11770,2537,2371,5323,1913,226,54325,11123.44916,0.656,71.5257
Malaysia,MYS,1993,1489,318,29538,12292,2573,2526,5586,2070,383,56775,11973.56507,0.663,71.8256
Malaysia,MYS,1994,1551,367,31686,12971,2661,2745,6111,2264,569,60925,12754.44777,0.671,72.1627
Malaysia,MYS,1995,1570,399,33552,13847,2810,2960,6540,2475,786,64939,13656.655,0.679,72.3838
Malaysia,MYS,1996,1562,387,32690,14025,2812,2983,6415,2549,1021,64444,14637.59771,0.689,72.3266
Malaysia,MYS,1997,1580,375,32405,14298,2861,3033,6291,2616,1254,64713,15211.49563,0.7,72.2836
Malaysia,MYS,1998,1630,365,32431,14502,2933,3080,6149,2662,1476,65228,13708.29471,0.703,72.1684
Malaysia,MYS,1999,1720,408,36646,16058,3402,3460,6799,2936,1672,73101,13975.51846,0.709,72.2828
Malaysia,MYS,2000,1761,404,35668,15811,3337,3390,6627,2895,1855,71748,14697.54095,0.721,72.7755
Malaysia,MYS,2001,1824,428,36440,16144,3399,3457,6770,2925,2034,73421,14603.07882,0.722,73.3439
Malaysia,MYS,2002,1874,454,37539,16690,3487,3549,6790,2977,2125,75485,15175.46941,0.724,73.5627
Malaysia,MYS,2003,1909,468,38426,17388,3563,3615,6700,3054,2096,77219,15895.37145,0.732,73.7964
Malaysia,MYS,2004,1955,472,38263,17720,3478,3594,6399,3080,2033,76994,16659.08144,0.735,73.8985
Malaysia,MYS,2005,2017,490,38697,18170,3382,3609,6190,3105,1996,77656,17321.67752,0.732,74.0959
Malaysia,MYS,2006,2093,516,39486,18801,3260,3653,6037,3159,1984,78989,18207.30872,0.736,74.1642
Malaysia,MYS,2009,2335,612,43692,21279,2921,4116,5815,3475,2018,86263,19041.72032,0.762,74.2266
Malaysia,MYS,2011,2412,665,44186,22087,2643,4403,5632,3690,2358,88076,20773.27907,0.773,74.7459
Malaysia,MYS,2012,2558,686,44765,22922,2594,4451,5479,3700,2526,89681,21302.85562,0.78,74.944
Malaysia,MYS,2017,3289,889,53286,28348,3250,5476,6603,4419,1939,107499,25910.44685,0.805,75.4763
Malaysia,MYS,2018,3468,936,55363,29603,3467,5719,6926,4573,1596,111651,26720.61992,0.807,75.6444
Malaysia,MYS,2019,3667,1019,58824,31294,3779,6105,7473,4783,1521,118465,27678.64207,0.81,75.7603
Maldives,MDV,1990,7,3,319,95,27,44,96,20,0,611,8184.507833,,63.5777
Maldives,MDV,1991,8,3,332,98,28,45,99,20,0,633,8558.033905,,64.3044
Maldives,MDV,1992,8,3,343,101,29,47,101,21,0,653,8842.705788,,65.0067
Maldives,MDV,1993,8,3,346,103,29,47,101,20,0,657,9141.683215,,65.7392
Maldives,MDV,1994,9,3,343,103,28,46,98,20,0,650,9513.940156,,66.5106
Maldives,MDV,1995,10,3,350,105,28,46,99,20,0,661,9966.142523,0.582,67.476
Maldives,MDV,1996,10,4,365,110,30,48,103,21,0,691,10950.14192,0.593,68.7023
Maldives,MDV,1997,11,4,372,114,30,49,104,21,0,705,11731.66643,0.6,69.2255
Maldives,MDV,1998,11,4,361,114,29,48,100,20,0,687,12074.87414,0.606,69.5716
Maldives,MDV,1999,12,4,355,113,28,47,97,20,0,676,12728.74921,0.619,70.0878
Maldives,MDV,2000,13,4,365,116,29,48,99,20,0,694,13198.07411,0.628,70.8759
Maldives,MDV,2001,14,5,374,119,30,49,100,20,0,711,12323.64223,0.633,72.1809
Maldives,MDV,2002,15,5,363,117,29,48,95,19,0,691,13057.83152,0.636,73.2915
Maldives,MDV,2003,16,5,360,119,29,48,94,19,0,690,14280.85292,0.65,74.0602
Maldives,MDV,2004,17,5,355,120,28,48,92,19,0,684,14838.70168,0.65,73.5379
Maldives,MDV,2005,18,6,354,121,28,49,92,19,1,688,12855.1297,0.649,74.7506
Maldives,MDV,2006,20,6,356,125,29,51,93,19,0,699,15736.31745,0.664,75.1296
Maldives,MDV,2007,21,6,357,129,30,52,94,20,0,709,13737.97058,0.665,75.6858
Maldives,MDV,2008,23,6,362,134,30,54,95,20,0,724,15128.71265,0.677,76.5428
Maldives,MDV,2009,25,7,371,138,32,56,96,20,1,746,13877.43754,0.68,77.0689
Maldives,MDV,2010,26,7,380,143,32,58,98,21,1,766,14199.80449,0.688,77.6573
Maldives,MDV,2011,28,8,384,148,34,61,102,22,1,788,15056.72855,0.7,78.1245
Maldives,MDV,2012,31,8,395,154,36,63,102,23,1,813,14980.45541,0.709,78.6822
Maldives,MDV,2013,33,8,406,160,38,66,103,24,1,839,15088.5491,0.718,79.0566
Maldives,MDV,2014,35,9,419,167,40,69,104,25,1,869,15720.58858,0.728,79.424
Maldives,MDV,2015,37,9,430,173,42,72,104,26,1,894,15717.36243,0.736,79.6953
Maldives,MDV,2016,40,10,452,182,44,75,109,28,1,941,16155.58596,0.741,79.872
Maldives,MDV,2017,42,10,474,192,46,79,113,29,1,986,16631.32167,0.746,79.9429
Maldives,MDV,2018,45,11,498,203,49,84,118,31,1,1040,17147.30852,0.75,80.0132
Maldives,MDV,2019,48,11,522,214,52,89,123,33,1,1093,17710.77696,0.755,80.116
Mali,MLI,1990,464,135,10823,4603,1144,1516,2894,2579,531,24689,1409.193137,0.237,46.6204
Mali,MLI,1991,478,137,10897,4669,1170,1519,2893,2593,775,25131,1548.880292,0.245,47.2164
Mali,MLI,1992,494,141,11079,4776,1211,1532,2924,2633,1092,25882,1460.367638,0.249,47.4957
Mali,MLI,1993,512,144,11214,4872,1249,1535,2942,2662,1488,26618,1472.333934,0.257,47.7325
Mali,MLI,1994,531,148,11440,4991,1300,1548,2987,2709,1958,27612,1470.547585,0.264,47.7415
Mali,MLI,1995,549,152,11689,5125,1356,1560,3032,2752,2493,28708,1435.609201,0.27,47.8157
Mali,MLI,1996,567,155,11905,5203,1403,1559,3051,2780,3079,29702,1496.784482,0.277,47.7916
Mali,MLI,1997,586,158,12016,5264,1447,1550,3045,2794,3693,30553,1526.123265,0.289,48.5312
Mali,MLI,1998,605,160,12061,5302,1481,1530,3030,2791,4309,31269,1601.790029,0.299,49.1643
Mali,MLI,1999,625,163,12153,5356,1514,1517,3021,2790,4904,32043,1657.017601,0.311,49.7966
Mali,MLI,2000,650,170,12399,5464,1567,1548,3050,2820,5458,33126,1614.905697,0.317,50.5393
Mali,MLI,2001,672,177,12502,5532,1607,1578,3070,2848,5938,33924,1741.740136,0.329,51.2838
Mali,MLI,2002,703,188,12811,5702,1670,1650,3133,2922,6316,35095,1718.883953,0.338,52.2222
Mali,MLI,2003,729,196,12935,5815,1714,1688,3168,2962,6556,35763,1870.453761,0.35,52.8926
Mali,MLI,2004,760,206,13155,5949,1765,1723,3223,3009,6574,36364,1841.293378,0.357,53.5385
Mali,MLI,2005,791,215,13402,6086,1813,1759,3276,3055,6602,36999,1900.573317,0.366,54.0029
Mali,MLI,2006,823,225,13760,6227,1870,1816,3342,2986,6357,37406,1913.736974,0.375,54.6149
Mali,MLI,2007,849,233,14165,6425,1938,1885,3440,2945,5819,37699,1917.362328,0.382,54.9411
Mali,MLI,2008,878,243,14643,6621,1999,1963,3524,2899,5477,38247,1952.537578,0.39,55.2907
Mali,MLI,2009,905,251,15117,6829,2064,2041,3620,2867,5247,38941,1947.600342,0.397,55.8745
Mali,MLI,2010,934,258,15491,7024,2123,2098,3692,2825,5077,39522,2000.079768,0.404,56.3817
Mali,MLI,2011,965,265,15797,7166,2168,2136,3742,2775,4916,39930,2007.607523,0.409,56.7553
Mali,MLI,2012,997,272,16123,7330,2214,2178,3797,2752,5033,40696,1928.19902,0.407,57.0792
Mali,MLI,2013,1027,279,16469,7524,2271,2226,3884,2770,5637,42087,1928.51529,0.407,57.3567
Mali,MLI,2014,1048,283,16849,7745,2330,2286,3972,2806,6079,43398,2019.311879,0.415,57.9003
Mali,MLI,2015,1081,292,17542,8044,2416,2373,4098,2876,5969,44691,2091.013072,0.416,58.3632
Mali,MLI,2016,1112,300,18173,8499,2528,2506,4271,3030,5601,46020,2137.343333,0.421,58.7313
Mali,MLI,2017,1145,307,18708,8860,2614,2594,4407,3165,5180,46980,2173.555623,0.426,59.1322
Mali,MLI,2018,1187,317,19138,9107,2689,2649,4494,3216,4728,47525,2217.611028,0.43,59.3934
Mali,MLI,2019,1226,325,19519,9336,2755,2698,4574,3267,4496,48196,2241.781851,0.433,59.6637
Malta,MLT,1990,65,20,1325,615,98,51,106,37,3,2320,19325.52075,0.73,75.9846
Malta,MLT,1991,69,21,1313,619,99,52,109,37,3,2322,20114.01522,0.733,75.4583
Malta,MLT,1992,73,22,1304,626,100,53,112,37,4,2331,20618.92487,0.737,75.3819
Malta,MLT,1993,76,22,1285,635,98,54,113,37,4,2324,21172.83139,0.747,76.6963
Malta,MLT,1994,81,23,1261,638,93,56,113,38,5,2308,21786.23987,0.751,76.6209
Malta,MLT,1995,85,24,1266,655,92,58,116,38,5,2339,22786.05675,0.758,77.0909
Malta,MLT,1996,89,25,1282,668,88,61,118,39,5,2375,23277.92564,0.756,76.1885
Malta,MLT,1997,92,26,1290,682,89,64,122,40,3,2408,24294.24855,0.766,77.3231
Malta,MLT,1998,97,27,1279,686,91,66,122,39,2,2409,24832.67871,0.776,77.7172
Malta,MLT,1999,100,28,1305,702,93,69,124,39,2,2462,26399.64597,0.78,77.8655
Malta,MLT,2000,104,29,1310,721,95,73,122,39,2,2495,26560.46844,0.779,77.58
Malta,MLT,2001,108,31,1312,737,99,76,121,40,2,2526,27166.32577,0.796,79.015
Malta,MLT,2002,112,33,1325,755,103,78,127,41,2,2576,27695.7023,0.8,78.4667
Malta,MLT,2003,115,34,1323,768,107,79,129,42,2,2599,28319.26589,0.812,78.7634
Malta,MLT,2004,119,34,1302,777,110,79,129,42,2,2594,28172.57148,0.825,79.1944
Malta,MLT,2005,124,35,1287,782,109,79,131,41,2,2590,28205.89598,0.832,79.6465
Malta,MLT,2006,129,36,1279,790,110,80,129,41,2,2596,28520.40444,0.831,79.7788
Malta,MLT,2007,133,37,1280,810,112,82,131,41,2,2628,29500.4094,0.837,80.0877
Malta,MLT,2008,138,39,1284,831,113,84,132,41,2,2664,31482.02982,0.841,80.0945
Malta,MLT,2009,144,40,1292,851,111,86,132,40,2,2698,29769.12819,0.847,80.676
Malta,MLT,2010,150,41,1297,868,107,87,134,40,2,2726,31289.63547,0.861,81.8134
Malta,MLT,2011,157,42,1338,885,103,89,134,40,2,2790,32203.80094,0.857,81.1465
Malta,MLT,2012,163,43,1357,901,102,90,135,40,2,2833,32462.76512,0.864,81.3905
Malta,MLT,2013,170,44,1349,913,107,92,139,40,2,2856,33661.96666,0.872,82.0149
Malta,MLT,2014,178,45,1355,928,113,93,142,40,2,2896,35403.22009,0.881,82.7362
Malta,MLT,2015,186,45,1345,919,114,94,141,39,2,2885,37716.50048,0.889,82.9621
Malta,MLT,2016,195,47,1390,941,116,97,145,40,2,2973,36635.29704,0.891,83.1107
Malta,MLT,2017,204,48,1419,960,118,99,149,40,2,3039,38304.2029,0.901,83.5867
Malta,MLT,2018,211,50,1451,979,120,102,152,40,1,3106,40070.42113,0.91,83.3448
Malta,MLT,2019,220,52,1491,1002,123,105,157,40,1,3191,40611.11949,0.915,83.2065
Marshall Islands,MHL,1990,2,2,84,26,13,6,22,7,0,162,3882.06304,,62.1758
Marshall Islands,MHL,1991,2,2,86,27,14,7,23,8,1,170,3794.526435,,62.2817
Marshall Islands,MHL,1992,2,2,89,27,14,7,23,8,1,173,4013.924691,,62.3834
Marshall Islands,MHL,1993,2,2,90,28,15,7,23,8,1,176,4223.778283,,62.4759
Marshall Islands,MHL,1994,2,1,86,27,15,7,21,8,1,168,4457.689088,,62.5584
Marshall Islands,MHL,1995,2,1,88,28,15,8,22,8,1,173,4822.140558,,62.774
Marshall Islands,MHL,1996,2,1,90,29,16,8,22,8,1,177,4338.127309,,63.0339
Marshall Islands,MHL,1997,2,1,93,30,17,9,22,8,1,183,4130.505064,,63.2253
Marshall Islands,MHL,1998,2,1,96,31,18,9,23,8,1,189,4241.190962,,63.3636
Marshall Islands,MHL,1999,2,1,98,31,18,9,23,8,1,191,4288.376549,,63.48
Marshall Islands,MHL,2000,2,1,101,32,19,10,23,8,1,197,4349.440668,,63.2748
Marshall Islands,MHL,2001,2,1,104,33,20,10,23,8,2,203,4555.632878,,63.6425
Marshall Islands,MHL,2002,2,1,107,34,21,11,23,9,2,210,4485.781282,,63.7195
Marshall Islands,MHL,2003,2,1,109,35,22,12,23,9,2,215,4360.960214,,63.7451
Marshall Islands,MHL,2004,2,1,112,36,23,12,23,9,2,220,4301.059971,,63.6954
Marshall Islands,MHL,2005,2,2,115,37,24,12,23,9,2,226,4414.667322,,63.5852
Marshall Islands,MHL,2006,2,2,119,38,25,13,24,9,2,234,4270.59709,,63.4894
Marshall Islands,MHL,2007,2,2,121,39,25,13,24,9,2,237,4401.900551,,63.3597
Marshall Islands,MHL,2008,2,2,124,40,26,13,24,9,2,242,4001.182216,,63.2355
Marshall Islands,MHL,2009,2,2,126,41,26,13,24,9,2,245,4129.404839,,63.2295
Marshall Islands,MHL,2010,2,2,129,42,27,13,24,9,2,250,4242.328294,,63.2261
Marshall Islands,MHL,2011,2,2,132,43,28,14,24,9,2,256,4240.101358,0.633,63.2558
Marshall Islands,MHL,2012,2,2,134,44,28,14,24,9,2,259,3956.773561,0.628,63.3733
Marshall Islands,MHL,2013,3,2,137,46,29,14,24,9,2,266,4238.739586,0.632,63.4642
Marshall Islands,MHL,2014,3,2,139,47,30,15,24,9,3,272,4361.535384,0.633,63.6229
Marshall Islands,MHL,2015,3,2,142,48,31,15,25,10,3,279,4747.619065,0.638,63.8274
Marshall Islands,MHL,2016,3,2,145,49,33,15,25,10,3,285,4714.772323,0.637,64.0569
Marshall Islands,MHL,2017,3,2,149,51,33,16,26,10,3,293,4771.761214,0.638,64.2696
Marshall Islands,MHL,2018,3,2,153,52,35,16,26,10,4,301,4852.882347,0.639,64.5001
Marshall Islands,MHL,2019,3,2,156,54,36,17,26,10,4,308,4956.337016,0.64,64.7458
Mauritania,MRT,1990,136,47,2972,1151,327,450,526,596,42,6247,4386.778052,0.397,59.7696
Mauritania,MRT,1991,141,47,2956,1154,332,452,519,596,48,6245,4396.640843,0.402,59.9361
Mauritania,MRT,1992,147,48,2966,1167,341,458,514,602,53,6296,4373.588889,0.411,60.2614
Mauritania,MRT,1993,153,49,2992,1186,353,466,511,609,57,6376,4487.793432,0.423,60.379
Mauritania,MRT,1994,156,49,2922,1167,354,458,490,597,58,6251,4232.111831,0.435,60.3358
Mauritania,MRT,1995,159,49,2863,1153,357,450,470,590,59,6150,4532.218331,0.441,60.259
Mauritania,MRT,1996,164,49,2865,1170,368,452,460,595,58,6181,4868.734,0.449,60.0633
Mauritania,MRT,1997,170,49,2851,1176,378,449,448,596,56,6173,4543.81375,0.45,60.4521
Mauritania,MRT,1998,181,51,2891,1202,394,455,444,606,54,6278,4573.224189,0.459,60.6093
Mauritania,MRT,1999,184,50,2836,1193,396,444,427,594,52,6176,4628.908582,0.465,60.8187
Mauritania,MRT,2000,189,50,2857,1216,406,448,427,594,50,6237,4304.470931,0.465,61.0282
Mauritania,MRT,2001,193,51,2903,1255,417,458,434,599,48,6358,4062.426871,0.466,61.1852
Mauritania,MRT,2002,199,52,2932,1288,426,465,439,595,47,6443,4185.323624,0.47,61.2679
Mauritania,MRT,2003,211,54,2946,1307,432,468,440,585,45,6488,4343.951495,0.475,61.3473
Mauritania,MRT,2004,217,55,3011,1360,447,479,450,591,44,6654,4419.602642,0.486,61.5931
Mauritania,MRT,2005,222,56,3031,1396,455,484,453,590,41,6728,4642.69383,0.49,61.656
Mauritania,MRT,2006,231,58,3107,1462,472,500,463,595,34,6922,5131.211656,0.5,61.8909
Mauritania,MRT,2007,236,59,3109,1478,474,498,459,577,28,6918,4912.074911,0.499,62.2285
Mauritania,MRT,2008,249,61,3156,1505,482,499,462,564,24,7002,4802.253968,0.499,62.399
Mauritania,MRT,2009,255,63,3276,1585,502,516,477,575,22,7271,4740.631945,0.508,62.8005
Mauritania,MRT,2010,260,64,3307,1613,509,516,477,564,22,7332,4610.543008,0.51,63.1049
Mauritania,MRT,2011,270,67,3396,1667,522,524,486,565,23,7520,4595.369735,0.515,63.3456
Mauritania,MRT,2012,282,70,3532,1753,543,540,502,581,23,7826,4636.124825,0.523,63.5779
Mauritania,MRT,2013,295,72,3613,1813,557,548,511,588,23,8020,4699.217815,0.531,63.9106
Mauritania,MRT,2014,298,73,3589,1811,555,542,502,575,23,7968,4722.797963,0.537,64.1546
Mauritania,MRT,2015,305,75,3679,1859,567,551,506,580,22,8144,4887.008709,0.544,64.4847
Mauritania,MRT,2016,314,76,3678,1883,571,552,504,582,22,8182,4852.883488,0.541,64.7679
Mauritania,MRT,2017,328,79,3809,1972,595,571,517,605,22,8498,5035.931643,0.545,65.0827
Mauritania,MRT,2018,338,82,3873,2013,609,579,520,601,21,8636,5167.404537,0.556,65.31
Mauritania,MRT,2019,347,85,3952,2064,625,590,525,603,21,8812,5277.286821,0.563,65.6869
Mauritius,MUS,1990,97,23,3066,668,355,311,450,265,11,5246,8100.735456,0.626,69.3874
Mauritius,MUS,1991,102,24,3020,670,349,329,437,271,3,5205,8418.285722,0.633,70.0994
Mauritius,MUS,1992,106,25,3107,708,352,356,438,286,2,5380,8833.057472,0.639,70.2878
Mauritius,MUS,1993,112,26,3240,732,346,384,440,307,2,5589,9124.510681,0.643,70.2711
Mauritius,MUS,1994,117,27,3313,753,337,400,440,316,2,5705,9303.503204,0.646,70.3387
Mauritius,MUS,1995,122,28,3331,755,333,419,424,326,2,5740,9610.493904,0.651,70.5263
Mauritius,MUS,1996,127,29,3406,768,343,446,418,336,3,5876,9934.205912,0.654,70.4176
Mauritius,MUS,1997,133,31,3625,802,366,471,438,347,2,6215,10460.29301,0.66,70.6451
Mauritius,MUS,1998,138,32,3543,806,376,450,432,337,4,6118,10965.7532,0.667,70.7884
Mauritius,MUS,1999,144,33,3591,836,411,455,438,342,2,6252,11163.2083,0.674,71.3651
Mauritius,MUS,2000,151,34,3589,865,457,463,436,336,11,6342,11960.98045,0.681,71.6366
Mauritius,MUS,2001,159,35,3575,906,518,476,436,337,8,6450,12392.83332,0.69,71.8868
Mauritius,MUS,2002,167,37,3607,938,607,509,443,342,11,6661,12513.72462,0.694,72.0109
Mauritius,MUS,2003,176,39,3563,979,729,553,447,333,16,6835,13029.60677,0.703,72.2796
Mauritius,MUS,2004,184,40,3399,991,856,603,438,330,19,6860,13583.3464,0.71,72.4841
Mauritius,MUS,2005,192,42,3227,1018,1099,730,449,319,23,7099,13746.94974,0.719,72.6748
Mauritius,MUS,2006,198,43,3065,1035,1257,795,441,310,35,7179,14503.68004,0.726,72.8912
Mauritius,MUS,2007,204,43,2872,1039,1350,823,423,302,56,7112,15559.94762,0.734,73.0795
Mauritius,MUS,2008,212,44,2842,1094,1491,900,427,304,53,7367,16164.99315,0.741,73.3384
Mauritius,MUS,2009,221,46,2810,1132,1585,971,430,306,40,7541,16482.91291,0.749,73.6335
Mauritius,MUS,2010,231,47,2735,1146,1630,1010,424,285,72,7580,16937.87407,0.755,73.9987
Mauritius,MUS,2011,240,47,2665,1153,1646,1027,417,273,69,7537,17443.41474,0.762,74.2406
Mauritius,MUS,2012,253,49,2712,1197,1700,1048,428,255,87,7729,18870.83772,0.775,74.368
Mauritius,MUS,2013,263,50,2714,1224,1685,1051,435,246,109,7777,20120.23012,0.782,74.7117
Mauritius,MUS,2014,273,53,2811,1279,1728,1082,454,244,116,8040,20835.01678,0.793,74.8523
Mauritius,MUS,2015,283,54,2878,1324,1731,1105,462,245,95,8177,21657.23264,0.795,74.9754
Mauritius,MUS,2016,293,56,2993,1375,1763,1154,482,247,131,8494,22415.60786,0.801,75.0114
Mauritius,MUS,2017,304,59,3099,1446,1814,1184,506,249,102,8763,23536.24781,0.805,74.8812
Mauritius,MUS,2018,313,62,3222,1485,1865,1229,523,258,96,9053,24767.93351,0.811,74.9194
Mauritius,MUS,2019,323,63,3309,1517,1899,1260,537,263,91,9262,25589.34366,0.817,75.1179
Mexico,MEX,1990,6577,1514,72347,47078,26772,12176,16910,24013,2059,209446,14478.93425,0.662,69.9707
Mexico,MEX,1991,6870,1564,73390,47898,27542,12769,17171,24522,2542,214268,14895.23039,0.664,70.2977
Mexico,MEX,1992,7188,1625,75338,49311,28646,13550,17613,25279,3101,221651,15159.62013,0.667,70.6161
Mexico,MEX,1993,7534,1702,77605,51003,29958,14484,18264,26322,3726,230598,15226.64346,0.669,70.9423
Mexico,MEX,1994,7896,1785,79494,52572,31137,15470,18858,27107,4045,238364,15693.75777,0.674,71.2787
Mexico,MEX,1995,8277,1891,82593,54492,32695,16821,19782,27772,4585,248908,14266.22566,0.674,71.6457
Mexico,MEX,1996,8591,1976,84663,55907,33486,18099,20497,28190,4990,256399,15045.65751,0.681,72.0369
Mexico,MEX,1997,8839,2042,86316,57687,34288,19979,21052,29117,4784,264104,15959.72196,0.688,72.4454
Mexico,MEX,1998,9086,2094,86888,59271,34243,23172,21384,29907,4894,270939,16530.8313,0.696,72.8448
Mexico,MEX,1999,9409,2141,86882,60134,34553,25608,21623,29780,4981,275111,16797.98889,0.702,73.2249
Mexico,MEX,2000,9819,2190,86807,60780,34530,27900,21596,29767,4854,278243,17380.34283,0.709,73.5692
Mexico,MEX,2001,10326,2271,88486,61870,35435,30100,21930,29840,5060,285318,17117.46397,0.712,73.8668
Mexico,MEX,2002,10885,2408,92538,64169,37679,32663,22888,30639,5171,299040,16899.50116,0.719,74.1059
Mexico,MEX,2003,11464,2545,96254,66271,39678,35304,23830,31406,5280,312032,16906.56362,0.725,74.2743
Mexico,MEX,2004,12033,2627,97149,67109,40445,36988,24129,31223,5381,317084,17372.44081,0.73,74.372
Mexico,MEX,2005,12688,2790,101217,69741,42518,40035,25135,32283,5386,331793,17414.40728,0.733,74.3765
Mexico,MEX,2006,13293,2858,101969,70588,42426,42249,25203,32067,5575,336228,18033.14918,0.741,74.3313
Mexico,MEX,2007,13986,2956,104445,71827,42645,44973,25701,32407,5786,344726,18145.5403,0.743,74.2384
Mexico,MEX,2008,14811,3178,111701,75631,45466,49078,27288,34084,5988,367225,18132.72339,0.745,74.1524
Mexico,MEX,2009,15623,3384,118559,78836,48131,52013,28730,35062,5847,386185,16875.67194,0.745,74.119
Mexico,MEX,2010,16367,3479,121289,79007,48948,52750,29249,34581,5694,391364,17575.83104,0.746,74.1901
Mexico,MEX,2011,17059,3551,123652,79957,49998,53714,29432,34604,5711,397678,17892.18263,0.752,74.3651
Mexico,MEX,2012,17797,3690,128171,82363,52328,55721,30183,35306,5603,411162,18233.04546,0.76,74.574
Mexico,MEX,2013,18605,3952,137676,87008,56724,59238,32047,37382,5460,438092,18061.00979,0.76,74.7391
Mexico,MEX,2014,19229,4096,143034,89821,59888,60822,32846,38330,5311,453377,18423.54338,0.764,74.7974
Mexico,MEX,2015,19798,4205,146828,91814,61729,62551,33364,39202,5300,464791,18777.73886,0.768,74.6822
Mexico,MEX,2016,20753,4316,151252,94653,64470,64653,34057,40744,5093,479991,19021.831,0.772,74.4122
Mexico,MEX,2017,21901,4532,158878,99314,68316,67633,35501,43161,5157,504393,19209.21915,0.775,74.1378
Mexico,MEX,2018,22746,4705,161559,102409,70454,69641,36733,44654,5101,518002,19385.89225,0.777,74.0146
Mexico,MEX,2019,23657,4973,167535,106421,73838,72539,38524,46328,5034,538849,19096.57525,0.779,74.2021
Micronesia,FSM,1990,5,4,245,74,42,22,68,21,6,487,3403.066742,,67.425
Micronesia,FSM,1991,5,4,249,75,45,23,68,21,6,496,3564.224037,,67.619
Micronesia,FSM,1992,5,4,252,77,47,24,68,21,7,505,3611.756334,,67.832
Micronesia,FSM,1993,6,4,254,78,49,26,68,20,7,512,3811.234761,,68.0589
Micronesia,FSM,1994,6,4,256,79,51,27,67,20,7,517,3714.745324,,68.0954
Micronesia,FSM,1995,6,4,257,80,53,28,66,20,7,521,3919.678535,,68.5528
Micronesia,FSM,1996,6,4,258,81,56,29,66,20,7,527,3767.750751,,68.7764
Micronesia,FSM,1997,6,4,260,81,59,31,65,19,7,532,3534.103801,,69.2293
Micronesia,FSM,1998,6,4,261,82,62,32,64,19,7,537,3643.813025,,69.465
Micronesia,FSM,1999,6,4,262,82,65,34,63,19,6,541,3708.873621,,69.7064
Micronesia,FSM,2000,6,4,262,83,68,36,62,18,6,545,3901.334129,0.572,69.769
Micronesia,FSM,2001,6,4,263,84,71,38,60,18,6,550,3994.639735,0.581,70.4791
Micronesia,FSM,2002,7,4,265,84,74,39,59,18,6,556,4021.8568,0.582,69.4595
Micronesia,FSM,2003,7,4,266,85,76,40,58,18,7,561,4089.861687,0.594,70.7605
Micronesia,FSM,2004,7,4,268,86,80,42,57,17,7,568,3974.222704,0.597,70.8382
Micronesia,FSM,2005,7,4,269,87,83,43,56,17,9,575,4074.055525,0.604,70.8844
Micronesia,FSM,2006,7,4,272,89,83,44,55,17,10,581,4100.151841,0.61,71.0932
Micronesia,FSM,2007,7,4,277,90,84,44,55,18,11,590,4060.781798,0.614,71.0599
Micronesia,FSM,2008,7,4,282,92,85,44,55,18,13,600,3997.154642,0.618,71.1373
Micronesia,FSM,2009,7,4,287,94,85,44,55,18,15,609,4063.529719,0.62,71.1122
Micronesia,FSM,2010,7,4,291,95,86,43,55,18,17,616,4157.561384,0.625,71.2328
Micronesia,FSM,2011,7,4,295,96,88,44,55,18,19,626,4268.065578,0.628,71.318
Micronesia,FSM,2012,7,4,298,98,90,44,55,18,21,635,4145.985992,0.628,71.3981
Micronesia,FSM,2013,7,5,303,100,93,44,55,18,23,648,3940.037944,0.626,71.4985
Micronesia,FSM,2014,7,5,308,102,96,45,55,19,27,664,3794.663738,0.625,71.5287
Micronesia,FSM,2015,7,5,312,103,99,46,55,19,31,677,3917.472512,0.626,71.4079
Micronesia,FSM,2016,7,5,316,105,102,46,56,19,35,691,3905.073744,0.629,71.5954
Micronesia,FSM,2017,8,5,321,107,104,47,56,19,38,705,3964.990171,0.632,71.4666
Micronesia,FSM,2018,8,5,326,110,107,48,56,20,41,721,3931.792925,0.633,71.3183
Micronesia,FSM,2019,8,5,331,112,109,49,57,20,45,736,3937.054173,0.633,71.0771
Moldova,MDA,1990,544,153,21003,6280,322,101,1830,3144,54,33431,14243.82394,0.653,68.0673
Moldova,MDA,1991,566,167,22998,6444,364,119,1923,3363,78,36022,11727.66076,0.644,66.9771
Moldova,MDA,1992,576,163,22613,6032,360,121,1836,3148,70,34919,8242.950799,0.632,66.9605
Moldova,MDA,1993,593,171,24183,6086,389,129,1888,3270,98,36807,8178.105482,0.634,66.5434
Moldova,MDA,1994,607,184,27295,6622,456,149,2100,3788,133,41334,5673.553405,0.614,65.0701
Moldova,MDA,1995,616,184,28185,6601,474,159,2117,3944,128,42408,5647.628664,0.618,65.0985
Moldova,MDA,1996,621,174,26882,6108,453,153,1981,3684,156,40212,5532.301662,0.617,64.2414
Moldova,MDA,1997,626,161,24834,5487,407,142,1830,3337,139,36963,5638.947083,0.626,65.1717
Moldova,MDA,1998,644,154,23865,5211,397,139,1761,3157,136,35464,5198.249816,0.628,65.5054
Moldova,MDA,1999,671,155,24482,5229,407,143,1804,3263,161,36315,5083.752625,0.631,65.5609
Moldova,MDA,2000,697,153,24798,5267,397,145,1795,3374,193,36819,5303.632747,0.641,66.4168
Moldova,MDA,2001,725,152,24859,5248,378,145,1765,3417,162,36851,5774.425033,0.652,66.7866
Moldova,MDA,2002,746,158,26021,5400,376,151,1840,3523,184,38399,6375.918976,0.663,66.9379
Moldova,MDA,2003,762,161,26725,5557,376,155,1859,3641,186,39422,6923.955044,0.674,67.4194
Moldova,MDA,2004,777,158,26074,5623,356,155,1770,3661,216,38790,7575.286812,0.685,67.8612
Moldova,MDA,2005,796,160,26655,6006,366,170,1776,3936,220,40085,8139.956213,0.695,68.1689
Moldova,MDA,2006,822,158,25937,6007,346,177,1660,3838,223,39168,8426.589953,0.704,68.4794
Moldova,MDA,2007,846,161,26116,6094,319,200,1596,3775,245,39352,8524.627537,0.713,68.9471
Moldova,MDA,2008,870,161,25785,6164,300,209,1500,3665,240,38894,9227.222339,0.723,69.3936
Moldova,MDA,2009,897,161,25640,6320,295,217,1416,3641,216,38803,8382.030556,0.723,69.5732
Moldova,MDA,2010,924,164,26111,6616,301,232,1375,3714,211,39648,9147.874347,0.73,69.3569
Moldova,MDA,2011,953,153,23565,6133,266,217,1171,3217,205,35880,9659.308093,0.736,69.1919
Moldova,MDA,2012,995,155,23565,6265,271,228,1098,3167,180,35924,9835.445363,0.741,69.1431
Moldova,MDA,2013,1045,154,22990,6221,269,233,1015,3026,171,35124,10735.73531,0.746,69.0988
Moldova,MDA,2014,1102,161,23998,6580,286,249,1003,3155,175,36709,11204.00807,0.75,69.0307
Moldova,MDA,2015,1157,168,25116,6896,303,269,1017,3244,169,38339,10957.02179,0.749,69.2396
Moldova,MDA,2016,1202,167,25057,6779,300,268,988,3086,154,38001,11540.90096,0.756,69.9169
Moldova,MDA,2017,1218,163,24145,6421,286,255,949,2791,167,36395,12315.48679,0.765,70.5155
Moldova,MDA,2018,1243,164,24062,6328,285,251,973,2766,166,36238,12952.69015,0.768,70.4916
Moldova,MDA,2019,1259,163,23438,6245,284,245,971,2745,163,35513,13704.8965,0.774,70.9351
Monaco,MCO,1990,17,4,201,139,3,3,15,6,0,388,,,75.8078
Monaco,MCO,1991,17,4,202,141,3,4,15,6,0,392,,,76.3011
Monaco,MCO,1992,18,4,203,143,3,4,16,6,1,398,,,76.8424
Monaco,MCO,1993,19,4,204,146,3,4,16,6,1,403,,,77.4391
Monaco,MCO,1994,19,4,205,148,3,4,16,6,1,406,,,78.1133
Monaco,MCO,1995,20,4,205,152,3,4,16,6,1,411,,,78.7799
Monaco,MCO,1996,21,5,205,156,3,4,16,7,1,418,,,79.4195
Monaco,MCO,1997,21,5,202,161,3,4,17,7,1,421,,,80.0605
Monaco,MCO,1998,22,5,196,168,3,5,17,7,1,424,,,80.5857
Monaco,MCO,1999,22,5,188,176,3,5,18,7,1,425,,,81.085
Monaco,MCO,2000,23,5,178,185,3,6,18,7,1,426,,,81.5659
Monaco,MCO,2001,24,5,173,192,3,6,19,7,1,430,,,82.0539
Monaco,MCO,2002,24,6,170,197,4,7,19,7,1,435,,,82.5074
Monaco,MCO,2003,25,6,169,201,4,7,20,7,1,440,,,83.2861
Monaco,MCO,2004,25,6,168,204,4,7,20,7,1,442,,,84.2292
Monaco,MCO,2005,25,6,168,206,4,7,20,7,1,444,,,84.8081
Monaco,MCO,2006,26,6,168,209,4,7,20,7,1,448,,,84.6351
Monaco,MCO,2007,26,6,168,211,4,7,20,7,1,450,,,83.9201
Monaco,MCO,2008,26,6,168,213,4,7,20,7,1,452,,,83.1918
Monaco,MCO,2009,26,6,168,215,4,8,20,7,1,455,,,84.2081
Monaco,MCO,2010,27,7,169,216,4,8,20,7,1,459,,,84.6304
Monaco,MCO,2011,27,7,169,218,4,8,20,7,1,461,,,85.6032
Monaco,MCO,2012,27,7,168,219,4,8,20,8,1,462,,,84.5293
Monaco,MCO,2013,28,7,167,221,4,8,20,8,1,464,,,84.8656
Monaco,MCO,2014,28,7,166,222,4,8,20,8,1,464,,,84.8804
Monaco,MCO,2015,28,7,165,222,4,8,20,8,1,463,,,85.2585
Monaco,MCO,2016,28,7,164,222,4,8,20,8,1,462,,,85.7228
Monaco,MCO,2017,28,7,163,223,4,8,20,7,1,461,,,85.6525
Monaco,MCO,2018,28,7,162,224,4,8,20,7,1,461,,,86.4643
Monaco,MCO,2019,28,7,161,225,4,8,20,7,1,461,,,86.5424
Mongolia,MNG,2007,128,37,7582,3914,96,307,392,1209,6,13671,6850.865763,0.68,65.9701
Mongolia,MNG,2008,129,37,7564,4036,98,301,385,1233,6,13789,7294.139198,0.691,66.3821
Mongolia,MNG,2009,131,38,7769,4229,102,304,388,1274,7,14242,7001.641084,0.695,66.7658
Mongolia,MNG,1990,140,38,5951,2920,59,391,526,833,0,10858,4504.317395,0.579,58.7649
Mongolia,MNG,1991,143,40,6178,3017,62,411,538,848,0,11237,4322.102478,0.575,59.2369
Mongolia,MNG,1992,146,41,6391,3082,65,435,551,862,0,11573,3952.230458,0.564,59.6413
Mongolia,MNG,1993,147,41,6487,3149,68,457,556,873,0,11778,3652.918707,0.551,60.038
Mongolia,MNG,1994,151,42,6652,3202,70,471,564,879,0,12031,3824.861977,0.555,60.4048
Mongolia,MNG,1995,153,44,7103,3297,74,488,581,901,1,12642,4144.403275,0.56,60.6125
Mongolia,MNG,1996,152,45,7424,3363,77,498,589,920,1,13069,4199.838163,0.564,60.305
Mongolia,MNG,1997,148,44,7486,3356,78,495,574,927,2,13110,4327.058952,0.572,60.8154
Mongolia,MNG,1998,143,44,7530,3366,79,483,560,936,2,13143,4484.445673,0.583,61.7647
Mongolia,MNG,1999,139,43,7667,3390,80,472,548,946,3,13288,4562.761498,0.591,62.5293
Mongolia,MNG,2000,135,43,7803,3425,82,449,531,976,4,13448,4568.853981,0.598,62.8821
Mongolia,MNG,2001,134,43,7965,3510,86,417,515,1022,4,13696,4617.695415,0.609,63.2786
Mongolia,MNG,2002,133,41,7925,3534,87,383,487,1058,5,13653,4837.523504,0.617,63.5178
Mongolia,MNG,2003,130,40,7865,3583,89,357,461,1099,5,13629,5085.132909,0.631,64.2078
Mongolia,MNG,2004,128,38,7753,3633,91,338,435,1132,5,13553,5752.272436,0.647,64.7955
Mongolia,MNG,2005,126,38,7749,3727,94,327,420,1166,5,13652,5894.009596,0.658,64.8787
Mongolia,MNG,2006,128,38,7745,3834,96,317,408,1195,6,13767,6366.896166,0.669,65.5128
Mongolia,MNG,2010,134,38,7891,4401,106,305,386,1314,8,14583,6956.991224,0.701,67.1822
Mongolia,MNG,2011,142,40,8023,4543,109,312,389,1335,9,14902,7981.423111,0.709,67.4393
Mongolia,MNG,2012,148,40,8009,4633,109,315,385,1347,10,14996,8824.576367,0.718,68.1114
Mongolia,MNG,2013,156,40,7973,4734,111,317,379,1362,11,15083,9903.99011,0.726,68.5854
Mongolia,MNG,2014,163,39,7903,4827,112,320,373,1382,12,15131,10189.2346,0.729,69.0472
Mongolia,MNG,2015,172,40,8060,4985,116,328,376,1419,12,15508,10239.78955,0.732,69.4977
Mongolia,MNG,2016,189,45,8571,5261,122,346,400,1488,13,16435,10176.56453,0.733,69.8647
Mongolia,MNG,2017,199,47,8922,5478,127,359,415,1543,14,17104,9773.631152,0.732,70.2375
Mongolia,MNG,2018,212,49,9299,5702,133,373,431,1596,14,17809,10960.06887,0.743,71.1992
Mongolia,MNG,2019,225,53,9806,5961,139,391,453,1656,15,18699,11098.9151,0.746,71.8221
Montenegro,MNE,1990,115,28,2347,952,82,73,54,36,1,3688,,,75.5211
Montenegro,MNE,1991,118,26,2303,941,80,72,52,35,1,3628,,,75.5333
Montenegro,MNE,1992,121,27,2371,961,83,74,53,36,1,3727,,,74.3526
Montenegro,MNE,1993,123,28,2529,1009,88,77,57,38,1,3950,,,74.6517
Montenegro,MNE,1994,126,29,2683,1052,95,81,59,40,1,4166,,,73.3894
Montenegro,MNE,1995,128,30,2778,1080,98,84,61,41,2,4302,8537.209614,,74.1951
Montenegro,MNE,1996,130,31,2878,1115,103,87,63,42,2,4451,10905.30394,,73.5833
Montenegro,MNE,1997,131,32,3002,1167,108,91,65,44,2,4642,11651.02292,,73.5693
Montenegro,MNE,1998,132,32,3011,1192,111,92,65,44,2,4681,12224.1288,,73.3662
Montenegro,MNE,1999,133,32,3027,1208,112,94,65,44,3,4718,11238.68602,,72.7553
Montenegro,MNE,2000,136,32,3069,1237,116,95,65,45,3,4798,12893.49139,,73.9793
Montenegro,MNE,2001,137,33,3144,1282,119,98,66,46,3,4928,13036.55699,,74.2326
Montenegro,MNE,2002,140,35,3230,1325,124,103,68,47,3,5075,13355.18835,,74.0432
Montenegro,MNE,2003,143,36,3357,1370,129,108,70,48,3,5264,13700.92866,0.756,74.0749
Montenegro,MNE,2004,145,38,3465,1406,131,112,73,48,3,5421,14194.16936,0.764,74.6954
Montenegro,MNE,2005,147,40,3571,1442,134,116,76,49,3,5578,14187.27963,0.767,74.262
Montenegro,MNE,2006,150,42,3647,1462,136,117,77,49,2,5682,15452.2313,0.776,74.0494
Montenegro,MNE,2007,151,44,3724,1477,138,118,78,49,2,5781,16416.64572,0.787,74.5255
Montenegro,MNE,2008,152,46,3753,1491,138,119,78,49,2,5828,17623.23572,0.8,75.305
Montenegro,MNE,2009,154,47,3783,1507,139,119,79,49,2,5879,16362.48821,0.8,75.2687
Montenegro,MNE,2010,156,48,3784,1512,140,119,79,49,2,5889,16632.47158,0.808,76.1387
Montenegro,MNE,2011,159,50,3816,1528,142,120,80,49,2,5946,17408.12004,0.811,76.0684
Montenegro,MNE,2012,163,51,3837,1534,143,120,82,48,2,5980,17062.97966,0.812,76.3268
Montenegro,MNE,2013,167,53,3902,1559,146,123,84,49,2,6085,17700.79268,0.817,76.6085
Montenegro,MNE,2014,170,55,3979,1586,149,125,86,49,2,6201,17892.61687,0.819,76.7465
Montenegro,MNE,2015,174,56,4039,1607,152,127,87,50,2,6294,18649.82217,0.822,76.7561
Montenegro,MNE,2016,176,57,4047,1625,154,128,88,50,2,6327,18948.91492,0.824,76.7462
Montenegro,MNE,2017,179,58,4066,1643,155,129,89,50,1,6370,20086.50445,0.83,76.9388
Montenegro,MNE,2018,181,57,4007,1640,153,128,86,50,1,6303,20925.34711,0.834,77.1595
Montenegro,MNE,2019,185,57,3943,1644,152,127,85,50,1,6244,21772.62933,0.837,77.0396
Morocco,MAR,1990,1888,404,57888,11070,1805,3551,4982,2733,103,84424,3707.987309,0.447,62.4478
Morocco,MAR,1991,1965,423,59719,11483,1879,3679,5121,2784,127,87180,3893.979178,0.453,62.9464
Morocco,MAR,1992,2041,451,62875,12146,1989,3881,5403,2910,155,91851,3757.469974,0.457,63.4015
Morocco,MAR,1993,2115,475,65445,12667,2084,4029,5600,2981,187,95583,3644.378573,0.463,63.8721
Morocco,MAR,1994,2187,490,66526,12949,2137,4121,5677,3008,223,97318,3986.447718,0.475,64.3461
Morocco,MAR,1995,2265,510,68162,13292,2206,4253,5809,3052,264,99813,3696.196496,0.478,64.7358
Morocco,MAR,1996,2349,526,69194,13608,2276,4356,5873,3076,308,101566,4127.357914,0.49,65.2381
Morocco,MAR,1997,2433,549,70916,14016,2366,4491,6018,3131,355,104275,4004.464448,0.494,65.6293
Morocco,MAR,1998,2520,577,72395,14347,2441,4626,6161,3183,407,106657,4265.93096,0.501,66.0176
Morocco,MAR,1999,2610,610,74713,14848,2561,4839,6366,3265,466,110278,4261.310032,0.511,66.4062
Morocco,MAR,2000,2696,606,73717,14921,2635,4851,6273,3226,532,109457,4284.930384,0.521,66.7869
Morocco,MAR,2001,2808,616,73896,15263,2787,4967,6284,3226,603,110450,4548.903983,0.532,67.1798
Morocco,MAR,2002,2952,649,75065,15638,2957,5175,6393,3256,677,112762,4649.568861,0.542,67.5468
Morocco,MAR,2003,3111,709,78456,16300,3191,5502,6690,3334,749,118042,4878.101878,0.552,67.915
Morocco,MAR,2004,3253,742,80401,16803,3390,5702,6835,3367,776,121269,5072.215916,0.56,68.231
Morocco,MAR,2005,3408,782,82674,17335,3597,5903,7008,3413,781,124901,5206.14294,0.567,68.7039
Morocco,MAR,2006,3563,826,85163,17923,3813,6132,7196,3467,809,128892,5529.265636,0.573,69.1282
Morocco,MAR,2007,3728,870,87876,18575,4035,6379,7397,3540,846,133246,5668.725192,0.581,69.604
Morocco,MAR,2008,3880,906,89746,19150,4217,6584,7536,3599,877,136495,5941.807867,0.588,70.0481
Morocco,MAR,2009,4031,940,91495,19735,4394,6798,7663,3659,882,139597,6044.968224,0.594,70.4578
Morocco,MAR,2010,4183,974,93006,20312,4570,7010,7761,3712,897,142425,6196.297658,0.603,70.8288
Morocco,MAR,2011,4327,1008,94564,20906,4742,7181,7853,3764,929,145274,6415.332138,0.614,71.2691
Morocco,MAR,2012,4496,1050,96921,21615,4929,7398,8005,3842,920,149176,6496.05825,0.624,71.6789
Morocco,MAR,2013,4671,1240,107171,23325,5383,8197,8929,4152,865,163933,6738.780232,0.635,72.1223
Morocco,MAR,2014,4680,1254,108079,23982,5554,8366,8941,4195,789,165840,6754.424121,0.644,72.5377
Morocco,MAR,2015,4700,1270,109198,24665,5737,8542,8956,4236,728,168032,6991.730986,0.654,72.9197
Morocco,MAR,2016,4742,1293,110845,25420,5933,8719,9032,4304,660,170948,6969.179337,0.661,73.284
Morocco,MAR,2017,4808,1320,112904,26250,6138,8905,9145,4407,600,174477,7168.724522,0.67,73.6603
Morocco,MAR,2018,4876,1356,115052,27143,6386,9120,9263,4482,543,178221,7301.739349,0.676,73.9863
Morocco,MAR,2019,4945,1390,117034,27967,6617,9320,9373,4551,494,181691,7398.11725,0.682,74.2705
Mozambique,MOZ,1990,632,153,15537,5897,2015,1245,2451,1680,2255,31865,454.4532422,0.238,44.469
Mozambique,MOZ,1991,650,155,15604,5908,2027,1260,2464,1685,3396,33149,468.5158907,0.24,44.6596
Mozambique,MOZ,1992,675,159,15851,5992,2065,1295,2512,1711,5042,35302,416.0326599,0.234,44.9492
Mozambique,MOZ,1993,701,163,16155,6150,2118,1349,2577,1764,7465,38442,443.6379281,0.239,45.3543
Mozambique,MOZ,1994,727,166,16320,6306,2153,1401,2633,1807,10749,42262,454.0150897,0.242,45.6065
Mozambique,MOZ,1995,750,169,16483,6428,2190,1453,2694,1840,14782,46789,453.3346981,0.247,46.04
Mozambique,MOZ,1996,779,173,16681,6560,2236,1506,2749,1873,19479,52036,495.3317821,0.259,46.6362
Mozambique,MOZ,1997,811,179,16953,6732,2296,1565,2811,1919,24887,58153,539.4091129,0.272,47.4078
Mozambique,MOZ,1998,843,185,17190,6910,2355,1625,2870,1964,30875,64817,574.5077892,0.283,48.0241
Mozambique,MOZ,1999,875,190,17504,7094,2418,1687,2935,2007,37324,72034,628.1710007,0.296,48.812
Mozambique,MOZ,2000,914,198,18015,7275,2496,1754,3010,2046,44118,79826,610.6555805,0.303,49.4912
Mozambique,MOZ,2001,933,199,18078,7280,2506,1766,2991,2040,50982,86775,660.472833,0.316,50.0653
Mozambique,MOZ,2002,974,207,18662,7435,2584,1802,3013,2091,57876,94644,655.3921968,0.324,50.5895
Mozambique,MOZ,2003,998,210,19129,7605,2651,1825,3018,2115,64331,101882,738.2520893,0.337,50.8696
Mozambique,MOZ,2004,1034,217,19958,7879,2764,1872,3062,2175,70176,109137,776.4451833,0.347,51.2495
Mozambique,MOZ,2005,1072,224,20910,8203,2901,1930,3110,2261,75008,115619,787.7008049,0.357,51.561
Mozambique,MOZ,2006,1118,233,21914,8681,3048,2005,3231,2356,74473,117059,815.39309,0.364,51.961
Mozambique,MOZ,2007,1147,239,22813,9078,3188,2056,3285,2435,70876,115117,865.3927795,0.377,52.5664
Mozambique,MOZ,2008,1192,249,23992,9547,3365,2125,3360,2538,69623,115991,908.1448851,0.387,53.1639
Mozambique,MOZ,2009,1228,258,25010,9928,3528,2184,3411,2613,71386,119546,968.4701108,0.395,53.7876
Mozambique,MOZ,2010,1264,269,26164,10350,3715,2247,3475,2699,74461,124644,995.2601972,0.402,54.1984
Mozambique,MOZ,2011,1298,279,27213,10695,3889,2300,3515,2626,77277,129092,1056.245836,0.407,54.869
Mozambique,MOZ,2012,1326,288,28222,11137,4055,2365,3588,2578,81042,134601,1116.823506,0.413,55.6387
Mozambique,MOZ,2013,1352,296,29036,11533,4196,2425,3639,2541,81340,136358,1163.397474,0.427,56.4919
Mozambique,MOZ,2014,1370,301,29557,11888,4302,2470,3666,2500,76816,132870,1205.310147,0.433,57.2742
Mozambique,MOZ,2015,1403,309,30001,12192,4392,2513,3685,2466,72656,129617,1240.456932,0.44,58.1509
Mozambique,MOZ,2016,1424,314,30321,12434,4464,2533,3668,2437,70326,127921,1247.861871,0.443,59.038
Mozambique,MOZ,2017,1458,321,30736,12734,4532,2555,3670,2488,68707,127201,1245.447702,0.445,59.7709
Mozambique,MOZ,2018,1494,332,31218,13082,4622,2591,3698,2508,67234,126779,1265.815831,0.451,60.5261
Mozambique,MOZ,2019,1529,341,31692,13531,4712,2645,3759,2547,66304,127060,1257.939477,0.456,61.1662
Myanmar,MMR,1990,2393,641,96785,33591,13259,7636,37654,14647,43,206649,535.9079226,0.333,56.6607
Myanmar,MMR,1991,2472,669,99100,34347,13626,7813,38565,14937,141,211670,552.3778784,0.343,57.0135
Myanmar,MMR,1992,2554,698,101067,35021,13957,7974,39307,15166,486,216230,588.1361283,0.356,57.2511
Myanmar,MMR,1993,2641,731,103023,35681,14274,8118,40018,15384,1074,220944,620.8380489,0.363,57.6313
Myanmar,MMR,1994,2732,764,104821,36318,14571,8250,40631,15571,1704,225362,657.9790293,0.369,57.9564
Myanmar,MMR,1995,2829,800,106547,36981,14849,8360,41173,15763,2497,229799,693.9910173,0.374,58.259
Myanmar,MMR,1996,2930,836,108250,37623,15104,8469,41671,15929,3417,234229,727.1055167,0.381,58.9408
Myanmar,MMR,1997,3035,874,109929,38230,15338,8576,42102,16094,4435,238613,741.9688698,0.385,59.2429
Myanmar,MMR,1998,3145,912,111694,38858,15563,8696,42519,16288,5565,243240,781.0133633,0.392,59.7936
Myanmar,MMR,1999,3261,951,113463,39417,15750,8778,42834,16454,6787,247695,867.1417547,0.401,59.8806
Myanmar,MMR,2000,3400,993,115303,39773,15950,9014,42839,16823,8147,252242,963.9923913,0.41,60.1546
Myanmar,MMR,2001,3552,1037,117017,39995,16227,9294,42688,17228,9623,256661,1065.313524,0.42,60.4159
Myanmar,MMR,2002,3710,1081,118215,40432,16512,9537,42636,17568,11135,260826,1191.647254,0.43,60.7248
Myanmar,MMR,2003,3874,1126,119109,41011,16818,9777,42609,17817,12612,264753,1342.271617,0.44,60.9803
Myanmar,MMR,2004,4043,1175,120470,41875,17194,10051,42812,18225,13985,269830,1511.335308,0.45,61.2496
Myanmar,MMR,2005,4214,1213,120240,42297,17338,10144,42534,18389,15201,271570,1698.983452,0.46,61.5985
Myanmar,MMR,2006,4400,1257,120544,42947,17647,10295,42453,18594,16092,274229,1897.766025,0.47,61.8931
Myanmar,MMR,2007,4575,1288,119798,43153,17779,10322,42010,18604,16572,274101,2094.31213,0.48,62.3709
Myanmar,MMR,2008,4736,1315,119276,43258,17904,10321,41626,18505,16645,273586,2298.024551,0.465,56.5056
Myanmar,MMR,2009,4901,1344,119782,43614,18131,10376,41529,18571,16474,274722,2518.247738,0.501,63.1547
Myanmar,MMR,2010,5072,1370,119762,43756,18278,10307,41273,18569,16109,274496,2694.960963,0.51,63.3294
Myanmar,MMR,2011,5255,1401,121071,44331,18591,10328,41466,18763,15418,276624,2846.926656,0.521,63.9007
Myanmar,MMR,2012,5436,1431,121857,44636,18832,10251,41504,18723,14354,277024,2997.036412,0.531,64.1412
Myanmar,MMR,2013,5622,1465,124067,45665,19336,10383,41818,18968,13067,280391,3210.391303,0.543,64.8148
Myanmar,MMR,2014,5830,1503,125861,46697,19844,10475,42173,19177,11593,283153,3427.808642,0.553,65.0563
Myanmar,MMR,2015,6010,1545,127955,47791,20443,10599,42535,19287,9950,286115,3504.411587,0.562,65.5613
Myanmar,MMR,2016,6200,1588,130207,49178,21127,10759,43114,19419,8294,289886,3891.244863,0.572,65.685
Myanmar,MMR,2017,6398,1631,133165,50128,21585,11092,43004,19982,6772,293757,4109.517194,0.58,65.843
Myanmar,MMR,2018,6597,1680,135906,51238,22085,11436,42820,20371,5605,297738,4336.410687,0.59,66.4646
Myanmar,MMR,2019,6784,1726,138139,52674,22619,11554,43284,20361,4773,301914,4582.102317,0.598,66.6104
Namibia,NAM,1990,77,21,2241,613,392,180,659,220,267,4670,6049.255002,0.579,62.4964
Namibia,NAM,1991,81,22,2307,633,408,188,675,223,449,4986,6450.36875,0.585,62.0982
Namibia,NAM,1992,86,23,2392,659,429,197,694,229,731,5440,6576.686207,0.588,61.5449
Namibia,NAM,1993,91,25,2470,682,448,205,709,233,1147,6010,6298.960877,0.588,60.8596
Namibia,NAM,1994,96,26,2577,714,474,216,731,240,1725,6799,6253.776447,0.587,59.8463
Namibia,NAM,1995,102,28,2684,744,501,227,751,247,2476,7760,6487.675617,0.582,58.634
Namibia,NAM,1996,107,30,2781,773,525,237,769,254,3388,8864,6424.424093,0.571,56.9178
Namibia,NAM,1997,113,31,2895,809,555,250,787,263,4436,10139,6536.915483,0.562,55.5576
Namibia,NAM,1998,118,33,3029,854,589,266,812,274,5576,11551,6663.691436,0.557,54.1014
Namibia,NAM,1999,124,35,3176,904,628,283,837,289,6751,13027,6593.803399,0.548,53.036
Namibia,NAM,2000,129,37,3319,960,668,300,861,302,7912,14488,6845.772332,0.546,51.9903
Namibia,NAM,2001,133,38,3347,982,682,307,858,302,9002,15651,6763.083241,0.543,51.2604
Namibia,NAM,2002,137,40,3436,1019,710,320,870,309,9974,16815,7093.736534,0.545,51.2539
Namibia,NAM,2003,140,41,3440,1061,718,324,862,308,10700,17594,7503.476997,0.548,51.0832
Namibia,NAM,2004,143,41,3406,1077,713,322,845,303,10732,17582,8041.100448,0.552,51.2464
Namibia,NAM,2005,147,41,3355,1089,703,318,826,299,9968,16746,7905.316202,0.555,51.7866
Namibia,NAM,2006,151,41,3284,1088,683,309,802,293,8672,15323,8379.625588,0.561,52.6551
Namibia,NAM,2007,157,41,3226,1102,666,301,782,289,7092,13656,8500.237975,0.569,53.6799
Namibia,NAM,2008,162,41,3192,1128,656,296,769,287,5918,12449,8571.893578,0.576,54.6529
Namibia,NAM,2009,169,42,3191,1172,652,294,761,288,5489,12058,8420.316523,0.581,55.4959
Namibia,NAM,2010,174,42,3211,1214,652,294,759,291,5176,11813,8589.060597,0.585,56.0153
Namibia,NAM,2011,180,43,3190,1237,645,291,748,290,4719,11343,8965.820525,0.592,56.553
Namibia,NAM,2012,187,44,3226,1280,654,294,745,293,4263,10986,9268.750223,0.601,57.64
Namibia,NAM,2013,193,45,3282,1335,667,299,751,299,4142,11013,9979.121655,0.611,58.6938
Namibia,NAM,2014,200,46,3364,1395,688,308,759,307,4401,11468,10368.18257,0.621,59.8217
Namibia,NAM,2015,207,48,3450,1443,709,316,767,316,4550,11806,10659.96487,0.628,60.7002
Namibia,NAM,2016,213,49,3532,1487,729,325,775,322,4526,11958,10270.48517,0.632,61.6825
Namibia,NAM,2017,218,50,3607,1524,749,332,781,330,4377,11968,9987.117622,0.635,62.2931
Namibia,NAM,2018,223,52,3681,1568,771,342,787,336,4005,11765,9704.240117,0.636,62.5859
Namibia,NAM,2019,228,53,3747,1600,790,349,791,339,3772,11669,9565.710371,0.639,63.075
Nauru,NRU,1990,0,0,22,7,4,2,5,2,0,42,,,61.3557
Nauru,NRU,1991,0,0,23,7,4,2,5,2,0,43,,,61.3031
Nauru,NRU,1992,0,0,23,7,4,2,5,2,0,43,,,61.2233
Nauru,NRU,1993,0,0,24,7,4,2,5,2,0,44,,,61.3376
Nauru,NRU,1994,0,0,24,7,4,2,5,2,0,44,,,61.4626
Nauru,NRU,1995,0,0,25,7,5,2,5,2,0,46,,,61.3214
Nauru,NRU,1996,0,0,26,8,5,2,5,2,0,48,,,60.5041
Nauru,NRU,1997,0,0,26,8,5,2,5,2,0,48,,,59.644
Nauru,NRU,1998,0,0,27,8,5,2,5,2,0,49,,,59.2238
Nauru,NRU,1999,0,0,28,8,5,3,5,2,0,51,,,58.8032
Nauru,NRU,2000,0,0,28,8,5,3,5,2,0,51,,,58.7323
Nauru,NRU,2001,0,0,29,8,6,3,5,2,0,53,,,58.2777
Nauru,NRU,2002,0,0,29,8,6,3,5,2,0,53,,,58.1807
Nauru,NRU,2003,0,0,29,8,6,3,5,2,0,53,,,58.0951
Nauru,NRU,2004,0,0,29,8,6,3,5,2,0,53,,,58.072
Nauru,NRU,2005,0,0,28,8,6,3,4,2,0,51,4997.041603,,58.1613
Nauru,NRU,2006,0,0,28,8,6,3,4,2,0,51,2991.817466,,58.3785
Nauru,NRU,2007,0,0,28,8,6,3,4,2,0,51,3814.236473,,58.5303
Nauru,NRU,2008,0,0,27,8,6,3,4,2,0,50,6998.3053,,58.833
Nauru,NRU,2009,0,0,27,8,6,3,4,2,0,50,5626.479205,,59.1233
Nauru,NRU,2010,0,0,26,7,5,3,4,2,0,47,6431.276714,,59.6402
Nauru,NRU,2011,0,0,26,7,5,3,4,2,0,47,6965.96803,,60.2398
Nauru,NRU,2012,0,0,25,7,5,3,4,2,0,46,7838.00379,,60.7152
Nauru,NRU,2013,0,0,25,7,6,3,3,2,0,46,8475.056988,,61.2314
Nauru,NRU,2014,0,0,24,7,6,3,3,2,1,46,11012.52406,,61.8074
Nauru,NRU,2015,0,0,24,7,6,3,3,2,1,46,15472.39748,,62.269
Nauru,NRU,2016,0,0,23,7,6,3,3,2,1,45,17303.06235,,62.7018
Nauru,NRU,2017,0,0,23,7,6,3,3,2,1,45,18174.49788,,62.988
Nauru,NRU,2018,0,0,23,8,6,3,3,2,1,46,16306.188,,63.2337
Nauru,NRU,2019,0,0,23,8,6,3,3,2,1,46,18778.35023,,63.4845
Nepal,NPL,1990,631,227,21707,9488,947,1728,19609,5459,0,59796,1575.826344,0.399,54.8333
Nepal,NPL,1991,656,233,22043,9602,970,1763,19875,5493,0,60635,1631.574714,0.408,55.7116
Nepal,NPL,1992,684,238,22256,9694,990,1793,20061,5510,2,61228,1653.737712,0.416,56.7101
Nepal,NPL,1993,716,248,22804,9883,1028,1844,20498,5585,4,62610,1672.233026,0.421,57.6189
Nepal,NPL,1994,749,255,23072,9990,1053,1876,20690,5608,9,63302,1763.233102,0.428,58.5535
Nepal,NPL,1995,785,264,23377,10109,1081,1910,20908,5637,18,64089,1783.66261,0.433,59.3175
Nepal,NPL,1996,821,272,23472,10169,1103,1932,20992,5623,35,64419,1821.387854,0.442,59.981
Nepal,NPL,1997,862,283,23809,10312,1138,1973,21285,5659,67,65388,1879.462091,0.449,60.7706
Nepal,NPL,1998,907,294,24099,10446,1171,2010,21581,5685,123,66316,1901.426337,0.455,61.5493
Nepal,NPL,1999,957,307,24387,10603,1206,2051,21919,5703,220,67353,1970.991283,0.461,62.1132
Nepal,NPL,2000,1009,323,24824,10781,1249,2100,22371,5716,364,68737,2059.380974,0.467,62.6145
Nepal,NPL,2001,1062,336,25111,10939,1286,2148,22768,5689,554,69893,2148.810339,0.469,63.3362
Nepal,NPL,2002,1118,351,25488,11145,1329,2201,23251,5686,786,71355,2107.622234,0.476,63.2638
Nepal,NPL,2003,1178,368,26035,11435,1385,2272,23866,5706,1049,73294,2159.663612,0.482,64.1966
Nepal,NPL,2004,1245,389,26873,11828,1461,2360,24677,5769,1337,75939,2226.863661,0.489,64.8177
Nepal,NPL,2005,1313,410,27800,12327,1547,2466,25547,5879,1629,78918,2288.402282,0.495,65.4566
Nepal,NPL,2006,1383,433,28935,12822,1642,2573,26563,5995,1898,82244,2346.857643,0.505,65.8685
Nepal,NPL,2007,1456,458,30178,13333,1743,2693,27604,6119,2108,85692,2403.790656,0.509,66.3288
Nepal,NPL,2008,1532,483,31364,13872,1854,2839,28596,6235,2230,89005,2521.875782,0.518,66.4207
Nepal,NPL,2009,1613,510,32632,14455,1974,3003,29614,6370,2253,92424,2620.303562,0.53,66.7609
Nepal,NPL,2010,1695,538,33914,15059,2107,3200,30649,6510,2318,95990,2722.899691,0.543,66.8138
Nepal,NPL,2011,1784,575,35537,15766,2267,3426,31987,6700,2369,100411,2805.960198,0.553,67.313
Nepal,NPL,2012,1871,613,37001,16514,2438,3672,33304,6887,2311,104611,2942.388751,0.561,67.47
Nepal,NPL,2013,1952,651,38551,17293,2610,3927,34563,7075,2204,108826,3053.149939,0.57,67.9651
Nepal,NPL,2014,2032,687,39680,18028,2775,4191,35643,7230,2097,112363,3263.276741,0.576,68.0855
Nepal,NPL,2015,2114,726,41124,18805,2940,4420,36850,7404,1968,116351,3376.943746,0.579,67.4562
Nepal,NPL,2016,2195,761,42321,19491,3088,4615,37871,7540,1829,119711,3356.592607,0.586,68.7758
Nepal,NPL,2017,2275,797,43710,20175,3206,4774,38874,7745,1703,123259,3601.108877,0.594,68.9099
Nepal,NPL,2018,2362,837,45147,20905,3343,4946,39878,7841,1568,126827,3798.135482,0.601,68.9786
Nepal,NPL,2019,2448,875,46501,21609,3474,5108,40800,7945,1434,130194,3994.226959,0.611,69.5576
Netherlands,NLD,1990,4601,1169,51094,36424,3657,1677,6934,1454,307,107317,36296.26729,0.847,77.0067
Netherlands,NLD,1991,4714,1170,50589,37243,3642,1700,7077,1488,340,107963,37055.36933,0.852,77.1564
Netherlands,NLD,1992,4849,1168,50477,37878,3603,1735,7235,1532,464,108941,37086.69505,0.853,77.3595
Netherlands,NLD,1993,5000,1180,51428,38790,3635,1828,7619,1594,493,111567,37449.95686,0.855,77.0352
Netherlands,NLD,1994,5111,1165,50560,38763,3566,1849,7644,1614,506,110778,38615.60382,0.881,77.5128
Netherlands,NLD,1995,5256,1171,50609,38707,3532,1901,7913,1658,500,111247,40021.52655,0.878,77.5454
Netherlands,NLD,1996,5350,1180,50464,39769,3506,1950,8122,1681,377,112399,41267.10285,0.882,77.5498
Netherlands,NLD,1997,5445,1179,49713,40055,3518,1962,8216,1698,222,112008,42832.72403,0.883,77.9245
Netherlands,NLD,1998,5564,1192,49443,40448,3575,1997,8452,1735,169,112575,44209.7944,0.886,77.9971
Netherlands,NLD,1999,5690,1219,49598,40907,3716,2062,8645,1792,171,113800,46617.47184,0.888,77.9601
Netherlands,NLD,2000,5828,1248,49240,40556,3870,2150,8771,1847,165,113675,48479.93224,0.893,78.1222
Netherlands,NLD,2001,5910,1279,48550,40990,4075,2223,8803,1880,159,113869,48475.14472,0.895,78.3304
Netherlands,NLD,2002,6000,1324,48299,41054,4163,2294,8962,1935,122,114153,48393.49047,0.892,78.4046
Netherlands,NLD,2003,6128,1374,47963,39454,4194,2389,9194,2002,120,112818,48779.43431,0.894,78.6571
Netherlands,NLD,2004,6068,1351,44799,41609,3949,2360,8802,1896,112,110946,49187.91701,0.897,79.2308
Netherlands,NLD,2005,6140,1370,43015,42369,3794,2399,8778,1839,98,109802,49247.57787,0.899,79.4797
Netherlands,NLD,2006,6238,1387,41332,43748,3602,2453,8697,1790,60,109307,52037.50952,0.906,79.8376
Netherlands,NLD,2007,6350,1402,39661,44748,3397,2520,8636,1740,83,108537,53320.00615,0.912,80.2452
Netherlands,NLD,2008,6510,1436,38765,46029,3267,2621,8668,1729,64,109089,52805.10381,0.912,80.3766
Netherlands,NLD,2009,6660,1467,37942,47071,3135,2706,8700,1696,79,109456,51580.00959,0.913,80.66
Netherlands,NLD,2010,6831,1502,37570,48019,3042,2851,8790,1678,59,110342,52227.99073,0.917,80.8186
Netherlands,NLD,2011,7036,1541,37358,48950,2954,2991,8944,1656,69,111499,53010.90773,0.927,81.0999
Netherlands,NLD,2012,7254,1591,37670,50183,2929,3159,9232,1667,56,113741,52495.66202,0.927,81.0495
Netherlands,NLD,2013,7441,1622,37725,50842,2894,3285,9373,1648,54,114884,52116.77307,0.929,81.2919
Netherlands,NLD,2014,7630,1647,37672,51271,2859,3361,9387,1628,51,115506,51659.69255,0.931,81.6425
Netherlands,NLD,2015,7861,1714,38669,52591,2931,3506,9805,1671,56,118804,52989.64531,0.932,81.4821
Netherlands,NLD,2016,8098,1770,39559,53752,3025,3583,10040,1713,61,121601,53067.077,0.933,81.547
Netherlands,NLD,2017,8311,1816,40577,54442,3136,3635,10283,1745,52,123997,55507.09027,0.937,81.7291
Netherlands,NLD,2018,8506,1866,41547,55456,3245,3700,10517,1777,50,126664,56614.38413,0.939,81.7741
Netherlands,NLD,2019,8715,1919,42569,56513,3357,3780,10766,1810,49,129478,57039.03195,0.943,82.0455
New Zealand,NZL,1990,770,160,11253,6762,428,308,1542,192,51,21466,24214.03722,0.806,75.4242
New Zealand,NZL,1991,807,165,11179,6833,440,315,1557,196,61,21553,21947.02339,0.811,76.0788
New Zealand,NZL,1992,844,174,11324,6980,466,334,1616,199,58,21995,22092.80995,0.818,76.1899
New Zealand,NZL,1993,883,182,11434,7127,491,349,1667,204,53,22390,23201.90793,0.833,76.4999
New Zealand,NZL,1994,919,188,11271,7163,511,355,1698,205,54,22364,24326.56827,0.846,76.9197
New Zealand,NZL,1995,964,199,11483,7326,550,374,1784,214,36,22930,25077.90745,0.853,76.7886
New Zealand,NZL,1996,1001,207,11425,7408,580,386,1849,216,39,23111,25238.91067,0.857,76.8094
New Zealand,NZL,1997,1035,213,11272,7413,608,396,1862,217,35,23051,25837.66617,0.865,77.3484
New Zealand,NZL,1998,1067,218,11018,7408,632,394,1844,212,16,22809,26215.0132,0.874,78.1725
New Zealand,NZL,1999,1108,229,11196,7545,656,422,1919,221,23,23319,26851.91119,0.878,77.9177
New Zealand,NZL,2000,1145,236,11070,7559,643,475,1894,217,21,23260,27662.57448,0.887,78.6782
New Zealand,NZL,2001,1192,249,11223,7613,651,508,1954,222,15,23627,29044.96454,0.894,78.6736
New Zealand,NZL,2002,1244,261,11334,7469,661,538,1977,231,13,23728,29755.91455,0.897,78.8773
New Zealand,NZL,2003,1266,264,11019,7784,651,557,1944,228,12,23725,31138.16315,0.903,79.1548
New Zealand,NZL,2004,1299,271,10854,7945,639,579,1928,230,15,23760,31791.75463,0.906,79.3715
New Zealand,NZL,2005,1335,274,10566,8000,627,596,1885,231,14,23528,32136.46882,0.912,80.0572
New Zealand,NZL,2006,1382,283,10462,8148,621,622,1889,236,17,23660,32324.84384,0.913,80.0489
New Zealand,NZL,2007,1434,293,10425,8377,618,652,1915,243,12,23969,33903.62362,0.916,80.1631
New Zealand,NZL,2008,1482,303,10388,8544,612,673,1943,249,8,24202,32840.84466,0.915,80.2908
New Zealand,NZL,2009,1526,308,10259,8643,592,685,1929,253,10,24205,33741.26907,0.919,80.5938
New Zealand,NZL,2010,1579,314,10225,8727,570,691,1933,254,15,24308,34114.89481,0.922,81.1019
New Zealand,NZL,2011,1641,327,10420,8951,567,717,1982,263,10,24878,35069.11343,0.922,80.8863
New Zealand,NZL,2012,1694,337,10438,9117,558,734,2009,268,12,25167,35441.88481,0.924,81.2089
New Zealand,NZL,2013,1737,342,10316,9228,551,748,2018,269,11,25220,37132.03938,0.929,81.6518
New Zealand,NZL,2014,1794,354,10558,9464,558,782,2085,276,17,25888,37808.10649,0.93,81.7921
New Zealand,NZL,2015,1846,359,10673,9592,557,803,2120,277,7,26234,38628.37835,0.931,81.9765
New Zealand,NZL,2016,1902,362,10833,9667,580,816,2147,279,9,26595,39558.75645,0.934,82.07
New Zealand,NZL,2017,1959,369,11041,9816,599,834,2194,280,9,27101,40700.46491,0.935,82.2189
New Zealand,NZL,2018,2019,392,11653,10322,645,887,2329,293,9,28549,41382.39849,0.936,82.3803
New Zealand,NZL,2019,2066,403,11948,10584,670,915,2396,297,9,29288,42403.52046,0.937,82.5665
Nicaragua,NIC,1990,244,51,2780,1474,431,610,430,496,19,6535,3020.293253,0.49,63.0963
Nicaragua,NIC,1991,264,59,3185,1625,505,688,477,549,22,7374,2951.069028,0.5,63.9307
Nicaragua,NIC,1992,281,61,3261,1656,527,704,485,558,24,7557,2953.98042,0.505,64.2657
Nicaragua,NIC,1993,299,66,3433,1741,572,747,505,582,27,7972,2826.253801,0.508,64.6846
Nicaragua,NIC,1994,318,71,3582,1795,608,787,525,608,30,8324,2824.761712,0.513,65.1813
Nicaragua,NIC,1995,348,94,4659,2097,798,944,653,685,34,10312,3054.837098,0.522,65.6078
Nicaragua,NIC,1996,358,100,4869,2208,863,1018,679,717,39,10851,3251.105546,0.532,66.0519
Nicaragua,NIC,1997,362,99,4702,2182,848,1021,659,709,45,10627,3380.993695,0.542,66.515
Nicaragua,NIC,1998,367,100,4639,2208,843,1048,661,714,54,10634,3528.429325,0.544,65.2092
Nicaragua,NIC,1999,374,104,4750,2281,857,1126,681,738,65,10976,3717.890763,0.559,67.1202
Nicaragua,NIC,2000,383,106,4791,2341,856,1191,688,746,78,11180,3818.334731,0.566,67.2335
Nicaragua,NIC,2001,397,113,5028,2474,894,1318,725,783,93,11825,3850.373703,0.571,67.2145
Nicaragua,NIC,2002,411,121,5306,2611,954,1471,782,835,111,12602,3849.814885,0.575,67.1799
Nicaragua,NIC,2003,423,129,5490,2724,1002,1621,836,885,132,13242,3904.550184,0.578,67.2174
Nicaragua,NIC,2004,435,135,5660,2841,1060,1724,890,924,153,13822,4076.770459,0.582,67.4233
Nicaragua,NIC,2005,447,145,5938,3003,1148,1885,964,982,175,14687,4237.153806,0.588,67.9359
Nicaragua,NIC,2006,453,143,5670,2938,1119,1885,955,968,192,14323,4320.551335,0.593,68.7246
Nicaragua,NIC,2007,472,154,6044,3130,1233,2088,1024,1029,205,15379,4503.25909,0.599,69.5595
Nicaragua,NIC,2008,487,161,6242,3267,1317,2273,1072,1093,217,16129,4595.485975,0.605,70.5863
Nicaragua,NIC,2009,500,165,6325,3354,1366,2404,1098,1139,229,16580,4359.468616,0.606,71.4328
Nicaragua,NIC,2010,514,169,6375,3397,1395,2490,1121,1170,275,16906,4501.692155,0.614,72.009
Nicaragua,NIC,2011,529,173,6578,3535,1462,2673,1145,1251,341,17687,4724.374635,0.622,72.4162
Nicaragua,NIC,2012,545,177,6755,3636,1504,2818,1171,1325,399,18330,4901.973689,0.629,72.6148
Nicaragua,NIC,2013,564,181,6951,3727,1553,2947,1196,1387,447,18953,5028.767816,0.634,72.7044
Nicaragua,NIC,2014,586,184,7135,3841,1623,3082,1208,1450,498,19607,5257.845956,0.641,72.8121
Nicaragua,NIC,2015,606,190,7260,3866,1642,3100,1236,1465,543,19908,5425.088815,0.647,72.983
Nicaragua,NIC,2016,630,197,7553,4039,1737,3293,1272,1549,534,20804,5535.711714,0.653,73.2562
Nicaragua,NIC,2017,653,203,7714,4142,1777,3343,1304,1581,534,21251,5694.054636,0.659,73.5536
Nicaragua,NIC,2018,680,212,8010,4301,1848,3421,1334,1607,542,21955,5452.437413,0.662,73.8497
Nicaragua,NIC,2019,706,218,8202,4429,1904,3475,1343,1623,561,22461,5262.435225,0.664,74.0543
Niger,NER,1990,247,75,7480,2505,651,1070,1973,1650,308,15959,1132.369387,0.216,41.8517
Niger,NER,1991,257,76,7534,2543,667,1081,1966,1673,459,16256,1092.113414,0.218,42.2176
Niger,NER,1992,268,78,7728,2620,697,1110,1992,1721,658,16872,1077.633416,0.222,42.9473
Niger,NER,1993,280,81,7932,2701,731,1137,2015,1775,910,17562,1045.843912,0.227,43.8172
Niger,NER,1994,293,83,8025,2752,758,1148,2005,1806,1208,18078,1026.572271,0.232,44.7137
Niger,NER,1995,305,86,8231,2834,797,1170,2021,1857,1551,18852,1019.865582,0.238,45.7738
Niger,NER,1996,317,87,8238,2851,818,1163,1985,1870,1913,19242,999.4957233,0.243,46.6763
Niger,NER,1997,331,90,8481,2946,863,1190,2006,1940,2290,20137,981.523547,0.248,47.5053
Niger,NER,1998,346,95,8725,3045,910,1213,2026,2009,2652,21021,1055.166556,0.256,48.1905
Niger,NER,1999,362,98,8983,3151,955,1238,2053,2068,2985,21893,1019.133787,0.259,48.7377
Niger,NER,2000,379,104,9308,3285,1002,1278,2105,2130,3273,22864,973.2432453,0.262,49.3216
Niger,NER,2001,392,109,9605,3436,1048,1321,2167,2212,3514,23804,1011.085577,0.268,49.8407
Niger,NER,2002,413,114,9871,3586,1098,1355,2223,2288,3686,24634,1026.87377,0.274,50.5616
Niger,NER,2003,433,121,10201,3761,1156,1401,2295,2388,3807,25563,1008.029584,0.278,51.4344
Niger,NER,2004,451,124,10267,3847,1181,1401,2304,2426,3830,25831,987.8002317,0.289,52.5891
Niger,NER,2005,470,129,10633,4052,1233,1462,2407,2533,3754,26673,1021.853537,0.298,53.59
Niger,NER,2006,491,134,10813,4165,1268,1483,2444,2533,3560,26891,1041.911994,0.306,54.5965
Niger,NER,2007,505,138,11037,4290,1309,1504,2491,2538,3386,27198,1031.514983,0.311,55.5533
Niger,NER,2008,536,144,11158,4365,1336,1500,2505,2505,3215,27264,1065.755736,0.32,56.508
Niger,NER,2009,558,150,11444,4502,1381,1530,2568,2526,2827,27486,1046.519372,0.327,57.3961
Niger,NER,2010,582,156,11791,4651,1438,1559,2631,2555,2459,27822,1093.314361,0.338,58.3668
Niger,NER,2011,603,162,12282,4846,1494,1613,2719,2568,2290,28577,1085.1152,0.346,58.9941
Niger,NER,2012,627,172,12727,5072,1561,1674,2820,2615,2118,29386,1122.285381,0.354,59.6498
Niger,NER,2013,661,182,13217,5361,1635,1756,2953,2707,2025,30497,1142.618784,0.362,60.239
Niger,NER,2014,682,187,13734,5643,1709,1837,3069,2820,2095,31776,1178.015491,0.37,60.786
Niger,NER,2015,713,198,14796,5928,1797,1919,3202,2911,2120,33584,1187.645526,0.376,61.0827
Niger,NER,2016,738,206,15468,6239,1882,2008,3330,3048,1932,34851,1188.941701,0.383,61.6288
Niger,NER,2017,778,218,16215,6550,1974,2094,3462,3183,1691,36165,1206.403432,0.39,62.1599
Niger,NER,2018,823,230,16812,6794,2055,2157,3557,3268,1500,37196,1257.082178,0.399,62.4544
Niger,NER,2019,854,238,17201,6976,2108,2201,3619,3325,1423,37945,1278.971076,0.406,62.8967
Nigeria,NGA,2007,8602,2342,133656,55609,18828,16026,22170,35595,100730,393558,4052.192908,0.48,50.033
Nigeria,NGA,2008,8938,2447,133744,57021,19065,16136,22244,35955,95773,391323,4226.714342,0.484,50.2251
Nigeria,NGA,2009,9213,2533,135318,59145,19485,16430,22529,36699,89799,391151,4428.627407,0.484,50.7124
Nigeria,NGA,2013,10472,2917,146744,70387,21835,17827,23880,39606,77539,411207,5045.010114,0.506,51.7068
Nigeria,NGA,2016,11041,3053,155266,75842,22964,19144,24038,38874,77599,427821,5160.489945,0.521,52.0427
Nigeria,NGA,1990,4984,1431,118057,34236,12194,11660,17749,25713,7723,233747,3067.387527,,46.0374
Nigeria,NGA,1991,5107,1460,120203,35172,12561,11928,17994,26125,11761,242311,3006.696926,,45.6908
Nigeria,NGA,1992,5255,1496,123006,36234,13022,12257,18313,26664,17130,253377,3021.759294,,45.6678
Nigeria,NGA,1993,5395,1528,125642,37283,13453,12536,18594,27081,23871,265383,2824.651072,,45.7879
Nigeria,NGA,1994,5540,1557,127914,38162,13851,12756,18837,27378,31881,277876,2765.381452,,45.5132
Nigeria,NGA,1995,5654,1578,129482,38843,14172,12887,19031,27473,40865,289985,2739.12167,,45.487
Nigeria,NGA,1996,5754,1592,132523,39405,14434,13000,19112,27460,50405,303685,2794.670158,,45.5666
Nigeria,NGA,1997,5894,1614,135221,40298,14804,13176,19311,27746,59969,318033,2817.794243,,45.7924
Nigeria,NGA,1998,6041,1637,138002,41305,15193,13336,19542,28018,71604,334678,2803.733211,,46.0363
Nigeria,NGA,1999,6186,1661,140664,42312,15568,13492,19824,28428,82999,351134,2817.029996,,46.6139
Nigeria,NGA,2000,6395,1719,142398,43405,15961,13777,20129,28957,91616,364357,2655.989334,,47.1928
Nigeria,NGA,2001,6595,1782,141888,44569,16317,14129,20422,29733,99303,374738,2864.22255,,47.6187
Nigeria,NGA,2002,6962,1890,142175,46497,16937,14684,20931,30913,104701,385690,3191.837532,,47.9285
Nigeria,NGA,2003,7262,1964,140179,48197,17415,15123,21239,31846,108081,391306,3296.341012,0.45,48.4405
Nigeria,NGA,2004,7635,2064,138269,50181,17873,15493,21580,32887,109749,395731,3529.89442,0.462,48.7672
Nigeria,NGA,2005,7992,2163,136056,51932,18145,15586,21792,33850,109023,396539,3631.501451,0.469,49.297
Nigeria,NGA,2006,8385,2279,135125,53931,18539,15873,22119,34803,105000,396054,4009.970944,0.477,49.7305
Nigeria,NGA,2010,9527,2623,137026,61627,19988,16694,22820,37704,87236,395245,4635.558111,0.482,50.9448
Nigeria,NGA,2011,9874,2719,139912,64551,20621,17019,23125,38456,86006,402283,4758.77867,0.492,51.3573
Nigeria,NGA,2012,10209,2828,143645,67786,21336,17483,23577,39274,82793,408931,4848.225457,0.499,51.4973
Nigeria,NGA,2014,10623,2945,148499,72209,22171,18290,23860,39342,74814,412753,5311.162154,0.512,51.7911
Nigeria,NGA,2015,10918,3025,153963,73971,22565,18731,23953,38674,75930,421730,5356.223001,0.516,51.8413
Nigeria,NGA,2017,11394,3130,157966,77596,23373,19428,24189,39654,79121,435851,5031.603971,0.526,52.3052
Nigeria,NGA,2018,11753,3234,160449,79466,23877,19710,24304,39914,81427,444134,4928.925873,0.531,52.5536
Nigeria,NGA,2019,12113,3334,163496,81558,24473,20045,24506,40381,82270,452176,4971.470226,0.538,52.9104
North Korea,PRK,2008,3001,966,84171,35162,3542,3719,27810,4595,356,163322,,,68.9578
North Korea,PRK,2010,3311,1043,88259,36448,3694,3872,28859,4762,361,170609,,,70.4187
North Korea,PRK,2011,3479,1079,90209,36995,3754,3934,29293,4832,372,173947,,,70.9778
North Korea,PRK,2012,3658,1113,91794,37488,3805,3992,29668,4893,365,176776,,,71.6261
North Korea,PRK,2013,3834,1140,93298,37864,3839,4040,29901,4930,399,179245,,,72.3189
North Korea,PRK,2014,4029,1166,94634,38252,3874,4087,30126,4967,488,181623,,,72.9423
North Korea,PRK,2015,4228,1188,96119,38575,3898,4125,30299,4983,582,183997,,,72.7844
North Korea,PRK,2016,4472,1217,97513,39119,3944,4179,30657,5034,658,186793,,,72.8045
North Korea,PRK,1990,1913,549,45575,23751,2126,2377,19507,3622,31,99451,,,70.21
North Korea,PRK,1991,1979,570,47352,24504,2211,2442,20182,3687,40,102967,,,70.3125
North Korea,PRK,1992,2044,591,49264,25237,2299,2514,20893,3749,53,106644,,,70.8239
North Korea,PRK,1993,2110,614,51367,25984,2395,2594,21661,3812,68,110605,,,71.8705
North Korea,PRK,1994,2177,637,53592,26725,2490,2674,22458,3891,85,114729,,,70.7181
North Korea,PRK,1995,2172,648,55084,27277,2564,2734,22833,3955,104,117371,,,60.8944
North Korea,PRK,1996,2119,651,56311,27795,2619,2789,22965,4023,122,119394,,,60.9557
North Korea,PRK,1997,2099,661,58086,28377,2683,2863,23319,4085,144,122317,,,60.9735
North Korea,PRK,1998,2089,670,59858,28862,2739,2934,23622,4128,169,125071,,,60.906
North Korea,PRK,1999,2096,683,61774,29398,2801,3004,23936,4171,198,128061,,,60.7984
North Korea,PRK,2000,2119,695,63750,29817,2852,3065,24010,4193,230,130731,,,60.7631
North Korea,PRK,2001,2155,707,65807,30221,2907,3123,23962,4197,267,133346,,,60.7449
North Korea,PRK,2002,2193,722,67786,30632,2963,3186,23972,4187,292,135933,,,60.7917
North Korea,PRK,2003,2275,749,70293,31127,3037,3269,24300,4200,302,139552,,,69.5458
North Korea,PRK,2004,2405,788,73386,31834,3136,3367,24960,4241,331,144448,,,69.4367
North Korea,PRK,2005,2543,829,76257,32571,3232,3454,25604,4303,362,149155,,,69.2853
North Korea,PRK,2006,2694,875,79074,33442,3340,3540,26377,4396,342,154080,,,69.0855
North Korea,PRK,2007,2847,922,81731,34303,3445,3628,27138,4492,336,158842,,,68.9109
North Korea,PRK,2009,3155,1006,86357,35859,3625,3801,28388,4691,354,167236,,,69.7317
North Korea,PRK,2017,4719,1244,99253,39691,3978,4223,31028,5106,708,189950,,,72.9778
North Korea,PRK,2018,4964,1271,100914,40278,4022,4269,31372,5134,740,192964,,,73.0309
North Korea,PRK,2019,5208,1296,102586,40841,4066,4318,31704,5171,761,195951,,,73.1985
North Macedonia,MKD,1990,252,86,9280,2878,376,195,659,198,1,13925,,,71.1968
North Macedonia,MKD,1991,253,86,9331,2919,383,196,662,200,1,14031,,,71.8149
North Macedonia,MKD,1992,255,90,9939,3100,414,212,689,212,1,14912,,,71.2002
North Macedonia,MKD,1993,255,91,10206,3206,437,221,683,219,1,15319,,,71.88
North Macedonia,MKD,1994,254,92,10330,3279,458,228,664,223,1,15529,,,71.491
North Macedonia,MKD,1995,255,94,10606,3388,484,237,654,230,1,15949,8969.877253,0.642,71.6738
North Macedonia,MKD,1996,255,96,10855,3510,521,245,638,235,1,16356,9028.909698,0.65,72.2347
North Macedonia,MKD,1997,254,99,11096,3632,557,251,619,241,1,16750,9108.053762,0.655,72.2737
North Macedonia,MKD,1998,255,102,11368,3788,592,259,602,249,1,17216,9367.364239,0.661,72.4047
North Macedonia,MKD,1999,256,104,11421,3856,618,263,590,251,1,17360,9687.861694,0.669,72.7739
North Macedonia,MKD,2000,259,107,11578,3914,653,268,588,251,2,17620,10065.54275,0.675,72.8567
North Macedonia,MKD,2001,262,112,11885,4040,694,277,597,259,2,18128,9823.227143,0.679,73.233
North Macedonia,MKD,2002,264,118,12262,4205,743,287,620,267,2,18768,10002.85397,0.683,73.1458
North Macedonia,MKD,2003,266,121,12275,4277,783,294,629,266,2,18913,10184.36146,0.688,73.3865
North Macedonia,MKD,2004,270,124,12133,4304,814,296,631,265,2,18839,10692.68095,0.694,73.7816
North Macedonia,MKD,2005,277,129,12335,4428,856,303,634,269,2,19233,11046.98165,0.699,73.7446
North Macedonia,MKD,2006,285,135,12632,4603,901,314,631,279,3,19783,11754.26935,0.707,73.9988
North Macedonia,MKD,2007,296,141,12939,4744,947,325,631,287,3,20313,11959.5747,0.711,73.9042
North Macedonia,MKD,2008,305,143,12680,4730,948,320,610,286,3,20025,13054.44457,0.73,74.5326
North Macedonia,MKD,2009,315,147,12739,4831,962,323,606,293,2,20218,13046.265,0.733,74.7186
North Macedonia,MKD,2010,327,151,12749,4881,978,325,604,294,2,20311,13364.5355,0.738,75.1187
North Macedonia,MKD,2011,337,153,12681,4863,978,323,598,291,2,20226,13606.37929,0.741,75.1869
North Macedonia,MKD,2012,350,159,12914,4961,1012,332,610,296,3,20637,13472.13216,0.743,75.1399
North Macedonia,MKD,2013,361,160,12751,4960,998,330,605,296,3,20464,13813.84666,0.75,75.8657
North Macedonia,MKD,2014,374,165,13092,5076,1017,339,620,302,3,20988,14359.46958,0.755,75.9347
North Macedonia,MKD,2015,388,172,13478,5194,1046,349,636,306,2,21571,14686.7385,0.762,75.9814
North Macedonia,MKD,2016,400,175,13605,5271,1049,353,644,311,2,21810,14934.67765,0.767,76.0296
North Macedonia,MKD,2017,413,177,13769,5326,1053,357,649,313,2,22059,15084.56736,0.773,76.4766
North Macedonia,MKD,2018,426,178,13887,5366,1056,359,649,314,2,22237,15457.19391,0.779,77.3142
North Macedonia,MKD,2019,437,180,14023,5431,1064,363,652,317,2,22469,15981.25068,0.784,77.2928
Norway,NOR,1990,1706,225,21155,10388,549,339,1523,367,32,36284,36062.79428,0.838,76.5865
Norway,NOR,1991,1747,243,20796,10387,558,347,1546,357,38,36019,36663.79655,0.845,77.0382
Norway,NOR,1992,1792,263,20763,10522,573,368,1616,359,52,36308,37287.23,0.851,77.2461
Norway,NOR,1993,1835,283,20737,10706,584,389,1697,361,60,36652,38112.4514,0.858,77.2206
Norway,NOR,1994,1864,298,20320,10776,589,404,1736,362,52,36401,39504.12494,0.873,77.7726
Norway,NOR,1995,1893,313,19909,10809,594,427,1796,359,56,36156,41251.68891,0.871,77.7967
Norway,NOR,1996,1923,328,19601,10860,602,442,1863,360,55,36034,44119.50648,0.879,78.2332
Norway,NOR,1997,1943,345,19318,10912,642,462,1924,364,31,35941,46475.87583,0.885,78.2386
Norway,NOR,1998,1963,359,19192,11042,661,484,2006,372,33,36112,45662.82229,0.895,78.4083
Norway,NOR,1999,1977,370,18866,11119,678,505,2085,368,17,35985,48332.18312,0.901,78.3868
Norway,NOR,2000,1996,377,18324,11208,690,532,2139,370,17,35653,54793.8995,0.913,78.6919
Norway,NOR,2001,2030,385,17872,11256,707,558,2184,365,15,35372,55581.34009,0.911,78.8959
Norway,NOR,2002,2060,393,17488,11381,715,577,2243,369,17,35243,54349.38507,0.912,78.9605
Norway,NOR,2003,2083,394,16654,11314,715,589,2248,363,22,34382,54727.05116,0.919,79.5294
Norway,NOR,2004,2112,397,15891,11316,711,605,2260,362,25,33679,58228.02514,0.927,79.9648
Norway,NOR,2005,2146,402,15301,11335,733,626,2302,351,26,33222,63543.37817,0.931,80.1699
Norway,NOR,2006,2196,412,15057,11486,749,649,2364,353,19,33285,67037.92885,0.937,80.4411
Norway,NOR,2007,2244,425,14895,11722,759,679,2453,360,13,33550,67351.25237,0.938,80.5033
Norway,NOR,2008,2286,430,14511,11816,744,696,2509,362,17,33371,70347.80315,0.94,80.678
Norway,NOR,2009,2322,434,14090,11891,731,707,2522,364,22,33083,63550.16598,0.936,80.8669
Norway,NOR,2010,2355,439,13746,11956,719,722,2545,362,16,32860,64988.87524,0.941,81.0401
Norway,NOR,2011,2409,452,13777,12212,712,749,2626,370,20,33327,67037.8291,0.944,81.243
Norway,NOR,2012,2442,461,13510,12260,695,759,2667,367,20,33181,68432.67946,0.946,81.4437
Norway,NOR,2013,2473,469,13215,12342,678,763,2700,369,12,33021,68383.25839,0.949,81.6666
Norway,NOR,2014,2496,471,12752,12247,650,758,2681,359,18,32432,68778.77611,0.952,82.0859
Norway,NOR,2015,2525,480,12516,12264,640,757,2704,357,12,32255,66756.61403,0.953,82.2718
Norway,NOR,2016,2576,489,12452,12389,647,763,2756,361,14,32447,64795.49042,0.955,82.4147
Norway,NOR,2017,2616,490,12235,12301,640,760,2750,354,14,32160,66403.54684,0.959,82.624
Norway,NOR,2018,2641,497,12585,12492,657,768,2758,357,14,32769,68999.19641,0.962,82.7605
Norway,NOR,2019,2633,503,12724,12675,666,776,2771,360,14,33122,66481.78169,0.961,82.9552
Oman,OMN,2009,142,52,4534,1079,575,156,245,240,63,7086,37782.20432,0.783,74.6814
Oman,OMN,2015,165,69,5246,1312,714,200,266,279,98,8349,33568.72682,0.823,77.6869
Oman,OMN,1990,75,21,3471,565,269,82,185,165,4,4837,30354.70847,,69.782
Oman,OMN,1991,77,22,3556,584,282,86,186,165,5,4963,30816.75253,,70.189
Oman,OMN,1992,80,23,3640,605,296,89,188,166,6,5093,31530.90562,,70.6556
Oman,OMN,1993,82,24,3707,621,308,91,189,165,7,5194,32397.7426,,71.1648
Oman,OMN,1994,85,25,3793,643,323,94,192,166,8,5329,31999.9225,,71.3845
Oman,OMN,1995,88,27,3884,666,339,97,195,168,9,5473,33000.23792,,71.9901
Oman,OMN,1996,91,28,3984,693,356,100,197,171,11,5631,33280.66085,,72.1909
Oman,OMN,1997,94,30,4058,717,370,103,199,173,14,5758,35277.55131,,72.4145
Oman,OMN,1998,96,31,4101,733,382,106,199,172,16,5836,35579.80535,,72.9702
Oman,OMN,1999,99,33,4119,745,392,108,199,171,19,5885,35436.12566,,73.184
Oman,OMN,2000,103,34,4151,766,406,112,199,174,24,5969,37457.7742,0.705,73.4658
Oman,OMN,2001,106,35,4143,791,417,113,198,180,22,6005,38579.94661,0.716,73.8075
Oman,OMN,2002,110,36,4213,818,435,117,199,185,19,6132,37470.74512,0.723,73.8687
Oman,OMN,2003,113,37,4199,831,445,120,197,185,21,6148,36208.8661,0.731,74.14
Oman,OMN,2004,116,37,4069,829,445,119,191,181,25,6012,35980.13235,0.739,74.3285
Oman,OMN,2005,120,39,4171,858,467,125,195,184,30,6189,35436.98506,0.745,74.3962
Oman,OMN,2006,125,43,4416,917,506,134,202,192,37,6572,36636.79009,0.753,74.4802
Oman,OMN,2007,130,46,4547,981,524,141,213,210,46,6838,37079.4074,0.762,74.461
Oman,OMN,2008,135,49,4578,1033,553,148,229,225,56,7006,37494.26661,0.772,74.6115
Oman,OMN,2010,147,54,4698,1112,603,165,248,244,71,7342,36021.0644,0.788,76.2695
Oman,OMN,2011,152,56,4891,1188,641,174,255,261,83,7701,34868.09265,0.793,76.6075
Oman,OMN,2012,157,57,4979,1255,664,180,258,278,93,7921,35292.75329,0.802,77.0607
Oman,OMN,2013,163,63,5067,1270,675,186,262,280,97,8063,35221.41724,0.809,77.2465
Oman,OMN,2014,165,66,5087,1273,684,192,261,275,97,8100,33000.36443,0.814,77.4462
Oman,OMN,2016,166,71,5372,1361,742,209,271,286,102,8580,33687.5172,0.833,77.9158
Oman,OMN,2017,164,68,5372,1387,744,209,267,289,105,8605,32003.33222,0.831,77.9243
Oman,OMN,2018,161,61,5079,1364,711,200,249,281,102,8208,30631.78608,0.834,77.9659
Oman,OMN,2019,163,60,4998,1368,705,199,244,279,98,8114,29071.04146,0.839,78.0022
Pakistan,PAK,2007,7870,3095,266758,125500,30181,31501,76093,35523,804,577325,3838.637771,0.499,63.8517
Pakistan,PAK,2008,7994,3150,271526,129673,31519,32623,76380,36354,913,590132,3820.418166,0.498,64.036
Pakistan,PAK,2009,8123,3209,275938,133173,32859,33559,76536,37068,1043,601508,3829.371862,0.502,64.14
Pakistan,PAK,2012,8665,3427,292618,143873,36807,36359,78053,38796,1775,640373,3924.479886,0.513,64.7823
Pakistan,PAK,2014,9209,3642,307223,154842,40172,39008,79506,40482,2418,676502,4105.228942,0.527,65.2842
Pakistan,PAK,2015,9488,3753,313967,159325,41745,40165,80176,40981,2758,692358,4207.010308,0.534,65.6971
Pakistan,PAK,2016,9821,3871,320769,164509,43530,41459,80844,41723,3072,709598,4337.277938,0.541,65.8797
Pakistan,PAK,1990,6928,2303,172526,73424,12804,15212,64997,25979,288,374461,2841.108123,0.4,60.0656
Pakistan,PAK,1991,7051,2371,179306,76026,13518,15947,66616,26536,336,387707,2897.623598,0.404,60.2594
Pakistan,PAK,1992,7145,2434,187083,78867,14316,16786,68293,27147,381,402452,3033.304323,0.409,60.1158
Pakistan,PAK,1993,7165,2487,194911,81439,15125,17635,70060,27655,420,416897,2993.495695,0.41,59.9342
Pakistan,PAK,1994,7211,2548,203609,84711,16046,18589,71873,28368,451,433406,3015.195108,0.414,60.1159
Pakistan,PAK,1995,7312,2629,213514,88769,17154,19678,73868,29335,472,452731,3080.786081,0.417,59.8784
Pakistan,PAK,1996,7362,2673,219882,91579,18020,20496,74779,29967,484,465242,3133.871249,0.423,60.3982
Pakistan,PAK,1997,7375,2702,225799,95215,18860,21393,75476,30412,492,477724,3062.757287,0.425,60.6034
Pakistan,PAK,1998,7372,2709,228975,98038,19463,22061,75250,30648,496,485012,3039.77297,0.43,61.0898
Pakistan,PAK,1999,7396,2743,233120,101664,20201,22870,75320,31135,499,494948,3097.34912,0.435,61.679
Pakistan,PAK,2000,7479,2789,238629,106261,21152,23842,75588,31976,503,508219,3160.71069,0.441,62.1018
Pakistan,PAK,2001,7543,2837,244193,109200,22465,24977,75951,32741,512,520419,3183.551161,0.448,62.4214
Pakistan,PAK,2002,7568,2873,248933,111979,23718,26045,76225,33287,529,531157,3178.95183,0.454,62.6264
Pakistan,PAK,2003,7584,2905,253098,114605,25088,27469,76291,33626,554,541220,3303.05547,0.462,62.843
Pakistan,PAK,2004,7620,2948,256841,117338,26486,28732,76258,34036,590,550849,3485.40969,0.475,63.0522
Pakistan,PAK,2005,7691,3000,260552,120275,28030,30049,76305,34487,637,561026,3631.120554,0.484,62.4657
Pakistan,PAK,2006,7778,3052,264165,123105,29139,30830,76281,35010,708,570068,3761.372437,0.493,63.7312
Pakistan,PAK,2010,8288,3277,281008,136615,34391,34575,76884,37671,1244,613953,3835.512924,0.505,64.4361
Pakistan,PAK,2011,8456,3340,286459,139633,35429,35323,77313,38202,1477,625632,3873.460978,0.508,64.6482
Pakistan,PAK,2013,8920,3537,300309,149631,38504,37657,78672,39779,2075,659084,4006.327569,0.518,65.1495
Pakistan,PAK,2017,10171,4000,327940,169459,44724,42412,81619,42871,3402,726598,4495.95069,0.543,66.2972
Pakistan,PAK,2018,10564,4138,334433,174568,46204,43348,82214,43375,3686,742530,4657.880392,0.545,66.482
Pakistan,PAK,2019,10960,4273,341108,179773,47693,44390,82758,44070,3949,758974,4603.556579,0.546,66.7558
Palau,PLW,1990,1,1,37,18,7,5,12,2,0,83,13380.2102,,61.5816
Palau,PLW,1991,1,1,37,19,8,5,13,2,0,86,14485.6921,,61.8904
Palau,PLW,1992,1,1,38,19,8,6,13,3,0,89,13196.84708,,62.236
Palau,PLW,1993,1,1,39,20,9,6,13,3,0,92,11706.96687,,62.5928
Palau,PLW,1994,1,1,41,21,9,6,13,3,0,95,12181.22635,,62.9177
Palau,PLW,1995,1,1,42,21,10,7,13,3,0,98,13414.65806,,63.2213
Palau,PLW,1996,1,1,43,22,10,7,14,3,0,101,13830.93761,,63.5659
Palau,PLW,1997,1,1,45,23,11,7,14,3,0,105,13584.61634,,63.9808
Palau,PLW,1998,1,1,46,23,12,8,14,3,0,108,13149.66827,,64.5538
Palau,PLW,1999,1,1,48,24,13,8,14,3,0,112,12928.07308,,65.169
Palau,PLW,2000,1,1,49,25,13,9,15,3,0,116,13538.19512,0.739,65.8914
Palau,PLW,2001,1,1,50,25,14,9,15,3,0,118,13636.88755,0.745,66.5528
Palau,PLW,2002,1,1,50,26,15,9,15,3,0,120,13989.9524,0.75,66.9603
Palau,PLW,2003,1,1,51,26,15,10,15,3,0,122,14168.38155,0.754,67.2275
Palau,PLW,2004,1,1,52,27,16,10,15,3,0,125,14444.56106,0.756,67.1912
Palau,PLW,2005,2,1,52,27,17,10,15,3,1,128,17652.04713,0.767,66.9917
Palau,PLW,2006,2,1,52,27,17,10,15,3,1,128,17737.87856,0.769,66.7302
Palau,PLW,2007,2,1,53,28,17,10,15,3,1,130,18594.95734,0.773,66.4874
Palau,PLW,2008,2,1,53,28,17,10,15,3,1,130,17752.22216,0.772,66.207
Palau,PLW,2009,2,1,54,28,17,10,15,3,1,131,16818.91756,0.771,65.9182
Palau,PLW,2010,2,1,54,28,17,10,15,3,1,131,17068.63254,0.773,65.5975
Palau,PLW,2011,2,1,55,29,18,10,15,3,1,134,18214.66845,0.776,65.1546
Palau,PLW,2012,2,1,55,29,18,10,15,3,1,134,18412.20426,0.776,64.7077
Palau,PLW,2013,2,1,56,30,19,11,15,3,1,138,17858.55621,0.779,64.227
Palau,PLW,2014,2,1,58,31,19,11,15,3,1,141,18788.42494,0.779,63.8575
Palau,PLW,2015,2,1,59,32,20,11,16,4,1,146,20005.08443,0.78,63.7461
Palau,PLW,2016,2,1,60,32,21,12,16,4,1,149,19783.90768,0.778,63.8521
Palau,PLW,2017,2,1,62,33,21,12,16,4,2,153,18910.23865,0.775,64.0828
Palau,PLW,2018,2,1,63,34,22,12,16,4,2,156,19877.82994,0.778,64.3886
Palau,PLW,2019,2,1,65,36,23,13,17,4,2,163,18740.42054,0.776,64.8043
Panama,PAN,1990,291,48,2967,1617,274,220,349,212,158,6136,10345.7302,0.669,71.0972
Panama,PAN,1991,307,50,2972,1646,292,232,361,215,180,6255,10835.33289,0.672,71.2068
Panama,PAN,1992,328,55,3111,1737,329,257,388,224,205,6634,11607.9439,0.678,71.4617
Panama,PAN,1993,349,61,3269,1838,367,287,423,237,232,7063,12213.17156,0.685,71.8
Panama,PAN,1994,368,64,3254,1845,390,301,439,234,265,7160,12422.53556,0.687,72.0955
Panama,PAN,1995,385,68,3337,1926,424,325,465,242,301,7473,12073.57371,0.69,72.3847
Panama,PAN,1996,403,69,3338,1934,450,324,465,239,342,7564,12624.24466,0.697,72.6753
Panama,PAN,1997,424,75,3517,2056,500,361,510,252,391,8086,12991.95048,0.703,72.9702
Panama,PAN,1998,443,81,3464,2131,519,419,565,257,468,8347,13561.54747,0.71,73.2792
Panama,PAN,1999,461,85,3390,2154,540,441,585,250,517,8423,13641.53182,0.715,73.6216
Panama,PAN,2000,482,86,3282,2134,544,465,561,250,515,8319,13916.19982,0.721,74.0015
Panama,PAN,2001,508,91,3351,2198,570,509,576,263,520,8586,13697.412,0.726,74.4144
Panama,PAN,2002,535,97,3473,2291,608,553,590,277,518,8942,14112.94023,0.733,74.8238
Panama,PAN,2003,562,104,3654,2424,642,594,609,297,464,9350,13830.48774,0.737,75.2175
Panama,PAN,2004,587,107,3734,2479,656,632,615,304,484,9598,14485.08764,0.743,75.5444
Panama,PAN,2005,611,112,3873,2570,680,666,626,317,486,9941,15160.22658,0.749,75.8285
Panama,PAN,2006,633,117,3953,2666,708,703,624,335,509,10248,16175.33969,0.754,76.0123
Panama,PAN,2007,655,118,3949,2696,712,706,615,338,493,10282,18076.96739,0.763,76.154
Panama,PAN,2008,681,123,4065,2816,741,750,626,358,507,10667,19490.87979,0.767,76.2247
Panama,PAN,2009,710,129,4226,2919,768,779,642,375,527,11075,19485.59856,0.769,76.3429
Panama,PAN,2010,742,135,4322,3000,818,810,667,386,568,11448,19709.25201,0.773,76.4479
Panama,PAN,2011,769,139,4407,3109,871,843,668,403,487,11696,22130.70521,0.779,76.6269
Panama,PAN,2012,801,146,4533,3236,935,886,699,426,515,12177,23552.35182,0.785,76.8185
Panama,PAN,2013,839,154,4691,3349,1003,925,731,436,563,12691,24829.3662,0.79,77.0378
Panama,PAN,2014,871,160,4794,3455,1053,967,759,450,518,13027,24968.40656,0.794,77.2478
Panama,PAN,2015,903,165,4857,3535,1083,1013,776,460,589,13381,26599.68394,0.8,77.4684
Panama,PAN,2016,940,171,4990,3635,1110,1060,805,474,557,13742,27197.93332,0.805,77.6529
Panama,PAN,2017,979,179,5126,3769,1150,1092,835,485,554,14169,28606.48873,0.811,77.7954
Panama,PAN,2018,1013,184,5192,3865,1181,1117,851,492,548,14443,28869.22802,0.814,77.8629
Panama,PAN,2019,1054,190,5318,3984,1217,1154,877,503,540,14837,29342.25437,0.817,77.8103
Papua New Guinea,PNG,1990,146,80,5599,1988,1389,253,3338,279,2,13074,2037.130804,0.37,59.7212
Papua New Guinea,PNG,1991,153,84,5787,2051,1458,264,3446,286,4,13533,2192.196024,0.38,59.9078
Papua New Guinea,PNG,1992,160,88,5975,2120,1534,276,3552,293,9,14007,2454.136759,0.391,60.2184
Papua New Guinea,PNG,1993,168,92,6115,2171,1603,286,3630,296,18,14379,2925.908175,0.405,60.5059
Papua New Guinea,PNG,1994,176,96,6264,2224,1676,296,3707,301,47,14787,3526.05352,0.419,60.7564
Papua New Guinea,PNG,1995,184,100,6450,2292,1760,310,3800,307,105,15308,3276.687312,0.423,61.0491
Papua New Guinea,PNG,1996,193,104,6663,2372,1835,324,3897,316,193,15897,3368.492756,0.43,61.1049
Papua New Guinea,PNG,1997,202,108,6903,2452,1916,337,4010,323,331,16582,3082.639473,0.432,61.3771
Papua New Guinea,PNG,1998,211,112,7210,2557,2011,356,4152,335,534,17478,3148.43598,0.435,60.6294
Papua New Guinea,PNG,1999,220,116,7514,2654,2103,372,4278,346,809,18412,3141.983548,0.444,61.6723
Papua New Guinea,PNG,2000,229,119,7795,2730,2189,383,4379,352,1152,19328,2997.575613,0.447,61.7199
Papua New Guinea,PNG,2001,237,120,8102,2819,2280,399,4474,362,1547,20340,2935.452382,0.451,61.7728
Papua New Guinea,PNG,2002,246,123,8479,2930,2398,418,4611,374,1966,21545,2946.513842,0.455,61.6978
Papua New Guinea,PNG,2003,254,126,8858,3035,2520,434,4746,386,2360,22719,3023.368388,0.461,61.7973
Papua New Guinea,PNG,2004,263,129,9270,3155,2656,455,4895,399,2701,23923,2754.273502,0.461,61.7611
Papua New Guinea,PNG,2005,272,133,9707,3293,2796,478,5055,416,2972,25122,2781.965113,0.466,61.8008
Papua New Guinea,PNG,2006,279,134,10075,3410,2868,493,5166,431,3141,25997,2671.025061,0.469,61.9172
Papua New Guinea,PNG,2007,287,137,10489,3546,2959,509,5297,448,3187,26859,2883.822296,0.478,62.0338
Papua New Guinea,PNG,2008,295,140,10817,3660,3032,519,5418,460,3231,27572,2867.675037,0.484,62.5708
Papua New Guinea,PNG,2009,304,144,11125,3770,3103,527,5528,472,3361,28334,2932.028941,0.49,62.7882
Papua New Guinea,PNG,2010,313,149,11624,3977,3231,549,5710,496,3521,29570,3151.262314,0.499,63.0395
Papua New Guinea,PNG,2011,317,151,12031,4155,3374,569,5834,518,3644,30593,3049.077815,0.504,63.5259
Papua New Guinea,PNG,2012,326,155,12401,4305,3510,586,5974,534,3696,31487,3275.397147,0.513,63.7325
Papua New Guinea,PNG,2013,334,159,12700,4427,3624,601,6086,545,3662,32138,3228.860857,0.518,63.9611
Papua New Guinea,PNG,2014,344,164,13081,4593,3772,621,6218,562,3591,32946,3841.677693,0.533,64.2589
Papua New Guinea,PNG,2015,355,170,13580,4810,3961,647,6388,586,3606,34103,4009.373118,0.541,64.7006
Papua New Guinea,PNG,2016,360,174,13910,4965,4112,665,6498,599,3695,34978,4175.769454,0.547,64.8399
Papua New Guinea,PNG,2017,372,182,14431,5187,4286,688,6718,621,3780,36265,4201.135296,0.552,65.1028
Papua New Guinea,PNG,2018,387,191,15029,5435,4505,716,6954,643,3818,37678,4082.831293,0.554,65.1822
Papua New Guinea,PNG,2019,402,199,15540,5645,4697,741,7154,660,3830,38868,4166.066492,0.56,65.4738
Paraguay,PRY,1990,429,67,5014,2038,498,337,431,301,34,9149,8212.272417,0.595,67.9441
Paraguay,PRY,1991,442,66,4866,2055,502,335,416,301,40,9023,8132.944682,0.6,68.1729
Paraguay,PRY,1992,467,71,5246,2232,564,366,442,323,46,9757,7980.975906,0.605,68.3952
Paraguay,PRY,1993,491,76,5522,2360,622,390,460,335,53,10309,8120.487152,0.612,68.6334
Paraguay,PRY,1994,512,80,5724,2476,668,410,473,348,60,10751,8187.072941,0.617,68.8237
Paraguay,PRY,1995,541,87,5941,2642,729,446,497,361,69,11313,8360.485898,0.623,69.0092
Paraguay,PRY,1996,571,96,6155,2843,796,504,531,378,80,11954,8800.24637,0.632,69.2017
Paraguay,PRY,1997,589,98,5937,2947,828,530,529,383,92,11933,8673.80132,0.638,69.3249
Paraguay,PRY,1998,612,103,5989,3108,897,574,547,397,107,12334,8479.868689,0.644,69.4779
Paraguay,PRY,1999,635,107,6069,3298,980,623,561,411,125,12809,8170.28664,0.649,69.6342
Paraguay,PRY,2000,659,110,6041,3432,1071,668,568,412,148,13109,7479.681232,0.649,69.7502
Paraguay,PRY,2001,682,112,5946,3506,1146,702,567,410,176,13247,7372.0369,0.655,69.8997
Paraguay,PRY,2002,709,115,6008,3620,1244,740,578,412,209,13635,7400.037724,0.662,70.025
Paraguay,PRY,2003,742,121,6298,3805,1368,805,607,424,249,14419,6982.835568,0.655,70.297
Paraguay,PRY,2004,778,130,6761,4010,1508,888,649,446,300,15470,7313.92887,0.662,70.4809
Paraguay,PRY,2005,805,134,6954,4082,1577,939,663,457,362,15973,7430.442505,0.664,70.5269
Paraguay,PRY,2006,835,139,7234,4196,1632,1003,686,478,386,16589,7967.30967,0.664,70.7809
Paraguay,PRY,2007,859,140,7263,4220,1634,1034,693,493,378,16714,8677.024029,0.669,71.1061
Paraguay,PRY,2008,890,144,7447,4332,1672,1093,711,520,409,17218,9225.986476,0.679,71.3838
Paraguay,PRY,2009,932,154,7915,4539,1758,1199,766,556,436,18255,9041.02233,0.677,71.6345
Paraguay,PRY,2010,971,163,8210,4675,1830,1308,819,578,489,19043,9908.752523,0.685,71.8872
Paraguay,PRY,2011,1000,166,8209,4724,1845,1394,853,587,577,19355,10334.62582,0.696,72.1314
Paraguay,PRY,2012,1030,170,8265,4803,1877,1482,899,597,648,19771,10038.18831,0.702,72.4536
Paraguay,PRY,2013,1070,179,8565,5018,1991,1599,965,620,692,20699,10762.37759,0.715,72.7568
Paraguay,PRY,2014,1097,179,8454,5060,1998,1631,992,633,720,20764,11221.46549,0.716,72.8777
Paraguay,PRY,2015,1129,185,8677,5250,2076,1698,1051,663,728,21457,11388.39108,0.723,73.1905
Paraguay,PRY,2016,1170,199,9269,5606,2260,1823,1134,703,728,22892,11681.90319,0.721,73.5336
Paraguay,PRY,2017,1201,205,9478,5776,2319,1841,1141,718,696,23375,12174.12219,0.724,73.6436
Paraguay,PRY,2018,1231,209,9661,5947,2377,1857,1141,733,627,23783,12402.40912,0.727,73.5676
Paraguay,PRY,2019,1261,214,9912,6141,2447,1883,1148,750,570,24326,12241.66584,0.732,73.6207
Peru,PER,1990,2014,504,21466,15471,1593,2924,3320,4066,501,51859,4943.405647,0.621,65.1059
Peru,PER,1991,2045,472,19708,15088,1551,2844,3115,3922,576,49321,5137.237402,0.625,65.4342
Peru,PER,1992,2159,524,21340,16529,1771,3160,3332,4232,648,53695,4990.049823,0.625,66.1489
Peru,PER,1993,2247,550,21712,17174,1870,3303,3390,4383,724,55353,5133.395794,0.629,66.6814
Peru,PER,1994,2330,569,21914,17890,1969,3460,3408,4475,809,56824,5629.329259,0.639,67.2268
Peru,PER,1995,2428,602,22464,18737,2092,3660,3486,4612,909,58990,5912.585584,0.647,67.6445
Peru,PER,1996,2497,592,21475,18528,2028,3605,3390,4582,1030,57727,6041.510865,0.651,68.1474
Peru,PER,1997,2609,629,21385,19174,2113,3826,3524,4726,1174,59160,6334.454835,0.656,68.6052
Peru,PER,1998,2724,670,21485,19784,2189,4026,3649,4834,1342,60703,6260.683714,0.664,69.082
Peru,PER,1999,2804,679,20155,19728,2213,4099,3638,4801,1534,59651,6251.097403,0.673,69.7427
Peru,PER,2000,2916,722,20484,20609,2321,4380,3830,4897,1735,61894,6297.773346,0.676,70.424
Peru,PER,2001,3014,739,19812,20665,2309,4448,3890,4766,1939,61582,6293.027047,0.684,71.0409
Peru,PER,2002,3154,778,19890,21307,2389,4652,4068,4797,2130,63165,6529.782834,0.685,71.6608
Peru,PER,2003,3320,831,20411,22211,2519,4928,4319,4919,2228,65686,6672.764496,0.684,72.2166
Peru,PER,2004,3463,848,20073,22130,2531,4972,4451,4888,2260,65616,6813.762314,0.69,72.668
Peru,PER,2005,3623,866,20083,22512,2599,5102,4593,4925,2387,66690,7094.575199,0.686,72.9858
Peru,PER,2006,3793,886,19923,22708,2650,5209,4737,4940,2459,67305,7385.388794,0.691,73.1721
Peru,PER,2007,3995,908,19653,22700,2692,5287,4889,4909,2370,67403,7970.525079,0.7,73.2227
Peru,PER,2008,4242,956,20287,23815,2885,5524,5242,5040,2218,70209,8722.217969,0.708,73.3772
Peru,PER,2009,4571,1105,23332,26895,3492,6384,6033,5636,2164,79612,8806.392101,0.711,73.4661
Peru,PER,2010,4822,1186,24665,28160,3810,6800,6475,5869,2052,83839,9317.266284,0.725,73.7106
Peru,PER,2011,5036,1224,25133,28655,3982,6964,6678,5952,1898,85522,9796.887413,0.732,74.1327
Peru,PER,2012,5263,1263,25573,29039,4137,7115,6865,6012,2030,87297,10448.87879,0.742,74.544
Peru,PER,2013,5484,1292,25939,29424,4294,7190,6973,6067,2404,89067,11112.59152,0.75,74.9668
Peru,PER,2014,5701,1291,25674,29454,4332,7131,6893,6065,2793,89334,11339.08417,0.755,75.3334
Peru,PER,2015,5937,1301,25742,29809,4396,7157,6838,6139,2999,90318,11705.74373,0.759,75.6206
Peru,PER,2016,6249,1335,26404,30576,4512,7333,6859,6282,3060,92610,11899.5399,0.765,75.789
Peru,PER,2017,6584,1378,27352,31489,4605,7558,6921,6453,2928,95268,11931.12893,0.77,75.879
Peru,PER,2018,6875,1421,28272,32440,4690,7796,6941,6640,2692,97767,12142.66015,0.776,76.0089
Peru,PER,2019,7144,1464,29215,33395,4761,8044,6961,6828,2401,100213,12303.68873,0.78,76.1559
Philippines,PHL,1990,4052,944,45711,37671,10259,10415,20035,7844,765,137696,4139.583826,0.598,65.9093
Philippines,PHL,1991,4266,956,44960,38512,10426,10509,19978,8019,863,138489,4066.710963,0.599,66.304
Philippines,PHL,1992,4535,1013,46557,40353,11029,11047,20713,8352,973,144572,4043.349832,0.603,67.0877
Philippines,PHL,1993,4796,1068,48669,42098,11630,11548,21425,8639,1099,150972,4054.99227,0.606,67.5417
Philippines,PHL,1994,5063,1130,51541,43698,12244,12038,22140,8886,1240,157980,4178.477238,0.609,67.9422
Philippines,PHL,1995,5324,1182,54824,45116,12784,12430,22630,9091,1399,164780,4280.567584,0.612,68.2231
Philippines,PHL,1996,5532,1235,59699,46862,13471,12939,23265,9349,1578,173930,4458.054948,0.62,68.6139
Philippines,PHL,1997,5650,1248,64685,47673,13788,13145,23334,9449,1778,180750,4651.226901,0.625,68.8841
Philippines,PHL,1998,5672,1252,72612,48247,14121,13374,23402,9508,2004,190192,4932.066665,0.63,69.0996
Philippines,PHL,1999,5581,1211,83763,47259,14011,13161,22819,9225,2259,199289,4967.006117,0.633,69.2977
Philippines,PHL,2000,5596,1219,95581,47488,14351,13445,22766,9249,2546,212241,4895.57739,0.633,69.4134
Philippines,PHL,2001,5668,1252,106850,47959,14779,13929,23096,9375,2852,225760,4939.264696,0.638,69.6136
Philippines,PHL,2002,5752,1296,117398,48516,15143,14482,23529,9534,3200,238850,5012.017662,0.645,69.781
Philippines,PHL,2003,5811,1301,122881,48567,15194,14979,23513,9661,3601,245508,5154.074008,0.65,69.9242
Philippines,PHL,2004,5940,1326,129074,49006,15419,15817,23628,9827,4063,254100,5374.084173,0.657,70.0367
Philippines,PHL,2005,6142,1401,137238,50595,16028,17230,24765,10105,4610,268114,5556.405859,0.658,70.2402
Philippines,PHL,2006,6348,1463,142313,51598,16256,18744,25594,10306,5678,278300,5719.636042,0.659,70.2817
Philippines,PHL,2007,6560,1506,145342,52671,16572,19970,26018,10490,5667,284796,5976.078269,0.664,70.4832
Philippines,PHL,2008,6842,1587,151552,54937,17393,21595,27004,10923,5613,297446,6149.84805,0.668,70.5638
Philippines,PHL,2009,7093,1652,157518,56646,18103,23001,27871,11188,5516,308588,6268.008357,0.667,70.6334
Philippines,PHL,2010,7370,1708,161854,58356,18771,24162,28388,11456,5192,317257,6600.766809,0.674,70.7542
Philippines,PHL,2011,7671,1780,166853,60414,19572,25305,29112,11735,5499,327941,6697.516565,0.679,70.7881
Philippines,PHL,2012,7991,1873,172643,63191,20767,26596,29877,12081,5373,340392,7055.385918,0.685,70.8813
Philippines,PHL,2013,8322,1955,177293,65965,22048,27959,30228,12407,5298,351475,7458.801515,0.692,70.8349
Philippines,PHL,2014,8611,2031,182449,68477,23285,29284,30755,12675,5241,362808,7789.275253,0.696,71.151
Philippines,PHL,2015,8939,2133,189416,71673,24690,30839,31541,13015,5705,377951,8143.543154,0.698,71.2684
Philippines,PHL,2016,9299,2213,193603,74132,25551,31698,32232,13333,5434,387495,8564.17134,0.7,71.3871
Philippines,PHL,2017,9691,2277,197124,76389,26238,32242,32555,13662,5363,395541,9016.762194,0.704,71.5156
Philippines,PHL,2018,10056,2350,200391,78774,26962,32766,32827,13949,5292,403367,9414.447797,0.71,71.689
Philippines,PHL,2019,10473,2429,204311,81321,27680,33358,33229,14287,5222,412310,9790.637367,0.718,71.8649
Poland,POL,1990,8446,1921,196011,83481,6124,4413,14579,6450,20,321445,11133.69745,0.716,70.678
Poland,POL,1991,8659,1981,203919,87179,6347,4571,14503,6909,15,334083,10122.21177,0.713,70.3777
Poland,POL,1992,8841,1969,200393,86706,6165,4480,13644,6888,18,329104,10237.20465,0.718,70.9072
Poland,POL,1993,8993,1955,195043,85489,5872,4343,12899,6774,18,321386,10665.09785,0.731,71.4197
Poland,POL,1994,9175,1979,193803,86828,5757,4386,12434,6949,16,321327,11564.26723,0.741,71.7101
Poland,POL,1995,9351,2024,194131,89491,5672,4449,12316,7269,19,324722,12273.67485,0.746,71.9193
Poland,POL,1996,9458,2042,189609,89537,5497,4437,11923,7239,27,319769,13112.10744,0.755,72.2472
Poland,POL,1997,9605,2083,187010,91819,5453,4584,11847,7518,44,319963,13944.18476,0.766,72.5951
Poland,POL,1998,9726,2101,181235,93108,5294,4671,11542,7675,68,315420,14590.85743,0.776,72.9517
Poland,POL,1999,9944,2180,181199,96568,5258,4905,11607,8034,146,319841,15283.86066,0.783,72.9946
Poland,POL,2000,10131,2189,172892,96092,5103,4883,11086,7780,147,310303,16177.11083,0.793,73.7335
Poland,POL,2001,10257,2223,168514,97163,5059,4909,10815,7765,125,306830,16401.17345,0.799,74.2193
Poland,POL,2002,10372,2266,165009,98014,5065,4951,10644,7768,148,304237,16740.2735,0.806,74.5826
Poland,POL,2003,10465,2329,163649,99203,5167,5012,10672,7886,142,304525,17231.43437,0.811,74.7384
Poland,POL,2004,10649,2403,163720,101511,5300,5127,10688,8291,154,307843,17707.89652,0.809,74.972
Poland,POL,2005,10935,2480,163469,102910,5495,5269,10698,8608,154,310018,18610.39132,0.815,75.0936
Poland,POL,2006,11226,2561,163700,104899,5777,5431,10755,8936,124,313409,19685.71892,0.82,75.2835
Poland,POL,2007,11577,2650,164625,106968,6089,5566,10921,9226,158,317780,20882.84428,0.825,75.3386
Poland,POL,2008,11978,2727,164547,107728,6319,5471,10918,9322,180,319190,22011.45139,0.831,75.5842
Poland,POL,2009,12498,2814,165175,108732,6573,5377,10910,9245,120,321444,22400.26843,0.835,75.7811
Poland,POL,2010,13082,2824,161591,107855,6619,5122,10590,8996,161,316840,23207.36326,0.841,76.3175
Poland,POL,2011,13732,2883,161196,108955,6840,4902,10559,8958,158,318183,24307.20371,0.847,76.6506
Poland,POL,2012,14414,2990,163839,111800,7192,4752,10668,8996,147,324798,24660.27546,0.852,76.7138
Poland,POL,2013,15022,3047,163399,112743,7380,4481,10667,8770,144,325653,24971.27568,0.863,76.9705
Poland,POL,2014,15629,3056,160958,112543,7365,4142,10423,8421,140,322677,25724.2512,0.865,77.5691
Poland,POL,2015,16365,3174,165389,116526,7793,4160,10768,8597,173,332945,26821.51433,0.868,77.4151
Poland,POL,2016,16898,3199,164834,117099,7847,4170,10717,8559,135,333458,27466.79559,0.872,77.8025
Poland,POL,2017,17406,3260,167725,118598,7856,4361,10939,8551,141,338837,28817.10086,0.875,77.7205
Poland,POL,2018,17945,3362,171814,120475,8010,4543,11173,8560,138,346020,30369.76617,0.877,77.6282
Poland,POL,2019,18469,3433,174736,122080,8124,4695,11349,8565,134,351585,31838.9708,0.881,77.9272
Portugal,PRT,1990,2022,504,45852,21692,2864,1579,4624,3659,210,83006,22852.76332,0.701,74.304
Portugal,PRT,1991,2102,521,46138,22256,3103,1651,4691,3685,301,84448,23854.19104,0.711,74.2401
Portugal,PRT,1992,2173,529,45246,22507,3221,1689,4669,3615,443,84092,24140.77949,0.727,74.8701
Portugal,PRT,1993,2260,550,45515,23058,3400,1760,4778,3573,555,85449,23559.85384,0.741,74.7614
Portugal,PRT,1994,2333,552,43865,22954,3391,1764,4713,3338,794,83704,23572.05132,0.754,75.73
Portugal,PRT,1995,2437,575,44105,23596,3500,1856,4873,3303,1086,85331,24588.11941,0.761,75.5501
Portugal,PRT,1996,2556,602,44396,24252,3594,1937,5088,3275,1310,87010,25140.9191,0.769,75.4763
Portugal,PRT,1997,2665,619,43601,24501,3664,1971,5159,3153,1183,86516,26014.46984,0.778,75.9227
Portugal,PRT,1998,2786,646,43336,24954,3790,2064,5319,3064,1130,87089,27417.18869,0.786,76.1164
Portugal,PRT,1999,2902,679,43171,25441,3910,2199,5557,2972,1224,88055,28500.60595,0.785,76.3221
Portugal,PRT,2000,3016,704,41920,25653,3954,2367,5553,2870,1154,87191,28671.51922,0.791,76.8304
Portugal,PRT,2001,3158,740,41062,25980,4155,2574,5580,2827,1109,87185,29112.95799,0.797,77.1508
Portugal,PRT,2002,3299,789,40731,26386,4300,2868,5738,2766,1088,87965,29484.44685,0.798,77.3676
Portugal,PRT,2003,3430,838,40148,26827,4389,3134,5856,2727,1063,88412,29338.71435,0.802,77.5784
Portugal,PRT,2004,3538,861,37951,26661,4265,3220,5799,2614,995,85904,29701.17472,0.805,78.4199
Portugal,PRT,2005,3696,899,36893,27013,4178,3349,5932,2567,1020,85547,29777.58843,0.806,78.3053
Portugal,PRT,2006,3885,933,35771,27265,4022,3416,5928,2489,914,84623,29778.5573,0.811,79.0713
Portugal,PRT,2007,4090,983,35447,27795,4087,3513,5982,2454,923,85274,30537.20511,0.818,79.281
Portugal,PRT,2008,4280,1026,34883,28256,4076,3581,6021,2393,849,85365,30147.68603,0.822,79.5613
Portugal,PRT,2009,4473,1064,34448,28688,4095,3641,6080,2347,774,85610,29783.32249,0.825,79.7706
Portugal,PRT,2010,4675,1096,33939,28997,4093,3675,6080,2283,732,85570,30139.45026,0.829,80.035
Portugal,PRT,2011,4898,1121,33379,29275,4050,3660,6080,2222,660,85345,29884.279,0.835,80.4971
Portugal,PRT,2012,5119,1157,33269,29551,4045,3688,6170,2158,569,85726,28625.27535,0.836,80.4784
Portugal,PRT,2013,5325,1180,33098,29741,3990,3670,6190,2099,520,85813,29016.09421,0.845,80.8172
Portugal,PRT,2014,5542,1199,33084,29722,3928,3660,6241,2031,437,85844,29339.43433,0.848,81.2157
Portugal,PRT,2015,5763,1227,33416,29906,3920,3712,6392,1977,519,86832,30186.54091,0.85,81.2093
Portugal,PRT,2016,6009,1259,34279,30531,3974,3803,6572,2019,517,88963,31170.51606,0.853,81.2324
Portugal,PRT,2017,6225,1277,35458,30871,4062,3879,6744,2057,508,91081,32269.04155,0.859,81.498
Portugal,PRT,2018,6412,1301,36363,31172,4150,3967,6885,2068,495,92813,33134.17013,0.86,81.3947
Portugal,PRT,2019,6602,1327,37353,31651,4245,4068,7052,2092,482,94872,34078.58487,0.867,81.7007
Qatar,QAT,1990,8,3,368,135,65,29,21,37,2,668,59812.01574,0.758,73.9817
Qatar,QAT,1991,8,4,389,143,70,31,23,38,2,708,57427.10285,0.754,73.966
Qatar,QAT,1992,8,4,410,150,75,32,24,40,3,746,62901.16988,0.756,74.1222
Qatar,QAT,1993,8,4,426,156,79,34,24,41,3,775,61314.4608,0.763,74.2434
Qatar,QAT,1994,8,4,410,158,73,32,23,42,4,754,61502.20274,0.77,74.3478
Qatar,QAT,1995,8,3,410,164,72,32,23,43,4,759,62192.65195,0.775,74.2499
Qatar,QAT,1996,9,4,460,181,89,37,26,47,4,857,61496.84028,0.782,74.6847
Qatar,QAT,1997,10,5,494,194,103,41,28,50,4,929,78209.9189,0.795,74.7873
Qatar,QAT,1998,10,6,509,204,112,43,29,53,4,970,84233.04314,0.799,74.8092
Qatar,QAT,1999,10,6,513,211,118,45,29,55,4,991,84779.85835,0.802,74.8
Qatar,QAT,2000,11,6,507,217,121,46,29,57,3,997,87253.93628,0.801,74.8279
Qatar,QAT,2001,11,6,515,228,128,48,29,59,2,1026,85546.3434,0.803,75.2634
Qatar,QAT,2002,12,7,544,246,142,52,31,64,2,1100,87422.61047,0.809,75.4118
Qatar,QAT,2003,13,7,564,263,155,55,32,68,2,1159,87792.11039,0.819,75.565
Qatar,QAT,2004,14,7,567,277,165,57,33,71,2,1193,89618.7176,0.822,75.9606
Qatar,QAT,2005,15,8,594,300,180,62,35,76,2,1272,78649.06596,0.827,76.0637
Qatar,QAT,2006,16,9,637,333,200,65,37,85,2,1384,91144.48033,0.825,76.5703
Qatar,QAT,2007,17,10,666,369,217,74,38,93,3,1487,90330.59796,0.834,77.0155
Qatar,QAT,2008,18,10,689,401,223,76,39,100,3,1559,89618.73955,0.84,77.4272
Qatar,QAT,2009,19,11,720,434,233,80,42,106,4,1649,83622.77418,0.838,77.8776
Qatar,QAT,2010,20,11,739,467,239,83,44,112,4,1719,86331.42965,0.834,78.4251
Qatar,QAT,2011,22,12,753,495,243,86,45,118,4,1778,91383.97812,0.844,78.8911
Qatar,QAT,2012,24,12,782,526,247,89,47,123,5,1855,90093.22967,0.829,79.2265
Qatar,QAT,2013,26,13,820,561,258,94,49,128,5,1954,90598.69022,0.834,79.5364
Qatar,QAT,2014,28,14,859,598,269,100,52,135,4,2059,91347.51852,0.839,79.7677
Qatar,QAT,2015,29,15,895,626,267,102,54,140,4,2132,93931.58322,0.846,80.0639
Qatar,QAT,2016,31,15,926,665,274,107,56,147,4,2225,94985.79979,0.85,80.4335
Qatar,QAT,2017,34,16,973,707,289,113,58,155,4,2349,91499.86316,0.849,80.7171
Qatar,QAT,2018,37,17,1045,767,316,123,62,165,4,2536,89089.21103,0.853,80.8982
Qatar,QAT,2019,41,19,1121,831,345,133,66,177,4,2737,87791.91612,0.859,80.9897
Romania,ROU,1990,3710,1148,136528,35142,2057,2588,14278,8647,204,204302,13289.95661,0.703,69.729
Romania,ROU,1991,3836,1158,139960,35463,2109,2495,13569,8899,159,207648,11711.86444,0.689,69.8842
Romania,ROU,1992,3961,1192,147999,37360,2199,2467,13245,9756,174,218353,10746.64888,0.679,69.4055
Romania,ROU,1993,4048,1173,149842,38146,2176,2262,12122,10373,255,220397,10906.93426,0.68,69.5784
Romania,ROU,1994,4134,1165,152152,39114,2141,2155,11399,11026,384,223670,11361.39657,0.682,69.5789
Romania,ROU,1995,4265,1209,159173,40876,2114,2149,11194,11882,450,233312,12071.13964,0.688,69.5602
Romania,ROU,1996,4336,1260,166202,42745,2122,2159,11304,12686,527,243341,12559.32363,0.693,68.9817
Romania,ROU,1997,4379,1257,165204,43268,2061,2090,10981,13001,630,242871,11975.33227,0.696,69.4482
Romania,ROU,1998,4390,1233,159168,42021,1939,1972,10464,12425,618,234230,11722.06464,0.7,70.125
Romania,ROU,1999,4409,1210,151809,40607,1821,1841,10359,11645,500,224201,11692.61437,0.708,70.6008
Romania,ROU,2000,4545,1215,147898,40723,1762,1795,9963,11332,489,219722,12061.0788,0.715,71.2823
Romania,ROU,2001,4668,1276,151208,42661,1814,1850,10001,11804,485,225767,12876.90213,0.722,71.2944
Romania,ROU,2002,4800,1353,155374,44145,1892,1939,10082,12003,354,231942,13803.58871,0.729,70.7048
Romania,ROU,2003,4874,1403,154850,44756,1965,1991,9780,11799,259,231677,14043.53532,0.732,69.8004
Romania,ROU,2004,4959,1423,150248,44467,1964,1956,9265,11327,222,225831,15300.34332,0.742,69.5031
Romania,ROU,2005,5180,1489,151602,45140,2017,2017,9036,11204,182,227867,16308.55395,0.756,70.6095
Romania,ROU,2006,5358,1526,148779,45307,2035,2049,8648,10975,167,224844,17631.43917,0.77,71.4718
Romania,ROU,2007,5560,1552,145232,45549,2058,2083,8290,10926,128,221378,18782.19739,0.786,72.5458
Romania,ROU,2008,5768,1621,145844,47249,2119,2182,8211,11332,125,224451,21553.0856,0.806,73.6078
Romania,ROU,2009,5984,1695,147209,48682,2180,2276,8160,11582,104,227872,20747.37719,0.809,74.029
Romania,ROU,2010,6268,1764,147708,49421,2213,2362,8049,11489,107,229381,20075.41853,0.807,73.9959
Romania,ROU,2011,6520,1769,142281,48186,2141,2368,7632,10608,154,221659,20537.17243,0.808,74.4314
Romania,ROU,2012,6818,1845,143909,49633,2205,2534,7652,10582,145,225323,20942.67019,0.805,74.3908
Romania,ROU,2013,7082,1838,139231,48937,2161,2579,7370,10084,144,219426,21878.99577,0.81,74.9756
Romania,ROU,2014,7392,1932,143573,51418,2269,2775,7663,10437,182,227641,23006.38141,0.811,74.9279
Romania,ROU,2015,7709,1968,143937,51695,2317,2871,7713,10299,151,228660,23639.21976,0.813,74.7901
Romania,ROU,2016,8018,1988,144123,52321,2373,2964,7756,10373,181,230097,24814.66283,0.816,75.2458
Romania,ROU,2017,8342,2024,145611,52679,2400,3037,7858,10452,158,232561,26756.30966,0.823,75.9519
Romania,ROU,2018,8628,2043,147835,52652,2405,3025,7996,10431,149,235164,27979.14701,0.827,76.1546
Romania,ROU,2019,8874,2074,150427,52590,2419,3043,8106,10386,142,238061,29442.20491,0.832,76.5079
Rwanda,RWA,1990,261,87,10440,4657,1391,927,2761,2417,1940,24881,933.391139,,48.4312
Rwanda,RWA,1991,265,90,10865,4871,1462,974,2859,2519,2618,26523,935.0494069,,46.519
Rwanda,RWA,1992,263,89,10393,4613,1402,940,2740,2362,3583,26385,1047.102417,,44.3189
Rwanda,RWA,1993,255,84,9218,3983,1238,837,2430,2020,4696,24761,1027.242817,,42.1658
Rwanda,RWA,1994,240,79,8773,3803,1186,806,2294,1952,5869,25002,540.4053945,,14.0985
Rwanda,RWA,1995,232,78,9095,4064,1254,850,2346,2097,7296,27312,748.9323199,0.286,39.9692
Rwanda,RWA,1996,239,81,9754,4489,1370,928,2488,2345,8838,30532,810.1339709,0.296,40.6979
Rwanda,RWA,1997,247,83,9978,4703,1426,964,2532,2468,10488,32889,864.3728577,0.302,40.6402
Rwanda,RWA,1998,255,82,9735,4700,1413,956,2472,2452,11953,34018,867.0798711,0.309,41.6813
Rwanda,RWA,1999,263,80,9253,4578,1362,924,2351,2352,13002,34165,842.4310292,0.324,44.6162
Rwanda,RWA,2000,274,79,8789,4427,1304,892,2227,2246,13841,34079,861.2165187,0.34,47.1292
Rwanda,RWA,2001,286,78,8399,4292,1247,860,2112,2148,14436,33858,897.1061265,0.35,49.0206
Rwanda,RWA,2002,304,80,8264,4294,1228,854,2066,2118,14831,34039,993.6105739,0.369,51.0322
Rwanda,RWA,2003,319,81,8112,4323,1208,845,2021,2097,14594,33600,995.8613755,0.385,53.3678
Rwanda,RWA,2004,335,81,8012,4409,1194,844,2009,2089,13617,32590,1054.856047,0.406,55.4912
Rwanda,RWA,2005,353,82,7888,4436,1176,835,1972,2056,11837,30635,1138.241995,0.422,57.316
Rwanda,RWA,2006,375,84,7864,4474,1177,832,1948,2006,9610,28370,1215.385067,0.442,58.7137
Rwanda,RWA,2007,400,88,7945,4564,1196,839,1953,1979,8143,27107,1281.577014,0.456,59.9653
Rwanda,RWA,2008,423,92,8066,4662,1221,846,1959,1960,7305,26534,1383.597203,0.467,61.1342
Rwanda,RWA,2009,446,95,8146,4724,1241,851,1945,1942,6500,25890,1432.018416,0.48,61.9578
Rwanda,RWA,2010,474,100,8383,4901,1284,877,1986,1967,5745,25717,1495.115097,0.489,62.5397
Rwanda,RWA,2011,505,106,8672,5092,1335,909,2030,2012,5181,25842,1574.15205,0.497,63.2615
Rwanda,RWA,2012,536,112,9046,5324,1398,948,2089,2074,4775,26302,1660.330408,0.506,64.0094
Rwanda,RWA,2013,565,117,9299,5499,1448,978,2116,2120,4426,26568,1690.7467,0.508,64.4257
Rwanda,RWA,2014,594,122,9634,5755,1514,1024,2184,2189,4228,27244,1739.974325,0.513,64.9401
Rwanda,RWA,2015,626,129,9997,5998,1585,1070,2244,2267,3983,27899,1853.475173,0.515,65.2977
Rwanda,RWA,2016,661,135,10385,6235,1656,1112,2297,2343,3640,28464,1897.461532,0.524,65.7373
Rwanda,RWA,2017,698,141,10783,6484,1728,1154,2355,2433,3363,29139,1913.034071,0.526,65.9409
Rwanda,RWA,2018,737,150,11322,6837,1825,1213,2444,2524,3165,30217,2014.357454,0.528,66.2505
Rwanda,RWA,2019,772,158,11826,7143,1916,1266,2520,2599,3065,31265,2153.695631,0.534,66.437
Saint Kitts and Nevis,KNA,1990,6,3,208,75,27,17,9,12,1,358,16158.29547,,65.1875
Saint Kitts and Nevis,KNA,1991,6,2,176,66,23,15,8,10,2,308,15573.09808,,66.1495
Saint Kitts and Nevis,KNA,1992,6,2,175,66,23,15,8,10,3,308,15870.94859,,66.9718
Saint Kitts and Nevis,KNA,1993,6,2,170,65,23,15,8,10,3,302,16711.09332,,67.5802
Saint Kitts and Nevis,KNA,1994,6,2,175,66,24,15,8,10,4,310,17415.83068,,67.2936
Saint Kitts and Nevis,KNA,1995,6,3,180,68,25,16,9,10,5,322,18371.41129,,67.1523
Saint Kitts and Nevis,KNA,1996,7,3,175,68,25,16,9,10,6,319,18939.01031,,67.3127
Saint Kitts and Nevis,KNA,1997,7,3,170,67,25,16,9,10,7,314,19892.8389,,67.8525
Saint Kitts and Nevis,KNA,1998,7,3,165,68,25,16,9,9,8,310,19242.33711,,67.6902
Saint Kitts and Nevis,KNA,1999,7,3,160,67,24,17,9,9,10,306,19595.6866,,68.7088
Saint Kitts and Nevis,KNA,2000,7,3,156,67,24,17,9,8,11,302,21382.2469,,69.7815
Saint Kitts and Nevis,KNA,2001,7,3,152,66,23,18,9,8,12,298,22135.55983,,70.1995
Saint Kitts and Nevis,KNA,2002,8,3,149,66,23,18,8,8,13,296,22072.57967,,70.4518
Saint Kitts and Nevis,KNA,2003,8,3,144,66,23,18,8,8,14,292,20648.14097,,70.7676
Saint Kitts and Nevis,KNA,2004,8,3,140,67,23,18,8,8,15,290,21564.12759,,71.303
Saint Kitts and Nevis,KNA,2005,8,3,138,67,24,19,8,8,16,291,23569.26264,0.746,71.3616
Saint Kitts and Nevis,KNA,2006,8,3,138,69,25,19,9,8,17,296,24421.80971,0.75,71.2885
Saint Kitts and Nevis,KNA,2007,8,3,136,71,25,20,9,8,17,297,24469.21157,0.753,71.3668
Saint Kitts and Nevis,KNA,2008,8,3,131,69,24,19,8,8,18,288,25740.42117,0.757,71.3738
Saint Kitts and Nevis,KNA,2009,8,3,130,70,24,20,8,8,19,290,24470.42016,0.758,71.3927
Saint Kitts and Nevis,KNA,2010,8,3,129,71,24,21,8,8,20,292,24254.5162,0.759,71.2705
Saint Kitts and Nevis,KNA,2011,8,3,130,73,24,22,9,8,21,298,24533.43415,0.764,71.5378
Saint Kitts and Nevis,KNA,2012,8,3,130,75,25,23,9,8,23,304,23949.32511,0.766,71.669
Saint Kitts and Nevis,KNA,2013,8,3,132,77,25,24,9,9,24,311,25112.64024,0.77,71.457
Saint Kitts and Nevis,KNA,2014,8,3,135,79,26,25,9,9,25,319,26349.63781,0.772,70.9659
Saint Kitts and Nevis,KNA,2015,8,3,137,81,26,26,9,10,26,326,26383.79782,0.772,70.763
Saint Kitts and Nevis,KNA,2016,8,3,139,84,27,27,10,10,27,335,26913.35809,0.779,71.7405
Saint Kitts and Nevis,KNA,2017,8,3,142,87,28,28,10,10,29,345,25739.42918,0.778,71.8399
Saint Kitts and Nevis,KNA,2018,8,3,146,90,30,29,10,11,30,357,26371.81679,0.779,71.4671
Saint Kitts and Nevis,KNA,2019,8,3,157,99,33,32,11,12,32,387,26727.53894,0.783,71.5717
Saint Lucia,LCA,1990,13,5,316,147,73,27,30,23,8,642,10542.20907,0.69,70.3261
Saint Lucia,LCA,1991,13,5,315,150,77,27,30,23,5,645,10403.95061,0.691,70.6019
Saint Lucia,LCA,1992,13,5,314,154,82,28,32,24,6,658,11138.02825,0.695,70.799
Saint Lucia,LCA,1993,14,5,312,156,84,28,32,24,7,662,10916.08186,0.695,71.1142
Saint Lucia,LCA,1994,14,5,305,156,85,28,33,23,9,658,11018.15952,0.695,70.9915
Saint Lucia,LCA,1995,14,5,300,159,88,28,33,23,8,658,10928.22021,0.694,71.0024
Saint Lucia,LCA,1996,15,5,291,161,88,28,34,23,10,655,11544.87993,0.696,70.9038
Saint Lucia,LCA,1997,16,6,283,161,85,28,34,23,8,644,11316.10732,0.695,70.7747
Saint Lucia,LCA,1998,16,6,277,163,84,28,35,22,8,639,11923.83887,0.697,70.6904
Saint Lucia,LCA,1999,17,6,275,166,84,30,35,22,10,645,12232.4876,0.698,70.7094
Saint Lucia,LCA,2000,18,6,271,170,87,31,36,22,11,652,12081.4834,0.698,70.7678
Saint Lucia,LCA,2001,19,6,279,176,89,33,38,21,11,672,11485.6162,0.697,71.1345
Saint Lucia,LCA,2002,20,7,286,181,91,35,39,21,11,691,11624.43831,0.699,71.472
Saint Lucia,LCA,2003,21,7,291,184,93,36,40,22,11,705,11867.63418,0.701,71.7707
Saint Lucia,LCA,2004,22,7,293,188,94,38,41,22,10,715,12419.83475,0.704,72.0276
Saint Lucia,LCA,2005,23,7,297,189,92,39,40,22,9,718,12261.15077,0.709,72.2445
Saint Lucia,LCA,2006,24,7,297,192,90,41,40,22,9,722,13213.61333,0.718,72.4654
Saint Lucia,LCA,2007,25,7,291,194,87,41,40,22,9,716,13176.60524,0.718,72.5985
Saint Lucia,LCA,2008,27,7,294,199,87,44,40,22,7,727,13611.25403,0.723,72.6977
Saint Lucia,LCA,2009,28,8,297,202,88,45,41,22,8,739,13541.96931,0.725,72.7222
Saint Lucia,LCA,2010,29,8,296,204,87,47,40,22,8,741,13547.06624,0.728,72.7196
Saint Lucia,LCA,2011,31,8,300,211,89,49,40,23,8,759,14251.38425,0.734,72.944
Saint Lucia,LCA,2012,32,8,313,221,89,51,41,24,8,787,13999.38477,0.734,72.8821
Saint Lucia,LCA,2013,34,9,340,234,94,55,44,25,8,843,13695.79921,0.734,72.7353
Saint Lucia,LCA,2014,36,9,354,246,100,59,47,27,9,887,13276.47931,0.735,72.8638
Saint Lucia,LCA,2015,37,10,370,255,105,60,49,28,8,922,12895.19596,0.737,73.1381
Saint Lucia,LCA,2016,39,11,411,278,117,65,54,30,8,1013,13610.78582,0.744,73.1116
Saint Lucia,LCA,2017,40,11,425,287,122,68,56,31,8,1048,14130.1393,0.744,73.1275
Saint Lucia,LCA,2018,40,12,437,297,126,70,58,32,7,1079,14453.44581,0.746,73.3569
Saint Lucia,LCA,2019,41,12,446,304,130,71,59,33,7,1103,14380.56973,0.735,73.4449
Saint Vincent and the Grenadines,VCT,1990,12,3,257,112,63,18,11,12,15,503,6185.527922,,72.3797
Saint Vincent and the Grenadines,VCT,1991,12,3,260,114,65,19,11,12,10,506,6184.505565,,72.9368
Saint Vincent and the Grenadines,VCT,1992,12,3,264,117,69,19,12,12,12,520,6617.215376,,72.6238
Saint Vincent and the Grenadines,VCT,1993,13,3,265,119,72,19,12,12,14,529,6820.810696,,72.4582
Saint Vincent and the Grenadines,VCT,1994,13,3,264,120,74,19,12,12,16,533,6558.563361,,71.9225
Saint Vincent and the Grenadines,VCT,1995,13,3,253,119,74,19,12,12,19,524,7102.313941,,72.0974
Saint Vincent and the Grenadines,VCT,1996,13,3,251,122,75,19,12,12,27,534,7249.186638,,71.2662
Saint Vincent and the Grenadines,VCT,1997,14,4,251,122,73,19,12,12,24,531,7410.344354,,70.9224
Saint Vincent and the Grenadines,VCT,1998,14,4,250,124,76,20,13,12,24,537,7742.503481,,71.097
Saint Vincent and the Grenadines,VCT,1999,15,4,249,127,76,21,13,12,30,547,8009.950058,,71.3002
Saint Vincent and the Grenadines,VCT,2000,15,4,248,130,78,22,13,12,37,559,8153.521341,0.683,71.3772
Saint Vincent and the Grenadines,VCT,2001,15,4,240,128,77,23,13,12,33,545,8376.855392,0.689,71.9378
Saint Vincent and the Grenadines,VCT,2002,16,4,242,130,78,23,13,12,34,552,8886.756276,0.695,72.1682
Saint Vincent and the Grenadines,VCT,2003,16,4,242,131,78,24,13,12,29,549,9420.992574,0.702,72.3523
Saint Vincent and the Grenadines,VCT,2004,17,4,245,131,79,25,13,12,30,556,9737.161293,0.708,73.035
Saint Vincent and the Grenadines,VCT,2005,17,4,248,131,77,26,13,12,26,554,10002.26481,0.713,73.5161
Saint Vincent and the Grenadines,VCT,2006,18,4,250,134,74,26,13,12,26,557,10906.968,0.722,74.0166
Saint Vincent and the Grenadines,VCT,2007,18,4,256,136,73,27,14,12,24,564,11394.27153,0.73,74.7028
Saint Vincent and the Grenadines,VCT,2008,18,5,274,144,74,29,14,13,21,592,11579.83607,0.734,75.0526
Saint Vincent and the Grenadines,VCT,2009,19,5,285,150,79,30,15,13,21,617,11506.67603,0.736,75.0826
Saint Vincent and the Grenadines,VCT,2010,19,5,294,156,83,32,15,13,22,639,11139.20682,0.734,74.7184
Saint Vincent and the Grenadines,VCT,2011,20,5,306,162,88,34,16,14,21,666,11073.09644,0.736,74.5958
Saint Vincent and the Grenadines,VCT,2012,20,6,315,169,92,36,16,14,21,689,11370.47393,0.737,74.1463
Saint Vincent and the Grenadines,VCT,2013,20,6,322,177,94,38,17,15,22,711,11624.45716,0.743,73.7976
Saint Vincent and the Grenadines,VCT,2014,20,6,333,184,97,41,18,16,26,741,11422.1553,0.752,74.473
Saint Vincent and the Grenadines,VCT,2015,20,6,336,191,97,42,19,17,28,756,11637.726,0.759,74.4071
Saint Vincent and the Grenadines,VCT,2016,21,6,339,194,98,44,19,18,22,761,11770.05999,0.765,74.2799
Saint Vincent and the Grenadines,VCT,2017,21,6,346,199,102,44,19,18,21,776,12188.7601,0.774,74.3052
Saint Vincent and the Grenadines,VCT,2018,21,7,350,204,105,45,20,19,21,792,12618.61184,0.775,74.1279
Saint Vincent and the Grenadines,VCT,2019,22,7,355,208,107,46,20,19,20,804,12269.13362,0.769,72.8347
Samoa,WSM,1990,15,7,357,102,60,31,104,25,1,702,,,67.6584
Samoa,WSM,1991,16,7,362,104,63,32,105,25,2,716,,,67.8814
Samoa,WSM,1992,16,7,367,105,65,34,106,25,2,727,,,68.3855
Samoa,WSM,1993,16,7,372,106,68,35,106,25,3,738,,,68.7009
Samoa,WSM,1994,16,7,378,108,70,36,106,25,3,749,,,68.9795
Samoa,WSM,1995,17,7,384,110,73,37,106,25,4,763,3925.098552,0.659,69.2984
Samoa,WSM,1996,17,7,389,111,76,39,106,24,4,773,4363.2117,0.668,69.5877
Samoa,WSM,1997,17,7,393,112,79,40,106,24,4,782,4372.832552,0.67,69.8746
Samoa,WSM,1998,18,7,397,113,82,41,105,25,4,792,4470.614763,0.674,70.1711
Samoa,WSM,1999,18,8,404,115,86,43,105,25,5,809,4582.379443,0.678,70.4564
Samoa,WSM,2000,18,8,411,117,89,44,104,25,5,821,4873.284231,0.683,70.7458
Samoa,WSM,2001,19,8,418,118,93,47,103,25,5,836,5263.515155,0.69,71.0186
Samoa,WSM,2002,19,8,424,120,97,49,102,25,5,849,5001.860828,0.689,71.2761
Samoa,WSM,2003,20,8,433,122,100,50,101,25,5,864,5235.677844,0.694,71.4959
Samoa,WSM,2004,20,8,441,124,103,52,101,25,5,879,5459.005096,0.698,71.6959
Samoa,WSM,2005,21,8,449,126,107,53,101,25,5,895,5653.999826,0.701,71.7545
Samoa,WSM,2006,22,8,458,128,108,54,101,26,6,911,5644.886636,0.703,72.021
Samoa,WSM,2007,22,9,465,130,108,54,101,26,6,921,5983.036429,0.708,72.0997
Samoa,WSM,2008,23,9,472,132,109,54,102,26,6,933,5946.567662,0.709,72.1546
Samoa,WSM,2009,24,9,479,133,110,54,102,27,7,945,5906.688081,0.7,70.0663
Samoa,WSM,2010,24,9,485,134,110,55,103,27,7,954,6053.161282,0.713,72.2488
Samoa,WSM,2011,25,9,492,136,111,55,103,27,7,965,5959.794044,0.713,72.2598
Samoa,WSM,2012,26,9,498,138,112,56,104,27,8,978,5683.651395,0.709,72.1668
Samoa,WSM,2013,26,9,505,139,113,56,105,28,8,989,5675.889504,0.71,72.3915
Samoa,WSM,2014,26,9,511,141,114,57,105,28,9,1000,5757.48605,0.711,72.4628
Samoa,WSM,2015,27,10,517,144,115,58,105,28,10,1014,6222.783552,0.716,72.5146
Samoa,WSM,2016,27,10,522,147,117,59,105,29,11,1027,6401.83098,0.717,72.5397
Samoa,WSM,2017,27,10,528,150,119,59,105,29,11,1038,6287.673021,0.716,72.59
Samoa,WSM,2018,28,10,533,153,121,60,105,30,12,1052,6280.573936,0.716,72.6358
Samoa,WSM,2019,28,10,539,155,124,61,105,30,13,1065,6356.98869,0.715,72.1572
San Marino,SMR,1990,6,1,57,62,2,1,5,5,0,139,52984.91521,,78.6696
San Marino,SMR,1991,7,1,58,63,3,1,5,5,0,143,53083.31198,,78.8539
San Marino,SMR,1992,7,1,59,65,3,1,5,5,0,146,52729.44043,,78.8439
San Marino,SMR,1993,7,1,60,66,3,1,5,5,0,148,56463.80666,,78.9294
San Marino,SMR,1994,8,1,62,68,3,1,6,5,0,154,59525.39316,,79.2137
San Marino,SMR,1995,8,1,63,69,3,1,6,5,1,157,64188.41043,,79.606
San Marino,SMR,1996,8,1,64,70,3,2,6,5,1,160,66476.20068,,79.2439
San Marino,SMR,1997,9,1,65,71,3,2,6,5,1,163,68998.06219,,79.6085
San Marino,SMR,1998,9,1,66,73,3,2,6,5,1,166,72420.49944,,80.0336
San Marino,SMR,1999,10,1,67,75,3,2,6,6,1,171,76042.49354,,80.2569
San Marino,SMR,2000,11,2,69,77,3,2,6,6,1,177,75925.2464,,79.9486
San Marino,SMR,2001,11,2,71,79,3,2,7,6,1,182,78465.99366,,80.4193
San Marino,SMR,2002,12,2,73,81,3,2,7,6,1,187,79392.72059,,80.7656
San Marino,SMR,2003,12,2,76,84,4,2,7,6,1,194,82190.51878,,80.7311
San Marino,SMR,2004,13,2,78,88,4,3,7,6,1,202,84134.23685,,80.7028
San Marino,SMR,2005,13,2,80,91,4,3,8,7,1,209,83924.8326,,81.2182
San Marino,SMR,2006,14,2,81,93,4,3,8,7,1,213,86642.53886,,81.5574
San Marino,SMR,2007,14,2,82,95,4,3,8,7,1,216,89258.18951,,81.853
San Marino,SMR,2008,15,2,83,98,4,3,8,7,1,221,87854.18234,,82.2058
San Marino,SMR,2009,15,2,83,100,4,3,9,7,1,224,73855.71679,,82.4928
San Marino,SMR,2010,15,2,84,102,4,4,9,7,1,228,71403.10317,,82.6838
San Marino,SMR,2011,16,2,86,104,4,4,9,7,1,233,63729.09125,,82.7619
San Marino,SMR,2012,16,2,87,106,4,4,9,7,1,236,53399.67319,,82.575
San Marino,SMR,2013,17,2,88,108,4,4,10,7,1,241,54372.70707,,82.3913
San Marino,SMR,2014,17,2,90,110,4,4,10,8,1,246,53001.20328,,82.8949
San Marino,SMR,2015,18,2,92,112,5,4,10,8,1,252,49223.39698,,82.927
San Marino,SMR,2016,18,2,94,113,5,4,10,8,1,255,49815.34772,,82.9726
San Marino,SMR,2017,19,3,96,115,5,4,10,8,1,261,54725.64938,,82.9161
San Marino,SMR,2018,19,3,97,116,5,4,10,8,1,263,54128.06922,0.86,82.9479
San Marino,SMR,2019,20,3,98,117,5,4,11,8,1,267,55361.79834,0.862,82.9863
Sao Tome and Principe,STP,1990,8,2,159,74,8,27,60,42,0,380,2393.581054,0.485,61.471
Sao Tome and Principe,STP,1991,8,2,164,76,8,28,61,42,0,389,2311.803654,0.484,61.4289
Sao Tome and Principe,STP,1992,8,2,169,78,8,29,62,43,0,399,2279.000265,0.485,61.2837
Sao Tome and Principe,STP,1993,9,3,173,80,8,29,63,43,0,408,2246.959374,0.485,61.138
Sao Tome and Principe,STP,1994,9,3,178,82,9,30,64,43,1,419,2267.033213,0.487,61.069
Sao Tome and Principe,STP,1995,9,3,184,84,9,31,66,44,1,431,2245.456491,0.488,61.0556
Sao Tome and Principe,STP,1996,10,3,192,86,9,32,68,45,1,446,2284.784927,0.491,61.0971
Sao Tome and Principe,STP,1997,10,3,199,89,10,34,70,47,1,463,2257.332133,0.492,61.181
Sao Tome and Principe,STP,1998,10,3,206,92,10,35,72,48,1,477,2247.691185,0.494,61.1868
Sao Tome and Principe,STP,1999,11,3,209,94,10,36,72,49,1,485,2328.749849,0.498,61.3934
Sao Tome and Principe,STP,2000,11,3,210,93,10,36,72,49,1,485,2335.653393,0.501,61.6554
Sao Tome and Principe,STP,2001,11,3,213,94,10,36,72,49,1,489,2476.458487,0.507,62.0316
Sao Tome and Principe,STP,2002,11,3,217,97,11,38,73,50,1,501,2485.386354,0.511,62.6003
Sao Tome and Principe,STP,2003,11,3,216,95,11,37,72,49,1,495,2647.784342,0.519,63.166
Sao Tome and Principe,STP,2004,12,3,223,100,11,39,74,50,1,513,2680.865152,0.525,63.7311
Sao Tome and Principe,STP,2005,12,4,217,96,11,37,71,48,1,497,2820.811031,0.531,63.7089
Sao Tome and Principe,STP,2006,12,4,224,102,11,39,73,50,0,515,3138.235757,0.542,64.3982
Sao Tome and Principe,STP,2007,12,4,228,105,11,40,73,50,0,523,3175.385281,0.545,64.7239
Sao Tome and Principe,STP,2008,12,4,228,105,11,39,72,49,0,520,3237.934892,0.546,65.0786
Sao Tome and Principe,STP,2009,13,4,232,108,12,40,73,48,0,530,3223.165702,0.552,65.1157
Sao Tome and Principe,STP,2010,13,4,237,112,12,42,74,48,0,542,3367.691641,0.554,65.2486
Sao Tome and Principe,STP,2011,13,4,237,112,12,41,73,46,0,538,3438.242283,0.556,64.9017
Sao Tome and Principe,STP,2012,13,4,240,114,12,41,74,45,0,543,3396.457512,0.562,65.7457
Sao Tome and Principe,STP,2013,13,4,246,119,13,43,75,44,0,557,3589.006034,0.573,66.3275
Sao Tome and Principe,STP,2014,14,4,255,127,13,45,77,45,0,580,3782.090586,0.584,66.8452
Sao Tome and Principe,STP,2015,14,4,259,130,14,46,77,45,0,589,3782.264172,0.596,67.2491
Sao Tome and Principe,STP,2016,14,5,263,134,14,47,78,46,0,601,3889.557475,0.603,67.4917
Sao Tome and Principe,STP,2017,14,5,267,138,14,48,78,47,0,611,3941.369046,0.612,68.2666
Sao Tome and Principe,STP,2018,14,5,271,142,15,49,79,48,0,623,3994.124777,0.617,68.3549
Sao Tome and Principe,STP,2019,14,5,273,145,15,50,79,50,0,631,3991.279901,0.622,68.5231
Saudi Arabia,SAU,2007,1226,450,36026,8116,2175,5036,3107,2924,442,59502,44629.10857,0.794,75.0458
Saudi Arabia,SAU,2008,1262,463,37081,8411,2166,5235,3139,2928,466,61151,46324.43719,0.802,75.2744
Saudi Arabia,SAU,2009,1295,471,37703,8663,2176,5381,3184,2922,487,62282,44059.17278,0.807,75.4313
Saudi Arabia,SAU,2010,1329,479,38274,8995,2206,5537,3258,2947,510,63535,44723.27447,0.816,75.7629
Saudi Arabia,SAU,2011,1360,482,38295,9213,2208,5614,3299,2974,537,63982,47852.01671,0.828,76.234
Saudi Arabia,SAU,2012,1393,487,38504,9504,2215,5645,3312,3031,561,64652,48932.66423,0.837,76.4611
Saudi Arabia,SAU,2013,1434,495,39159,9921,2294,5752,3354,3117,583,66109,48894.56108,0.845,76.6257
Saudi Arabia,SAU,2014,1480,505,39738,10392,2393,5921,3405,3210,604,67648,49392.35184,0.852,76.7573
Saudi Arabia,SAU,2015,1506,509,41019,10814,2476,6052,3431,3276,622,69705,50124.98951,0.859,76.9185
Saudi Arabia,SAU,2016,1551,520,41765,11345,2588,6250,3491,3388,639,71537,49681.68654,0.864,77.0643
Saudi Arabia,SAU,1990,828,270,20459,4258,1375,2477,2561,2614,69,34911,43005.69378,0.678,68.9485
Saudi Arabia,SAU,1991,849,285,21321,4527,1469,2592,2618,2707,80,36448,47014.58721,0.688,69.3658
Saudi Arabia,SAU,1992,866,299,22120,4784,1555,2703,2664,2770,92,37853,47054.21818,0.694,69.9254
Saudi Arabia,SAU,1993,881,312,22940,5058,1646,2830,2711,2819,106,39303,45530.86967,0.699,70.3033
Saudi Arabia,SAU,1994,898,325,23788,5366,1751,2970,2764,2878,120,40860,44036.64032,0.704,70.705
Saudi Arabia,SAU,1995,918,338,24622,5678,1862,3102,2822,2946,136,42424,43542.21361,0.709,71.0109
Saudi Arabia,SAU,1996,939,351,25386,5976,1971,3233,2871,2993,152,43872,43112.36844,0.715,71.2731
Saudi Arabia,SAU,1997,957,362,26132,6257,2077,3368,2915,3024,170,45262,42725.99461,0.72,71.4826
Saudi Arabia,SAU,1998,976,371,26922,6523,2172,3489,2962,3050,190,46655,43524.14147,0.727,71.8787
Saudi Arabia,SAU,1999,999,380,27798,6800,2272,3603,3018,3100,213,48183,41207.54643,0.73,72.1359
Saudi Arabia,SAU,2000,1026,390,28588,7023,2369,3840,3051,3121,239,49647,42183.11879,0.737,72.4667
Saudi Arabia,SAU,2001,1049,397,29427,7179,2257,4047,3027,3163,269,50815,40741.54474,0.744,72.9744
Saudi Arabia,SAU,2002,1076,404,30307,7285,2219,4254,3016,3162,301,52024,38447.68497,0.75,73.3366
Saudi Arabia,SAU,2003,1100,412,31361,7407,2200,4440,3044,3132,334,53430,41423.5942,0.76,73.6284
Saudi Arabia,SAU,2004,1124,419,32373,7486,2166,4548,3042,3041,363,54562,43532.22971,0.77,74.1526
Saudi Arabia,SAU,2005,1155,426,33754,7665,2176,4657,3059,2977,392,56261,44734.86349,0.78,74.5883
Saudi Arabia,SAU,2006,1189,437,34953,7854,2181,4826,3071,2919,417,57847,44807.12574,0.787,74.8096
Saudi Arabia,SAU,2017,1597,529,42897,11873,2692,6423,3552,3499,656,73718,48041.17305,0.86,77.1605
Saudi Arabia,SAU,2018,1650,544,44248,12464,2833,6658,3628,3624,673,76322,48123.7529,0.865,77.2115
Saudi Arabia,SAU,2019,1707,562,45837,13104,2989,6930,3723,3763,683,79298,47494.88673,0.873,77.3036
Senegal,SEN,1990,437,124,7957,3354,889,1334,1950,1489,271,17805,2415.240337,0.373,56.9484
Senegal,SEN,1991,450,125,8122,3438,925,1360,1944,1530,395,18289,2405.066686,0.374,57.1389
Senegal,SEN,1992,461,127,8230,3479,955,1373,1915,1552,556,18648,2387.01929,0.375,57.1124
Senegal,SEN,1993,473,130,8371,3523,989,1387,1889,1574,758,19094,2329.878562,0.374,56.9961
Senegal,SEN,1994,486,133,8590,3613,1038,1416,1878,1613,998,19765,2265.225887,0.374,56.9545
Senegal,SEN,1995,496,134,8594,3597,1062,1399,1816,1600,1274,19972,2331.284584,0.375,56.8385
Senegal,SEN,1996,507,136,8661,3597,1091,1386,1759,1591,1576,20304,2347.497221,0.376,56.6719
Senegal,SEN,1997,522,140,8775,3634,1131,1386,1722,1592,1895,20797,2358.335999,0.377,56.591
Senegal,SEN,1998,543,145,9001,3733,1189,1407,1710,1616,2219,21563,2447.437641,0.379,56.4179
Senegal,SEN,1999,561,149,9264,3853,1248,1428,1707,1633,2533,22376,2526.559328,0.382,56.609
Senegal,SEN,2000,590,159,9355,3875,1279,1426,1691,1583,2825,22783,2562.154223,0.388,56.9434
Senegal,SEN,2001,637,177,10833,4714,1529,1696,1985,1912,3066,26549,2615.343919,0.394,57.5639
Senegal,SEN,2002,669,189,11096,4890,1596,1745,2031,1923,3275,27414,2548.542269,0.398,58.231
Senegal,SEN,2003,686,192,10827,4810,1584,1702,1977,1827,3457,27062,2634.149348,0.405,59.1219
Senegal,SEN,2004,723,204,11335,5141,1685,1789,2086,1905,3593,28461,2693.357587,0.412,60.0266
Senegal,SEN,2005,755,213,11608,5316,1742,1813,2135,1924,3673,29179,2740.225894,0.419,60.9152
Senegal,SEN,2006,790,222,11813,5421,1780,1823,2163,1912,3624,29548,2739.15752,0.427,61.7502
Senegal,SEN,2007,814,228,12072,5609,1831,1857,2203,1954,2956,29524,2743.445388,0.439,62.5429
Senegal,SEN,2008,853,238,12455,5826,1896,1908,2262,2006,2252,29696,2776.554724,0.451,63.2421
Senegal,SEN,2009,891,251,13029,6158,1999,1995,2359,2105,2216,31003,2755.268538,0.459,63.9231
Senegal,SEN,2010,910,255,12692,5940,1947,1915,2269,1992,2374,30294,2774.910198,0.468,64.6154
Senegal,SEN,2011,950,267,13175,6226,2035,1987,2350,2033,2500,31523,2718.221423,0.482,65.262
Senegal,SEN,2012,980,273,13336,6337,2067,2002,2368,2019,2646,32028,2746.975976,0.49,65.4567
Senegal,SEN,2013,1016,281,13718,6632,2147,2070,2444,2080,2741,33129,2734.087862,0.496,66.0719
Senegal,SEN,2014,1053,289,14328,7043,2254,2182,2553,2176,2626,34504,2816.842477,0.502,66.4519
Senegal,SEN,2015,1099,301,14811,7290,2331,2252,2616,2205,2438,35343,2903.302557,0.505,66.8794
Senegal,SEN,2016,1142,311,15272,7652,2431,2344,2699,2293,2216,36360,2987.651416,0.507,67.4969
Senegal,SEN,2017,1170,315,15432,7804,2469,2368,2710,2325,1965,36558,3114.304101,0.509,67.7503
Senegal,SEN,2018,1194,320,15509,7915,2502,2377,2703,2318,1730,36568,3224.813134,0.512,68.0966
Senegal,SEN,2019,1246,334,15981,8211,2599,2447,2763,2365,1603,37549,3267.668238,0.513,68.5258
Serbia,SRB,1990,1722,454,52964,18910,2214,1420,3395,1516,29,82624,,,70.3146
Serbia,SRB,1991,1735,447,52972,19147,2246,1420,3361,1528,34,82890,,,70.7056
Serbia,SRB,1992,1725,454,54444,19835,2350,1467,3487,1573,37,85372,,,70.8839
Serbia,SRB,1993,1714,459,56517,20531,2487,1522,3614,1629,40,88513,,,71.0479
Serbia,SRB,1994,1700,465,58366,21230,2614,1578,3733,1684,42,91412,,,71.329
Serbia,SRB,1995,1682,480,60621,21910,2750,1643,3874,1727,44,94731,7713.43885,0.674,71.7694
Serbia,SRB,1996,1654,503,63154,22709,2912,1710,4023,1766,44,98475,8219.968913,0.679,71.5536
Serbia,SRB,1997,1622,531,66067,23609,3094,1784,4182,1802,43,102734,8876.690522,0.685,71.649
Serbia,SRB,1998,1579,505,61391,22212,2839,1658,3900,1678,42,95804,9203.31905,0.687,71.2427
Serbia,SRB,1999,1584,522,61797,22423,2901,1668,3878,1663,43,96479,8367.929742,0.677,69.7577
Serbia,SRB,2000,1609,555,63489,23175,2999,1714,3985,1700,44,99270,8902.328556,0.69,71.4392
Serbia,SRB,2001,1631,570,62764,23316,2978,1707,3859,1658,48,98531,9535.589827,0.7,72.3072
Serbia,SRB,2002,1660,594,62734,23697,2997,1745,3851,1646,54,98978,10109.30992,0.702,72.2585
Serbia,SRB,2003,1713,628,64406,24558,3124,1829,3926,1668,64,101916,10554.57106,0.711,72.4425
Serbia,SRB,2004,1771,663,65942,25385,3237,1917,4010,1684,58,104667,11510.0216,0.723,72.6165
Serbia,SRB,2005,1836,707,68260,26346,3413,2045,4123,1698,49,108477,12143.50189,0.734,72.7092
Serbia,SRB,2006,1885,721,67788,26678,3480,2113,4097,1675,50,108487,12795.25716,0.746,73.3551
Serbia,SRB,2007,1930,732,67075,26959,3581,2179,4096,1651,55,108258,13406.05174,0.754,73.6228
Serbia,SRB,2008,1989,758,67599,27626,3744,2276,4157,1639,60,109848,14278.69302,0.765,73.9388
Serbia,SRB,2009,2055,762,66589,27754,3786,2319,4114,1590,67,109036,14133.10377,0.766,74.0376
Serbia,SRB,2010,2118,751,64416,27567,3735,2322,4009,1532,76,106526,14211.49905,0.767,74.3753
Serbia,SRB,2011,2181,742,62683,27573,3679,2330,3940,1488,92,104708,14350.26508,0.777,74.7717
Serbia,SRB,2012,2245,752,62122,27800,3669,2378,3927,1455,101,104449,14420.03479,0.78,75.1062
Serbia,SRB,2013,2295,776,62390,27905,3640,2448,3966,1425,102,104947,14803.48419,0.785,75.605
Serbia,SRB,2014,2338,794,62922,28229,3661,2506,3986,1418,98,105952,14648.10775,0.788,75.7234
Serbia,SRB,2015,2372,798,62674,28512,3695,2532,3969,1422,91,106065,14858.915,0.794,75.8172
Serbia,SRB,2016,2406,782,60860,27989,3614,2475,3830,1383,81,103420,15294.10288,0.8,76.2609
Serbia,SRB,2017,2460,798,61674,28124,3632,2480,3839,1390,69,104466,15538.46624,0.802,76.213
Serbia,SRB,2018,2521,828,63174,28307,3694,2516,3873,1394,57,106364,16565.63064,0.808,76.5115
Serbia,SRB,2019,2567,840,63769,28444,3710,2517,3865,1401,48,107161,17314.26844,0.811,76.704
Seychelles,SYC,1990,12,4,204,88,10,17,26,18,0,379,14257.99389,,69.0142
Seychelles,SYC,1991,12,4,204,90,10,18,27,18,1,384,14576.98476,,68.9347
Seychelles,SYC,1992,13,4,205,93,10,19,27,19,1,391,15634.95973,,69.0824
Seychelles,SYC,1993,13,4,205,95,11,20,27,20,1,396,16215.97581,,69.0419
Seychelles,SYC,1994,13,4,206,99,11,22,28,22,2,407,15919.05551,,68.976
Seychelles,SYC,1995,13,4,205,101,12,24,28,23,2,412,15022.49782,,68.5282
Seychelles,SYC,1996,13,4,205,104,12,26,28,24,3,419,15688.25336,,68.9309
Seychelles,SYC,1997,13,4,202,106,13,27,28,24,3,420,17513.9897,,68.9981
Seychelles,SYC,1998,13,4,201,108,13,28,28,25,4,424,18324.82066,,69.8642
Seychelles,SYC,1999,13,4,199,109,13,29,27,25,4,423,18209.42936,,69.5445
Seychelles,SYC,2000,14,4,196,109,13,29,27,26,5,423,18225.26954,0.744,69.7218
Seychelles,SYC,2001,14,4,198,111,13,29,27,26,5,427,18228.44008,0.741,69.9853
Seychelles,SYC,2002,14,4,204,117,14,31,28,27,5,444,16537.72143,0.742,70.3955
Seychelles,SYC,2003,14,5,210,122,15,32,29,27,5,459,16334.60332,0.746,70.9818
Seychelles,SYC,2004,15,5,208,125,16,33,29,27,5,463,17267.48742,0.747,71.1618
Seychelles,SYC,2005,15,5,213,129,17,34,30,27,5,475,18489.48593,0.762,71.5618
Seychelles,SYC,2006,15,5,213,132,18,34,30,27,5,479,20039.09556,0.753,71.8336
Seychelles,SYC,2007,15,5,213,134,18,34,29,27,5,480,20142.90475,0.77,72.1124
Seychelles,SYC,2008,16,5,216,137,19,35,29,27,5,489,19303.36403,0.771,72.3969
Seychelles,SYC,2009,16,5,218,139,19,35,29,27,5,493,18457.00091,0.77,72.6881
Seychelles,SYC,2010,16,5,212,139,19,35,28,27,5,486,20108.74922,0.776,72.9703
Seychelles,SYC,2011,16,5,208,139,19,35,27,28,5,482,20821.04164,0.766,73.7537
Seychelles,SYC,2012,16,5,213,145,20,37,28,28,5,497,22260.9096,0.786,73.6428
Seychelles,SYC,2013,17,5,213,149,21,38,28,29,5,505,23169.25013,0.787,73.7807
Seychelles,SYC,2014,17,5,214,152,22,38,28,30,6,512,23452.55824,0.796,73.7495
Seychelles,SYC,2015,17,6,219,158,23,39,28,30,6,526,24084.57792,0.796,73.6979
Seychelles,SYC,2016,17,6,226,164,24,41,29,31,6,544,24513.60635,0.796,73.6425
Seychelles,SYC,2017,18,6,231,170,25,42,29,32,5,558,25224.47069,0.796,73.8027
Seychelles,SYC,2018,18,6,236,175,26,43,30,33,5,572,25788.59798,0.8,73.9529
Seychelles,SYC,2019,18,6,242,181,26,44,31,33,4,585,26084.29819,0.802,74.169
Sierra Leone,SLE,1990,260,75,5542,1873,460,643,1186,1037,130,11206,1763.828519,0.312,44.0568
Sierra Leone,SLE,1991,261,75,5468,1856,464,635,1153,1021,189,11122,1666.299127,0.305,43.5063
Sierra Leone,SLE,1992,264,75,5460,1857,473,635,1132,1020,265,11181,1452.989273,0.305,43.6214
Sierra Leone,SLE,1993,268,76,5431,1854,481,631,1103,1017,363,11224,1546.360188,0.312,43.5936
Sierra Leone,SLE,1994,276,77,5424,1849,491,629,1073,1010,483,11312,1493.072967,0.312,42.9245
Sierra Leone,SLE,1995,287,79,5487,1869,510,633,1058,1020,621,11564,1444.084462,0.314,42.7157
Sierra Leone,SLE,1996,292,80,5536,1884,528,634,1040,1026,786,11806,1113.384922,0.312,43.6799
Sierra Leone,SLE,1997,296,82,5633,1907,553,640,1032,1034,986,12163,926.0785907,0.307,43.7149
Sierra Leone,SLE,1998,299,82,5685,1923,570,639,1020,1042,1208,12468,879.1546318,0.305,42.7892
Sierra Leone,SLE,1999,308,83,5790,1943,589,641,1015,1042,1452,12863,806.2176803,0.301,42.0712
Sierra Leone,SLE,2000,318,85,5947,1994,610,654,1031,1053,1712,13404,819.1500021,0.318,45.0503
Sierra Leone,SLE,2001,319,87,6101,2064,632,670,1054,1070,1980,13977,932.6977502,0.331,45.6607
Sierra Leone,SLE,2002,327,91,6325,2157,663,694,1089,1090,2247,14683,1130.680555,0.347,46.3586
Sierra Leone,SLE,2003,329,94,6489,2254,691,715,1118,1116,2503,15309,1185.348383,0.357,46.9628
Sierra Leone,SLE,2004,339,96,6685,2359,721,740,1153,1145,2741,15979,1205.879906,0.364,47.5771
Sierra Leone,SLE,2005,345,99,6884,2465,752,760,1189,1173,2922,16589,1211.771121,0.372,48.2373
Sierra Leone,SLE,2006,351,101,7033,2536,774,777,1213,1130,3048,16963,1227.106268,0.382,49.323
Sierra Leone,SLE,2007,352,103,7163,2612,796,795,1232,1093,3150,17296,1379.930856,0.397,50.3654
Sierra Leone,SLE,2008,357,105,7209,2641,806,800,1232,1038,3198,17386,1458.474648,0.409,51.5259
Sierra Leone,SLE,2009,364,107,7328,2714,826,818,1246,1019,3163,17585,1486.220976,0.42,52.6256
Sierra Leone,SLE,2010,369,109,7521,2834,856,845,1279,1024,3099,17936,1424.126763,0.427,53.6932
Sierra Leone,SLE,2011,378,112,7662,2919,879,860,1297,1010,3047,18164,1442.71507,0.433,54.6198
Sierra Leone,SLE,2012,388,115,7818,3030,905,883,1320,1021,3089,18569,1702.51524,0.447,55.451
Sierra Leone,SLE,2013,401,118,7907,3133,927,900,1332,1034,3250,19002,1935.470065,0.459,56.3132
Sierra Leone,SLE,2014,408,118,7969,3225,944,916,1337,1056,3299,19272,1949.725129,0.461,56.3933
Sierra Leone,SLE,2015,424,124,8221,3324,976,940,1367,1070,3210,19656,1525.206701,0.453,57.189
Sierra Leone,SLE,2016,432,125,8342,3417,998,958,1383,1097,3108,19860,1430.636491,0.457,58.4045
Sierra Leone,SLE,2017,449,128,8583,3552,1031,986,1419,1140,2968,20256,1594.30889,0.466,58.6517
Sierra Leone,SLE,2018,469,133,8845,3697,1069,1017,1456,1172,2841,20699,1528.635626,0.47,59.7959
Sierra Leone,SLE,2019,485,136,9009,3801,1095,1036,1479,1192,2798,21031,1684.496721,0.48,60.2549
Singapore,SGP,2007,657,127,5361,4669,392,369,588,184,51,12398,73600.93417,0.887,80.9576
Singapore,SGP,2008,698,134,5476,4897,351,402,588,192,44,12782,71106.89587,0.892,81.1698
Singapore,SGP,2009,737,140,5465,5040,293,431,581,194,47,12928,67385.68689,0.892,81.4555
Singapore,SGP,2014,1063,185,5855,5929,155,631,610,225,52,14705,85475.09886,0.928,82.6524
Singapore,SGP,2015,1141,193,5963,6073,148,663,621,230,36,15068,83968.19969,0.93,82.8265
Singapore,SGP,2016,1217,204,6089,6232,147,692,637,235,32,15485,86277.83995,0.934,83.0001
Singapore,SGP,1990,283,66,5081,3393,373,310,958,206,8,10678,38095.46683,0.727,74.9444
Singapore,SGP,1991,294,68,5063,3458,345,297,950,201,10,10686,39286.23565,0.737,75.3289
Singapore,SGP,1992,308,69,5099,3511,321,283,928,197,15,10731,41252.48872,0.748,75.6009
Singapore,SGP,1993,326,72,5169,3591,316,273,904,195,24,10870,43538.8571,0.758,75.8015
Singapore,SGP,1994,344,77,5320,3739,323,273,898,201,27,11202,47886.23501,0.77,75.8847
Singapore,SGP,1995,365,81,5455,3847,322,273,880,203,37,11463,50023.77595,0.779,75.9757
Singapore,SGP,1996,385,85,5536,3992,327,269,853,201,58,11706,51357.29707,0.789,76.5357
Singapore,SGP,1997,407,88,5519,4068,330,263,818,196,52,11741,55395.50344,0.802,77.2281
Singapore,SGP,1998,431,91,5541,4147,342,264,781,194,58,11849,52405.62352,0.81,77.9875
Singapore,SGP,1999,455,93,5469,4135,360,258,724,187,59,11740,53905.48781,0.82,78.4701
Singapore,SGP,2000,478,95,5370,4142,378,257,689,180,60,11649,56701.65976,0.831,79.0691
Singapore,SGP,2001,500,98,5320,4202,409,267,663,177,75,11711,55399.3285,0.833,79.1863
Singapore,SGP,2002,519,103,5313,4257,416,275,646,177,68,11774,56424.75916,0.84,79.3025
Singapore,SGP,2003,540,108,5324,4259,417,286,629,174,52,11789,58230.20618,0.845,79.3985
Singapore,SGP,2004,561,114,5344,4351,435,306,619,174,40,11944,61011.49733,0.851,79.7654
Singapore,SGP,2005,586,114,5178,4329,417,309,602,172,38,11745,64409.6079,0.875,80.3541
Singapore,SGP,2006,621,120,5236,4468,409,336,592,176,37,11995,70154.75235,0.881,80.71
Singapore,SGP,2010,781,148,5523,5220,250,468,587,201,38,13216,77934.22796,0.91,81.691
Singapore,SGP,2011,833,155,5536,5401,224,507,585,208,22,13471,78864.11916,0.915,81.9745
Singapore,SGP,2012,902,165,5674,5651,185,565,596,214,43,13995,79913.62743,0.92,82.2434
Singapore,SGP,2013,980,174,5746,5792,166,602,599,219,49,14327,81673.93973,0.923,82.5157
Singapore,SGP,2017,1293,213,6225,6378,149,717,657,237,37,15906,88088.26615,0.935,83.2236
Singapore,SGP,2018,1383,226,6534,6697,166,734,709,245,36,16730,86502.02095,0.94,83.4576
Singapore,SGP,2019,1477,237,6810,7001,179,758,750,253,36,17501,86601.44993,0.943,83.7584
Slovakia,SVK,1990,1088,269,28927,10543,843,688,1052,1634,1,45045,16449.04038,0.692,70.8202
Slovakia,SVK,1991,1109,265,28461,10578,833,681,1022,1607,1,44557,13948.28593,0.69,70.9224
Slovakia,SVK,1992,1126,259,27839,10612,813,668,997,1579,2,43895,12981.88607,0.694,71.3665
Slovakia,SVK,1993,1151,254,27406,10595,776,651,956,1512,3,43304,13067.01009,0.701,71.8817
Slovakia,SVK,1994,1182,250,26936,10556,734,626,908,1445,3,42640,13844.34136,0.711,72.3307
Slovakia,SVK,1995,1218,257,27597,10868,737,637,917,1443,4,43678,14874.36928,0.72,72.255
Slovakia,SVK,1996,1232,255,26977,10797,709,621,899,1410,4,42904,15459.12883,0.73,72.7398
Slovakia,SVK,1997,1256,267,28018,11254,748,651,934,1476,5,44609,16438.94358,0.738,72.6902
Slovakia,SVK,1998,1266,270,28071,11432,769,664,973,1537,5,44987,16921.63925,0.748,72.5742
Slovakia,SVK,1999,1293,276,28041,11411,789,673,995,1568,6,45052,16699.6645,0.755,72.9641
Slovakia,SVK,2000,1319,279,27640,11246,768,664,1000,1582,6,44504,17209.8615,0.763,73.1407
Slovakia,SVK,2001,1340,289,27951,11183,776,677,1013,1630,6,44865,17773.24735,0.77,73.5726
Slovakia,SVK,2002,1352,295,27783,11017,765,678,1024,1680,5,44599,18527.94529,0.779,73.7669
Slovakia,SVK,2003,1374,306,28090,10883,770,686,1046,1726,6,44887,18631.45917,0.784,73.82
Slovakia,SVK,2004,1408,312,28019,10748,753,679,1045,1729,6,44699,19792.48061,0.794,74.2186
Slovakia,SVK,2005,1448,324,28753,11093,755,685,1083,1798,5,45944,21390.48591,0.803,74.1572
Slovakia,SVK,2006,1469,329,28621,11178,744,681,1081,1821,3,45927,22887.13351,0.812,74.4167
Slovakia,SVK,2007,1494,337,28890,11671,754,695,1104,1873,3,46821,25119.49162,0.823,74.4951
Slovakia,SVK,2008,1504,331,27882,12011,732,680,1090,1856,3,46089,26434.84582,0.831,74.8642
Slovakia,SVK,2009,1538,335,27558,12439,737,687,1093,1827,4,46218,25056.60008,0.833,75.217
Slovakia,SVK,2010,1571,333,26597,12504,724,686,1093,1771,4,45283,26036.87643,0.84,75.495
Slovakia,SVK,2011,1613,339,26414,12847,745,699,1112,1761,5,45535,26028.31272,0.844,76.0166
Slovakia,SVK,2012,1652,341,25730,13036,756,707,1123,1730,6,45081,26525.60546,0.845,76.1746
Slovakia,SVK,2013,1689,340,25272,13176,760,709,1119,1690,6,44761,26771.66693,0.848,76.5121
Slovakia,SVK,2014,1731,340,24965,13272,766,708,1119,1680,5,44586,27334.58386,0.849,76.847
Slovakia,SVK,2015,1790,351,25933,13633,799,733,1154,1724,4,46121,28268.82624,0.851,76.6493
Slovakia,SVK,2016,1830,344,25498,13378,784,722,1123,1672,4,45355,28602.60814,0.854,77.2146
Slovakia,SVK,2017,1877,350,25984,13571,800,734,1136,1683,4,46139,29516.49964,0.856,77.219
Slovakia,SVK,2018,1918,356,26319,13703,815,745,1137,1684,4,46681,30556.82948,0.859,77.264
Slovakia,SVK,2019,1960,363,26796,13901,831,758,1147,1694,4,47454,31112.82476,0.862,77.6851
Slovenia,SVN,1990,479,115,8487,4139,273,152,673,782,4,15104,,,73.5151
Slovenia,SVN,1991,498,115,8386,4161,325,143,685,776,3,15092,,,73.2782
Slovenia,SVN,1992,514,115,8220,4201,384,136,693,761,3,15027,,,73.5449
Slovenia,SVN,1993,532,115,8144,4250,413,132,693,763,5,15047,,,73.4681
Slovenia,SVN,1994,547,117,8055,4335,440,129,696,758,3,15080,,,74.0725
Slovenia,SVN,1995,567,120,7925,4466,473,132,720,752,8,15163,21628.6315,0.76,74.5783
Slovenia,SVN,1996,581,123,7881,4589,495,131,728,749,3,15280,22442.40042,0.771,75.0773
Slovenia,SVN,1997,592,125,7731,4749,537,130,736,756,3,15359,23584.38018,0.782,75.1779
Slovenia,SVN,1998,605,128,7698,4879,524,129,742,771,10,15486,24517.01511,0.794,75.341
Slovenia,SVN,1999,617,130,7529,4966,521,130,744,784,6,15427,25897.50704,0.812,75.7203
Slovenia,SVN,2000,638,131,7260,4988,525,133,714,784,4,15177,26271.72503,0.821,76.1957
Slovenia,SVN,2001,658,138,7307,5188,550,143,719,814,8,15525,27365.30785,0.837,76.5433
Slovenia,SVN,2002,675,139,7058,5172,538,144,687,785,4,15202,28341.71764,0.848,76.7904
Slovenia,SVN,2003,695,143,6987,5301,529,148,677,799,3,15282,29204.56178,0.858,76.6721
Slovenia,SVN,2004,723,148,6981,5384,501,160,635,762,2,15296,30161.92994,0.865,77.4848
Slovenia,SVN,2005,755,149,6840,5311,442,172,594,708,3,14974,30998.99525,0.869,77.7151
Slovenia,SVN,2006,780,151,6780,5485,394,186,577,717,1,15071,32458.57806,0.878,78.4191
Slovenia,SVN,2007,808,157,6812,5634,353,194,565,712,4,15239,34389.28972,0.882,78.5936
Slovenia,SVN,2008,837,160,6682,5688,325,188,554,688,5,15127,35136.15927,0.888,79.1346
Slovenia,SVN,2009,871,166,6748,5747,306,197,548,663,2,15248,33153.64189,0.887,79.2704
Slovenia,SVN,2010,910,171,6799,5867,302,205,548,648,1,15451,32747.03725,0.89,79.7039
Slovenia,SVN,2011,954,177,6855,5861,304,214,549,621,2,15537,32656.29801,0.892,79.9905
Slovenia,SVN,2012,994,183,6961,5997,313,226,555,619,2,15850,31428.41024,0.891,80.1284
Slovenia,SVN,2013,1034,185,6912,5989,311,229,549,586,5,15800,31285.91288,0.9,80.336
Slovenia,SVN,2014,1073,180,6690,5753,295,227,532,528,4,15282,32490.85685,0.902,80.9406
Slovenia,SVN,2015,1130,190,7047,6051,315,242,566,541,3,16085,32738.32843,0.903,80.8218
Slovenia,SVN,2016,1182,190,7129,6000,320,241,579,542,3,16186,34095.07338,0.91,81.1577
Slovenia,SVN,2017,1237,196,7388,6128,333,248,603,552,2,16687,35849.55565,0.913,81.0714
Slovenia,SVN,2018,1288,201,7601,6238,345,255,622,562,2,17114,37411.31252,0.917,81.3581
Slovenia,SVN,2019,1337,206,7797,6336,357,261,639,569,2,17504,38439.64415,0.921,81.6042
Solomon Islands,SLB,1990,8,8,1004,224,114,67,187,71,4,1687,2237.204991,,65.3917
Solomon Islands,SLB,1991,8,9,1042,234,122,70,193,73,5,1756,2283.471505,,65.5793
Solomon Islands,SLB,1992,9,9,1075,242,130,74,198,75,6,1818,2508.407433,,65.7671
Solomon Islands,SLB,1993,9,9,1108,251,138,78,204,76,7,1880,2602.00385,,65.958
Solomon Islands,SLB,1994,9,10,1142,260,147,83,209,78,9,1947,2749.69555,,66.1876
Solomon Islands,SLB,1995,10,10,1174,269,157,88,213,80,10,2011,2911.143751,,66.3807
Solomon Islands,SLB,1996,10,11,1210,279,167,93,219,82,11,2082,2890.534359,,66.5898
Solomon Islands,SLB,1997,11,11,1251,291,177,99,226,85,12,2163,2775.110151,,66.7416
Solomon Islands,SLB,1998,11,12,1293,303,189,105,233,87,13,2246,2739.057353,,66.9204
Solomon Islands,SLB,1999,12,12,1331,315,200,112,239,89,14,2324,2599.184381,0.499,67.0685
Solomon Islands,SLB,2000,12,13,1389,331,212,105,248,91,14,2415,2230.038041,0.486,67.2249
Solomon Islands,SLB,2001,13,13,1453,349,223,96,257,93,15,2512,2018.288756,0.49,67.3635
Solomon Islands,SLB,2002,13,13,1498,363,234,92,264,95,16,2588,1868.543189,0.496,67.5148
Solomon Islands,SLB,2003,13,13,1546,376,248,92,271,97,17,2673,1962.889561,0.501,67.6443
Solomon Islands,SLB,2004,14,14,1588,388,262,93,276,98,17,2750,2071.188991,0.507,67.8009
Solomon Islands,SLB,2005,14,14,1631,401,277,96,282,101,18,2834,2128.405381,0.512,67.9363
Solomon Islands,SLB,2006,15,15,1682,415,283,95,289,103,19,2916,2122.134963,0.52,68.0899
Solomon Islands,SLB,2007,15,15,1715,425,286,94,292,105,19,2966,2103.208263,0.523,67.9856
Solomon Islands,SLB,2008,15,15,1693,421,279,90,287,104,21,2925,2124.015708,0.531,68.4039
Solomon Islands,SLB,2009,16,15,1771,442,291,92,297,109,22,3055,2126.024839,0.538,68.4656
Solomon Islands,SLB,2010,17,16,1801,453,295,92,299,110,23,3106,2314.734737,0.55,68.7318
Solomon Islands,SLB,2011,17,16,1885,478,317,96,310,115,23,3257,2366.379699,0.553,68.908
Solomon Islands,SLB,2012,18,17,1936,495,333,99,315,118,23,3354,2407.934942,0.554,69.0839
Solomon Islands,SLB,2013,19,17,1983,511,350,102,320,121,24,3447,2600.292942,0.559,69.188
Solomon Islands,SLB,2014,19,18,2038,529,370,106,326,124,26,3556,2522.648632,0.558,69.2337
Solomon Islands,SLB,2015,20,18,2076,543,389,110,330,127,29,3642,2472.041073,0.559,69.5834
Solomon Islands,SLB,2016,20,18,2091,548,405,117,330,128,32,3689,2512.015248,0.56,69.8007
Solomon Islands,SLB,2017,21,18,2156,588,408,98,335,130,34,3788,2610.761701,0.564,69.9882
Solomon Islands,SLB,2018,21,19,2238,641,417,84,342,130,37,3929,2663.242801,0.566,70.1733
Solomon Islands,SLB,2019,22,19,2285,650,432,89,347,133,41,4018,2631.841793,0.567,70.3821
Somalia,SOM,2007,281,85,12483,5538,1784,1281,2844,2768,4263,31327,1053.598114,,50.5147
Somalia,SOM,2009,310,93,13486,5977,1936,1406,3070,2916,4148,33342,1048.740358,,51.8533
Somalia,SOM,2010,325,98,13895,6146,1997,1447,3157,2969,4073,34107,1046.88335,,50.563
Somalia,SOM,2011,339,102,14303,6300,2055,1485,3229,3016,3993,34822,1045.251694,,51.3045
Somalia,SOM,2012,356,106,14739,6466,2115,1524,3307,3071,3894,35578,1043.810247,,53.1611
Somalia,SOM,2013,375,111,15174,6657,2181,1569,3393,3145,3797,36402,1080.816124,,53.8433
Somalia,SOM,2014,395,116,15698,6860,2252,1615,3483,3233,3714,37366,1091.0514,,54.2773
Somalia,SOM,2015,417,121,16256,7066,2328,1664,3574,3332,3612,38370,1090.472563,,54.857
Somalia,SOM,2016,439,126,16811,7297,2401,1720,3680,3445,3492,39411,1088.129753,,55.0444
Somalia,SOM,1990,192,55,8361,3412,1041,763,2126,1656,26,17632,1692.608057,,47.1055
Somalia,SOM,1991,192,55,8403,3436,1054,769,2112,1678,81,17780,1711.810079,,26.5647
Somalia,SOM,1992,191,55,8537,3514,1079,791,2131,1728,151,18177,1502.209501,,27.3116
Somalia,SOM,1993,190,54,8634,3584,1099,814,2148,1769,265,18557,1496.895985,,50.6485
Somalia,SOM,1994,189,55,8789,3673,1129,839,2178,1822,439,19113,1165.676387,,50.3266
Somalia,SOM,1995,190,55,8991,3789,1167,868,2220,1889,687,19856,1147.321236,,50.6005
Somalia,SOM,1996,193,57,9198,3921,1211,898,2264,1963,1013,20718,1167.249532,,50.4469
Somalia,SOM,1997,197,58,9426,4071,1260,931,2315,2046,1407,21711,1098.789152,,50.1947
Somalia,SOM,1998,201,60,9651,4227,1312,965,2361,2136,1845,22758,1084.533288,,50.6602
Somalia,SOM,1999,206,62,9805,4357,1355,994,2390,2208,2306,23683,1076.761185,,50.5245
Somalia,SOM,2000,212,63,9979,4469,1397,1019,2409,2272,2761,24581,1069.705689,,50.6604
Somalia,SOM,2001,218,65,10174,4570,1435,1042,2430,2331,3181,25446,1064.616682,,50.7403
Somalia,SOM,2002,227,68,10521,4735,1493,1079,2489,2419,3545,26576,1065.152427,,50.7309
Somalia,SOM,2003,237,71,10897,4907,1555,1116,2555,2507,3839,27684,1066.995839,,50.6139
Somalia,SOM,2004,248,74,11287,5065,1613,1152,2620,2585,4059,28703,1064.814433,,50.5377
Somalia,SOM,2005,258,77,11649,5201,1663,1187,2675,2643,4195,29548,1063.632772,,50.6606
Somalia,SOM,2006,268,80,11944,5299,1706,1218,2724,2677,4257,30173,1057.121975,,50.5974
Somalia,SOM,2008,296,89,13019,5781,1863,1346,2973,2851,4223,32441,1050.8997,,51.1198
Somalia,SOM,2017,461,131,17370,7502,2470,1766,3767,3558,3373,40398,1072.750752,,55.6536
Somalia,SOM,2018,484,137,18001,7767,2553,1828,3890,3685,3249,41594,1071.89966,,56.3754
Somalia,SOM,2019,506,141,18521,7993,2620,1878,3992,3790,3188,42629,1071.896076,,57.0776
South Africa,ZAF,1990,3168,452,42683,27724,8451,4611,12236,4684,2850,106859,10900.72606,0.632,63.3753
South Africa,ZAF,1991,3309,477,44441,28947,8838,4824,12793,4825,5007,113461,10629.93501,0.641,63.2649
South Africa,ZAF,1992,3474,524,48802,31303,9765,5311,13841,5128,8684,126832,10178.63915,0.647,63.3414
South Africa,ZAF,1993,3584,542,48659,31285,9830,5274,13926,5066,14626,132792,10085.3213,0.652,63.0447
South Africa,ZAF,1994,3743,603,53570,33863,10987,5758,15125,5383,23747,152779,10193.1244,0.658,62.6118
South Africa,ZAF,1995,3832,638,55587,35143,11471,5973,15850,5599,37044,171137,10276.53337,0.661,62.2616
South Africa,ZAF,1996,3996,729,62036,38141,13187,6545,17585,5893,55168,203280,10491.13903,0.656,61.4593
South Africa,ZAF,1997,4104,838,72362,43565,16000,7653,19855,6566,78368,249311,10577.38399,0.651,60.8053
South Africa,ZAF,1998,4118,870,75474,44962,16915,8092,20889,6823,106131,284274,10443.91836,0.644,60.0008
South Africa,ZAF,1999,4119,868,74765,44476,16922,8129,20434,6762,136870,313345,10533.51009,0.638,59.2408
South Africa,ZAF,2000,4188,913,78567,46044,18102,8703,21292,7112,169847,354768,10823.0723,0.633,58.4704
South Africa,ZAF,2001,4242,929,77993,45486,18305,8749,21103,7039,202764,386610,10895.36062,0.629,57.2614
South Africa,ZAF,2002,4295,952,79108,45752,18911,9023,21247,7064,234098,420450,11214.99293,0.633,55.6662
South Africa,ZAF,2003,4349,971,80341,46271,19609,9371,21424,7151,262718,452205,11380.46217,0.629,54.3308
South Africa,ZAF,2004,4416,970,79504,46117,19937,9488,21042,7128,286607,475209,11833.22103,0.63,54.043
South Africa,ZAF,2005,4530,992,79845,46256,20744,9660,20893,7095,301614,491629,12299.16465,0.632,53.9797
South Africa,ZAF,2006,4675,1040,82356,47576,22122,10084,21099,7188,305491,501631,12824.9738,0.637,54.2775
South Africa,ZAF,2007,4797,1061,82123,47493,22678,10138,20414,6949,298253,493906,13167.32141,0.644,54.9922
South Africa,ZAF,2008,4938,1090,82692,48317,23557,10364,19997,6845,282664,480464,13430.35398,0.653,56.0222
South Africa,ZAF,2009,5079,1124,83753,49252,24581,10679,19797,6728,260926,461919,13145.82043,0.665,57.4474
South Africa,ZAF,2010,5208,1160,84559,50156,25559,10984,19667,6505,240024,443822,13354.96125,0.675,58.8987
South Africa,ZAF,2011,5342,1178,83678,50303,25947,11065,18968,6124,217917,420522,13514.30361,0.686,60.6507
South Africa,ZAF,2012,5468,1193,82839,50791,26266,11258,18422,5919,193635,395791,13602.25352,0.696,61.8457
South Africa,ZAF,2013,5615,1219,83018,51714,26928,11575,18208,5801,175969,380047,13732.25252,0.704,62.5331
South Africa,ZAF,2014,5794,1276,85532,53650,28381,12151,18540,5831,167813,378968,13700.83456,0.712,63.3796
South Africa,ZAF,2015,5985,1333,87734,55105,29662,12580,18760,5793,166978,383930,13694.72811,0.716,63.9499
South Africa,ZAF,2016,6159,1364,88283,55368,30193,12770,18693,5707,172025,390562,13545.35859,0.719,64.7469
South Africa,ZAF,2017,6297,1368,88159,55803,30034,12788,18745,5799,169326,388319,13475.98821,0.72,65.402
South Africa,ZAF,2018,6415,1307,83569,54568,28011,12366,17965,5754,153281,363236,13491.22179,0.726,65.6743
South Africa,ZAF,2019,6603,1300,82661,54803,27471,12353,17827,5824,143851,352693,13366.47464,0.736,66.175
South Korea,KOR,1990,3364,697,85939,48342,5119,3122,11477,15888,52,174000,12641.31667,0.737,71.9401
South Korea,KOR,1991,3641,736,84659,50430,5693,3058,11716,15778,55,175766,13865.72172,0.747,72.4207
South Korea,KOR,1992,3877,758,81357,51927,6202,2985,11778,15575,60,174519,14567.79055,0.754,72.9564
South Korea,KOR,1993,4121,791,78767,53753,6798,2980,12027,15514,58,174809,15412.08635,0.763,73.283
South Korea,KOR,1994,4349,834,77232,56216,7465,3055,12395,15595,57,177198,16649.35858,0.773,73.6111
South Korea,KOR,1995,4593,864,74093,57609,7919,3133,12506,15490,27,176234,18043.99441,0.783,73.9409
South Korea,KOR,1996,4871,900,71855,59398,8463,3215,12692,15257,37,176688,19287.69497,0.793,74.2757
South Korea,KOR,1997,5128,955,70779,61462,9144,3316,12976,14895,31,178686,20246.02269,0.806,74.9707
South Korea,KOR,1998,5397,1024,70511,63742,10024,3413,13372,14497,40,182020,18907.77671,0.804,75.4636
South Korea,KOR,1999,5648,1101,70348,66042,10916,3537,13718,13929,41,185280,20978.02754,0.815,76.0027
South Korea,KOR,2000,5930,1171,69474,67560,11615,3659,13752,13246,45,186452,22801.04448,0.825,76.4661
South Korea,KOR,2001,6298,1238,68127,68214,12002,3761,13574,12515,52,185781,23724.11341,0.833,77.2697
South Korea,KOR,2002,6740,1336,67951,69377,12480,3914,13480,11949,78,187305,25490.7206,0.84,77.5435
South Korea,KOR,2003,7223,1429,67501,70417,12820,4070,13160,11462,75,188157,26163.70029,0.844,77.5473
South Korea,KOR,2004,7671,1522,66414,71466,12943,4224,12789,10941,81,188051,27465.43359,0.852,78.006
South Korea,KOR,2005,8181,1624,65433,72108,12942,4407,12433,10403,92,187623,28433.86694,0.86,78.5192
South Korea,KOR,2006,8716,1719,64089,73401,12602,4544,12131,9927,99,187228,29901.61423,0.866,79.0754
South Korea,KOR,2007,9338,1839,63078,75412,12398,4766,11964,9626,118,188539,31488.49601,0.871,79.48
South Korea,KOR,2008,9963,1952,61699,77301,12117,4964,11788,9439,117,189340,32281.54194,0.875,80.0441
South Korea,KOR,2009,10586,2087,60867,79319,11948,5165,11645,9340,124,191081,32312.88003,0.877,80.5759
South Korea,KOR,2010,11276,2269,61041,81484,11939,5404,11733,9279,149,194574,34443.54124,0.89,80.763
South Korea,KOR,2011,11972,2466,61418,83001,11944,5645,11867,9188,153,197654,35598.27827,0.896,81.2098
South Korea,KOR,2012,12696,2698,62289,85025,12020,5944,12135,9137,156,202100,36410.47352,0.897,81.3473
South Korea,KOR,2013,13286,2862,62210,86168,11776,6131,12120,9070,146,203769,37248.45937,0.901,81.8637
South Korea,KOR,2014,13947,3017,62372,87532,11559,6346,12260,9047,152,206232,38144.21084,0.906,82.3781
South Korea,KOR,2015,14730,3173,63793,89310,11449,6642,12624,9073,128,210922,38948.32998,0.909,82.5605
South Korea,KOR,2016,15620,3304,65446,91399,11372,6976,13045,9178,140,216480,39959.57395,0.912,82.9259
South Korea,KOR,2017,16679,3463,69427,95571,11839,7306,13919,9579,140,227923,41124.36929,0.916,83.2855
South Korea,KOR,2018,17569,3575,72918,99368,12262,7601,14561,9930,139,237923,42115.21132,0.919,83.3427
South Korea,KOR,2019,18451,3730,77481,104176,12862,7979,15506,10356,138,250679,43163.03806,0.923,83.6557
South Sudan,SSD,2011,404,86,6324,3636,988,836,1258,1556,6313,21401,2077.097,0.433,54.9396
South Sudan,SSD,2012,410,87,6419,3718,1007,852,1271,1586,6271,21621,954.326,0.397,55.8651
South Sudan,SSD,2013,414,87,6499,3782,1021,868,1282,1605,6178,21736,1194.569,0.411,55.7509
South Sudan,SSD,2015,423,90,6666,3853,1050,888,1295,1614,5504,21383,1154.533,0.412,55.5665
South Sudan,SSD,2016,428,91,6711,3859,1061,886,1290,1611,5045,20982,970.485,0.402,55.5437
South Sudan,SSD,1990,278,70,6148,2982,790,651,1396,1209,261,13785,,,29.9353
South Sudan,SSD,1991,283,71,6160,2994,798,659,1393,1213,389,13960,,,30.1479
South Sudan,SSD,1992,287,72,6183,3022,806,672,1398,1224,561,14225,,,22.7245
South Sudan,SSD,1993,291,73,6174,3034,811,683,1395,1228,783,14472,,,22.7041
South Sudan,SSD,1994,296,73,6156,3046,817,692,1387,1234,1058,14759,,,44.3836
South Sudan,SSD,1995,302,74,6192,3111,831,714,1400,1262,1386,15272,,,30.9483
South Sudan,SSD,1996,309,75,6132,3110,836,719,1379,1263,1762,15585,,,31.2966
South Sudan,SSD,1997,314,75,5969,3043,828,706,1332,1236,2176,15679,,,32.2424
South Sudan,SSD,1998,321,76,5910,3059,838,714,1312,1246,2618,16094,,,18.3852
South Sudan,SSD,1999,328,77,5817,3064,842,717,1281,1259,3073,16458,,,43.2228
South Sudan,SSD,2000,335,77,5766,3073,849,722,1254,1277,3529,16882,,,46.0277
South Sudan,SSD,2001,339,77,5648,3016,839,710,1210,1262,3972,17073,,,46.8807
South Sudan,SSD,2002,347,78,5633,3017,843,711,1193,1271,4394,17487,,,47.4915
South Sudan,SSD,2003,354,78,5693,3079,859,724,1192,1312,4787,18078,,,50.2529
South Sudan,SSD,2004,361,79,5776,3151,875,738,1200,1352,5144,18676,,,50.9167
South Sudan,SSD,2005,368,80,5836,3212,888,750,1208,1376,5464,19182,,,51.5455
South Sudan,SSD,2006,375,81,5941,3305,908,771,1226,1421,5750,19778,,,52.0162
South Sudan,SSD,2007,381,82,6013,3378,922,784,1234,1453,5990,20237,,,52.8565
South Sudan,SSD,2008,387,83,6088,3439,936,796,1242,1474,6182,20627,2042.417616,,53.5375
South Sudan,SSD,2009,392,84,6161,3505,953,812,1248,1500,6263,20918,2084.436605,,53.8912
South Sudan,SSD,2010,398,85,6243,3570,971,824,1252,1529,6303,21175,2029.553038,0.43,54.8118
South Sudan,SSD,2014,418,88,6557,3832,1037,881,1291,1618,5983,21705,1191.754,0.41,54.9727
South Sudan,SSD,2017,436,92,6797,3914,1080,892,1293,1634,4839,20977,888.762,0.395,55.3094
South Sudan,SSD,2018,446,95,6961,4034,1113,914,1313,1674,4583,21133,845.39,0.395,55.9495
South Sudan,SSD,2019,456,97,7114,4140,1143,933,1331,1707,4391,21312,827.107,0.393,55.912
Spain,ESP,1990,11872,2685,125150,83062,9643,7675,22694,11525,2119,276425,26586.92295,0.757,77.0017
Spain,ESP,1991,12735,2768,125014,84960,9695,7800,23295,11397,2765,280429,27389.70698,0.764,77.1299
Spain,ESP,1992,13557,2813,122785,85862,9545,7796,23463,11084,3593,280498,27598.65085,0.772,77.5904
Spain,ESP,1993,14438,2902,122779,87222,9591,7860,24062,10863,4336,284053,27210.49062,0.781,77.7302
Spain,ESP,1994,15274,2986,122546,88488,9620,7958,24563,10652,5045,287132,27291.10724,0.789,78.1166
Spain,ESP,1995,16044,3098,123657,90307,9720,8159,25523,10522,5826,292856,28369.9087,0.796,78.2029
Spain,ESP,1996,16777,3220,125280,91743,9810,8394,26512,10437,5616,297789,28953.25213,0.802,78.3417
Spain,ESP,1997,17413,3309,124917,91886,9773,8581,27039,10129,3218,296265,29978.92556,0.808,78.8534
Spain,ESP,1998,18127,3481,127850,93671,10021,8898,28396,10074,2095,302613,31386.59797,0.813,78.9428
Spain,ESP,1999,18782,3639,130496,95571,10140,9219,29517,9992,2025,309381,32774.80357,0.818,78.9478
Spain,ESP,2000,19317,3697,127295,95045,9936,9374,28949,9663,1840,305116,34019.57287,0.825,79.4172
Spain,ESP,2001,20064,3838,126577,95712,10001,9611,28926,9572,1762,306063,35079.38017,0.83,79.7444
Spain,ESP,2002,20801,4053,127784,97068,10206,9967,29823,9578,1749,311029,35942.07889,0.834,79.8238
Spain,ESP,2003,21542,4291,129813,99149,10497,10384,30647,9680,1732,317735,36636.38435,0.837,79.7548
Spain,ESP,2004,22041,4422,127483,100015,10433,10518,30444,9515,1656,316527,37084.7127,0.844,80.3362
Spain,ESP,2005,22619,4596,126779,101587,10482,10829,30879,9453,1534,318758,37716.50403,0.85,80.3283
Spain,ESP,2006,23256,4691,123921,102950,10284,11000,30258,9223,1409,316992,38471.31913,0.856,80.9725
Spain,ESP,2007,24082,4883,123230,105944,10305,11380,30740,9149,1394,321107,39006.60339,0.858,80.9803
Spain,ESP,2008,24929,5044,122024,108593,10236,11676,30863,8970,1292,323627,38414.47578,0.86,81.2902
Spain,ESP,2009,25615,5134,119442,110520,9972,11888,30756,8713,1143,323183,37392.93155,0.861,81.6408
Spain,ESP,2010,26240,5205,117230,112037,9674,12081,30650,8443,1078,322638,37173.6819,0.868,82.0214
Spain,ESP,2011,26919,5377,117880,114873,9601,12461,31269,8313,985,327678,36262.31549,0.872,82.1974
Spain,ESP,2012,27264,5533,118870,117023,9490,12857,32142,8181,883,332243,35416.02265,0.874,82.2112
Spain,ESP,2013,27315,5559,117509,117532,9188,12932,32019,7974,776,330804,35204.72455,0.88,82.7199
Spain,ESP,2014,27539,5673,118923,118929,9188,13216,32866,7921,703,334958,35796.00345,0.884,82.858
Spain,ESP,2015,27989,5874,122974,121607,9401,13757,34511,8063,668,344844,37383.58643,0.889,82.6464
Spain,ESP,2016,28495,5902,123016,122150,9335,13737,34626,7949,724,345934,38616.27705,0.895,83.0411
Spain,ESP,2017,29051,5941,125373,123098,9546,13923,35204,8050,713,350899,39543.65687,0.897,83.0295
Spain,ESP,2018,29347,6048,128774,124266,9864,14308,35894,8129,698,357328,40234.64314,0.901,83.1436
Spain,ESP,2019,29208,6137,131493,125835,10135,14645,36560,8218,679,362910,40725.59088,0.908,83.5321
Sri Lanka,LKA,1990,1423,349,30022,8430,2505,2489,9542,3850,30,58640,3857.335366,0.636,71.9268
Sri Lanka,LKA,1991,1452,337,28775,8251,2528,2410,9166,3835,35,56789,3982.342083,0.641,71.7512
Sri Lanka,LKA,1992,1490,337,29102,8437,2705,2472,9242,3969,41,57795,4134.343499,0.65,72.5298
Sri Lanka,LKA,1993,1533,327,28870,8616,2845,2497,9096,4070,47,57901,4383.200867,0.658,73.052
Sri Lanka,LKA,1994,1608,342,30338,9155,3132,2656,9441,4368,53,61093,4557.97796,0.663,72.8818
Sri Lanka,LKA,1995,1685,362,32153,9672,3429,2832,9880,4680,59,64752,4740.089196,0.666,72.2601
Sri Lanka,LKA,1996,1767,384,33579,10328,3727,3042,10115,5044,65,68051,4881.180656,0.672,72.2615
Sri Lanka,LKA,1997,1848,422,36310,11374,4200,3399,10536,5547,70,73706,5177.27301,0.678,72.1364
Sri Lanka,LKA,1998,1902,429,35968,11563,4340,3495,10310,5607,75,73689,5368.480423,0.683,72.081
Sri Lanka,LKA,1999,1963,447,37077,12034,4712,3722,10509,5831,79,76374,5557.070543,0.691,72.6183
Sri Lanka,LKA,2000,2032,463,37814,12375,5122,3952,10725,6072,82,78637,5850.024609,0.688,70.355
Sri Lanka,LKA,2001,2104,466,36809,12205,5320,3961,10604,5978,83,77530,5723.106272,0.69,70.7866
Sri Lanka,LKA,2002,2194,484,36797,12259,5755,4062,10821,5852,84,78308,5918.854008,0.694,71.1165
Sri Lanka,LKA,2003,2294,517,38107,12573,6495,4264,11519,5832,85,81686,6253.377245,0.699,71.3726
Sri Lanka,LKA,2004,2369,536,38217,12887,7119,4327,11911,5576,84,83026,6534.764141,0.683,67.0914
Sri Lanka,LKA,2005,2435,555,38943,13273,7871,4417,12351,5346,83,85274,6872.356869,0.71,72.1182
Sri Lanka,LKA,2006,2524,587,39826,13582,8621,4437,12714,4947,78,87316,7332.785758,0.714,71.9693
Sri Lanka,LKA,2007,2603,606,39965,13898,9283,4527,12776,4729,73,88460,7795.922241,0.719,72.0488
Sri Lanka,LKA,2008,2681,631,41012,14363,9835,4586,12968,4556,69,90701,8104.579428,0.721,71.7288
Sri Lanka,LKA,2009,2779,644,41249,14688,10280,4582,12916,4215,67,91420,8424.438251,0.713,69.1873
Sri Lanka,LKA,2010,2872,661,41638,15052,10668,4625,12980,4078,67,92641,9041.182312,0.737,73.215
Sri Lanka,LKA,2011,2974,690,42725,15694,11305,4786,13327,4153,71,95725,9746.385707,0.744,73.38
Sri Lanka,LKA,2012,3078,717,43078,16154,11818,4863,13542,4125,72,97447,10541.47321,0.751,73.9058
Sri Lanka,LKA,2013,3202,733,42539,16487,12291,4873,13566,4035,70,97796,10748.55286,0.756,74.2388
Sri Lanka,LKA,2014,3328,761,43726,16939,12528,5009,13635,4092,65,100083,11181.46391,0.76,74.6508
Sri Lanka,LKA,2015,3451,766,43675,17140,12499,5042,13376,4110,59,100118,11600.29333,0.764,74.9275
Sri Lanka,LKA,2016,3623,794,44324,17592,12812,5207,13476,4183,54,102065,11961.24757,0.767,75.3314
Sri Lanka,LKA,2017,3790,817,45150,17984,12963,5325,13559,4282,47,103917,12250.94548,0.771,75.4035
Sri Lanka,LKA,2018,3950,822,45162,18197,12920,5377,13348,4291,41,104108,12509.74227,0.776,75.748
Sri Lanka,LKA,2019,4141,858,46577,18724,13273,5560,13597,4369,38,107137,12699.55204,0.778,76.0084
Sudan,SDN,2007,2273,532,63515,12280,1801,3643,7365,3900,3902,99211,4637.464794,0.47,61.2564
Sudan,SDN,2008,2319,541,63904,12572,1855,3694,7324,3924,3940,100073,4631.672141,0.478,61.2055
Sudan,SDN,2009,2365,551,64399,12874,1918,3755,7275,3937,3953,101027,4484.057654,0.486,62.6439
Sudan,SDN,2010,2410,562,64817,13136,1985,3808,7207,3931,4110,101966,4337.199423,0.486,63.0161
Sudan,SDN,2011,2456,573,65279,13431,2051,3848,7142,3915,4335,103030,4614.505527,0.487,63.2463
Sudan,SDN,2012,2496,585,66096,13786,2127,3918,7125,3915,4535,104583,4343.172226,0.493,63.7922
Sudan,SDN,2013,2537,598,66745,14179,2217,4025,7114,3908,4704,106027,4268.25179,0.497,63.6779
Sudan,SDN,2014,2577,610,67467,14698,2325,4203,7129,3933,4852,107794,4571.167508,0.504,64.2691
Sudan,SDN,2015,2609,623,68545,15128,2434,4368,7101,3922,5005,109735,4531.578287,0.508,64.6587
Sudan,SDN,2016,2656,641,69697,15575,2518,4456,7108,3965,5081,111697,4587.178842,0.511,64.7801
Sudan,SDN,1990,1211,365,51628,8388,1137,2607,6244,3056,196,74832,2739.487825,0.336,49.7321
Sudan,SDN,1991,1273,382,53205,8659,1168,2686,6393,3156,309,77231,2692.842422,0.342,50.2129
Sudan,SDN,1992,1337,398,54688,8914,1197,2752,6522,3246,440,79494,2875.888179,0.331,45.8909
Sudan,SDN,1993,1400,412,55947,9127,1219,2808,6737,3322,603,81575,3007.071449,0.34,46.5752
Sudan,SDN,1994,1465,425,57194,9342,1243,2869,6940,3401,791,83670,3022.040639,0.383,56.6437
Sudan,SDN,1995,1532,436,58242,9527,1264,2925,7104,3466,1008,85504,3145.427422,0.371,51.991
Sudan,SDN,1996,1599,446,59194,9712,1289,2983,7242,3528,1250,87243,3331.041474,0.379,52.2756
Sudan,SDN,1997,1666,455,60011,9880,1310,3023,7349,3592,1511,88797,3619.047132,0.388,52.8331
Sudan,SDN,1998,1731,462,60708,10028,1329,3063,7429,3637,1787,90174,3661.862569,0.376,48.8104
Sudan,SDN,1999,1795,465,61207,10151,1346,3103,7478,3674,2065,91284,3636.9448,0.413,57.0148
Sudan,SDN,2000,1865,474,61584,10355,1387,3158,7484,3712,2340,92359,3723.241744,0.424,58.3185
Sudan,SDN,2001,1932,484,61818,10614,1449,3224,7472,3735,2608,93336,3899.391968,0.431,58.5615
Sudan,SDN,2002,1999,495,62242,10893,1514,3304,7481,3760,2865,94553,4000.128818,0.436,58.9763
Sudan,SDN,2003,2057,502,62345,11099,1571,3370,7439,3752,3108,95243,4144.3843,0.439,58.1999
Sudan,SDN,2004,2113,510,62601,11367,1634,3461,7423,3766,3331,96206,4220.660327,0.441,56.7726
Sudan,SDN,2005,2169,517,63002,11731,1698,3572,7443,3839,3542,97513,4360.895883,0.448,57.2786
Sudan,SDN,2006,2225,525,63289,12015,1750,3609,7422,3875,3736,98446,4480.0832,0.465,60.2806
Sudan,SDN,2017,2704,660,71036,16047,2602,4535,7123,4052,5066,113825,4414.899983,0.514,65.4447
Sudan,SDN,2018,2760,685,72689,16587,2712,4644,7154,4070,5105,116406,4109.613994,0.514,65.681
Sudan,SDN,2019,2815,710,74371,17100,2818,4754,7191,4100,5155,119014,3909.860336,0.514,65.8755
Suriname,SUR,1990,48,9,865,295,96,75,63,73,61,1585,11854.23813,,64.2298
Suriname,SUR,1991,48,9,905,308,103,80,67,77,44,1641,12264.19057,,64.4532
Suriname,SUR,1992,49,9,924,318,109,84,69,80,45,1687,11490.59154,,64.6503
Suriname,SUR,1993,50,10,975,333,118,92,74,85,50,1787,9688.797826,,64.9799
Suriname,SUR,1994,49,9,894,319,111,89,70,82,58,1681,11095.19158,,65.272
Suriname,SUR,1995,48,8,754,290,94,81,61,76,69,1481,10875.4349,,65.3371
Suriname,SUR,1996,50,8,741,290,94,82,61,76,86,1488,11016.17893,,65.6683
Suriname,SUR,1997,52,8,761,300,97,87,64,77,83,1529,11241.08031,,65.697
Suriname,SUR,1998,54,10,828,326,107,98,70,82,90,1665,11539.79191,,65.594
Suriname,SUR,1999,57,11,893,354,119,110,76,88,115,1823,11076.84792,,65.4434
Suriname,SUR,2000,59,12,937,370,125,119,80,88,144,1934,11140.97431,,65.5077
Suriname,SUR,2001,60,13,980,390,131,129,84,89,150,2026,10541.05219,,65.4821
Suriname,SUR,2002,61,13,1024,415,139,139,86,93,175,2145,11785.74762,,65.5313
Suriname,SUR,2003,61,13,1038,429,142,145,87,95,167,2177,12391.6374,,65.5963
Suriname,SUR,2004,62,14,1042,439,146,148,88,95,171,2205,13240.97796,0.674,66.4163
Suriname,SUR,2005,63,14,1027,444,146,150,87,94,158,2183,13808.28568,0.683,67.0025
Suriname,SUR,2006,66,14,1015,452,149,153,86,94,150,2179,14398.46779,0.691,67.5713
Suriname,SUR,2007,68,15,1014,463,154,158,87,96,140,2195,15307.37616,0.701,68.204
Suriname,SUR,2008,70,15,1027,481,163,165,89,98,123,2231,15808.1554,0.709,68.8162
Suriname,SUR,2009,73,16,1036,496,171,172,89,99,120,2272,16025.8166,0.717,69.5048
Suriname,SUR,2010,76,16,1045,510,181,178,91,101,128,2326,16233.1203,0.723,69.8945
Suriname,SUR,2011,79,17,1045,522,185,183,90,101,116,2338,16365.28625,0.728,69.9141
Suriname,SUR,2012,83,18,1058,538,190,190,92,103,116,2388,16988.56216,0.731,69.7644
Suriname,SUR,2013,87,19,1122,573,203,205,98,107,106,2520,17533.28437,0.734,69.6816
Suriname,SUR,2014,92,21,1194,605,217,220,104,111,125,2689,17606.3111,0.736,69.7824
Suriname,SUR,2015,96,22,1264,634,232,233,108,115,112,2816,18218.41659,0.744,70.8003
Suriname,SUR,2016,99,23,1310,657,243,242,111,119,108,2912,17234.12239,0.747,71.5924
Suriname,SUR,2017,102,24,1351,680,251,250,113,122,106,2999,16278.15956,0.75,72.417
Suriname,SUR,2018,106,24,1391,699,260,256,115,125,103,3079,17181.47199,0.755,72.5532
Suriname,SUR,2019,109,25,1423,716,267,262,117,127,100,3146,17226.5384,0.755,72.2423
Sweden,SWE,1990,3733,617,46704,21672,1466,649,2481,842,68,78232,35365.03368,0.81,77.5883
Sweden,SWE,1991,3889,692,46645,21935,1507,691,2570,861,83,78873,34566.50857,0.813,77.7281
Sweden,SWE,1992,4028,761,46245,22088,1530,718,2643,870,90,78973,33487.79389,0.82,78.0709
Sweden,SWE,1993,4155,826,46140,22274,1566,756,2744,870,97,79428,31997.51128,0.84,78.1352
Sweden,SWE,1994,4255,858,44531,22070,1534,766,2753,849,120,77736,33639.80999,0.851,78.7465
Sweden,SWE,1995,4382,913,44523,22399,1575,802,2864,856,138,78452,35285.56352,0.86,78.8214
Sweden,SWE,1996,4463,959,44413,22640,1600,835,2962,843,116,78831,35613.37029,0.868,79.0435
Sweden,SWE,1997,4479,988,44019,22840,1614,882,3047,828,54,78751,36577.97102,0.879,79.2711
Sweden,SWE,1998,4467,1015,43819,23046,1658,908,3155,842,37,78947,38238.58961,0.894,79.4155
Sweden,SWE,1999,4466,1038,43601,23220,1737,945,3259,857,33,79156,40152.31944,0.899,79.5079
Sweden,SWE,2000,4524,1047,42965,23245,1787,981,3322,870,33,78774,41831.0426,0.904,79.7382
Sweden,SWE,2001,4621,1056,42528,23314,1850,1018,3409,897,42,78735,42103.19707,0.907,79.8359
Sweden,SWE,2002,4722,1076,42250,23317,1896,1065,3520,928,35,78809,42543.37441,0.91,79.9347
Sweden,SWE,2003,4793,1077,41147,23345,1916,1094,3557,949,33,77911,43792.03551,0.915,80.195
Sweden,SWE,2004,4868,1079,40318,23457,1955,1133,3589,970,28,77397,44791.05157,0.9,80.5462
Sweden,SWE,2005,4968,1089,39538,23460,1963,1168,3631,976,31,76824,45959.84488,0.902,80.621
Sweden,SWE,2006,5071,1107,39392,23628,1995,1221,3684,993,26,77117,48497.11531,0.906,80.8317
Sweden,SWE,2007,5149,1122,38997,23675,2009,1286,3731,998,34,77001,50283.061,0.908,80.9697
Sweden,SWE,2008,5214,1130,38204,23693,2005,1338,3769,1004,22,76379,49840.872,0.905,81.1371
Sweden,SWE,2009,5263,1141,37656,23848,1995,1408,3832,1012,31,76186,46941.0893,0.904,81.3631
Sweden,SWE,2010,5359,1153,37244,24014,1986,1497,3913,1014,23,76203,49372.47949,0.91,81.5187
Sweden,SWE,2011,5450,1168,37068,24245,1976,1596,4014,1024,32,76573,50027.63039,0.911,81.7581
Sweden,SWE,2012,5497,1178,36639,24413,1950,1693,4105,1037,24,76536,49432.59605,0.911,81.7296
Sweden,SWE,2013,5533,1176,35939,24567,1923,1773,4148,1045,20,76124,49541.43776,0.932,81.9348
Sweden,SWE,2014,5555,1173,35228,24780,1902,1832,4186,1052,17,75725,50311.7708,0.935,82.2233
Sweden,SWE,2015,5639,1185,35144,25078,1938,1928,4297,1061,25,76295,51490.20301,0.937,82.1834
Sweden,SWE,2016,5707,1204,35404,25416,1986,2000,4400,1072,24,77213,51813.28127,0.939,82.3391
Sweden,SWE,2017,5735,1221,35524,25884,2037,2052,4483,1072,22,78030,52849.39299,0.941,82.4382
Sweden,SWE,2018,5718,1241,36034,26211,2057,2015,4482,1073,21,78852,53050.91638,0.942,82.5326
Sweden,SWE,2019,5637,1258,36087,26480,2069,1999,4478,1069,20,79097,54222.71686,0.947,83.0524
Switzerland,CHE,1990,2290,552,25914,15439,1570,610,2537,884,3,49799,59117.40335,0.851,77.3849
Switzerland,CHE,1991,2392,557,25916,15434,1594,629,2568,899,3,49992,58052.23823,0.853,77.648
Switzerland,CHE,1992,2495,556,25638,15276,1599,631,2567,901,3,49666,57232.92927,0.856,77.9437
Switzerland,CHE,1993,2609,561,25520,15149,1618,649,2577,906,4,49593,56785.73518,0.861,78.2332
Switzerland,CHE,1994,2744,570,25639,15006,1656,675,2606,937,4,49837,56462.67389,0.863,78.4942
Switzerland,CHE,1995,2881,600,26490,15817,1757,714,2679,989,511,52438,56748.24492,0.865,78.5648
Switzerland,CHE,1996,2970,607,26193,15904,1784,730,2659,991,416,52254,56773.48529,0.87,79.0489
Switzerland,CHE,1997,3053,615,25986,16075,1752,751,2659,1015,277,52183,58380.08119,0.875,79.2324
Switzerland,CHE,1998,3128,624,25635,16234,1739,780,2657,1026,207,52030,60456.57376,0.88,79.4749
Switzerland,CHE,1999,3207,635,25352,16283,1721,811,2644,1035,165,51853,61773.29227,0.884,79.7231
Switzerland,CHE,2000,3293,649,25115,16319,1710,897,2606,1054,149,51792,63978.24712,0.887,79.8335
Switzerland,CHE,2001,3346,656,24508,16404,1671,934,2533,1049,134,51235,62986.74797,0.89,80.2507
Switzerland,CHE,2002,3414,677,24445,16560,1666,995,2544,1057,113,51471,62426.86749,0.89,80.4431
Switzerland,CHE,2003,3488,696,24359,16753,1672,1066,2572,1054,104,51764,64688.8021,0.895,80.532
Switzerland,CHE,2004,3542,699,23654,16756,1584,1121,2533,1033,89,51011,65556.80687,0.901,81.0534
Switzerland,CHE,2005,3621,715,23429,16844,1522,1196,2554,1026,72,50979,67985.55126,0.905,81.2338
Switzerland,CHE,2006,3705,731,23157,16983,1480,1281,2546,1027,80,50990,69488.94513,0.914,81.5464
Switzerland,CHE,2007,3787,749,22944,17213,1448,1386,2569,1031,64,51191,66954.0509,0.92,81.6988
Switzerland,CHE,2008,3874,768,22723,17411,1416,1487,2603,1026,53,51361,63027.03651,0.926,81.9664
Switzerland,CHE,2009,3972,792,22633,17728,1370,1599,2672,1042,49,51857,66727.65547,0.936,81.985
Switzerland,CHE,2010,4087,811,22337,17960,1315,1703,2696,1044,48,52001,71188.41857,0.942,82.2831
Switzerland,CHE,2011,4216,827,22044,18152,1277,1787,2718,1039,43,52103,68805.06719,0.943,82.5707
Switzerland,CHE,2012,4352,853,22333,18515,1270,1922,2782,1054,50,53131,69805.01371,0.945,82.6158
Switzerland,CHE,2013,4472,872,22417,18808,1263,2021,2841,1055,38,53787,69539.14942,0.948,82.6903
Switzerland,CHE,2014,4576,885,22370,19069,1246,2099,2863,1043,40,54191,69019.26094,0.952,83.0849
Switzerland,CHE,2015,4710,907,22743,19331,1265,2204,2930,1038,32,55160,70410.26815,0.954,82.8468
Switzerland,CHE,2016,4810,915,22656,19520,1268,2222,2934,1033,38,55396,68993.42475,0.956,83.4452
Switzerland,CHE,2017,4909,927,22937,19693,1307,2180,2967,1044,38,56002,68167.80327,0.957,83.4125
Switzerland,CHE,2018,5024,946,23456,19931,1350,2196,3017,1052,37,57009,67771.6548,0.959,83.5615
Switzerland,CHE,2019,5138,967,23969,20248,1394,2218,3074,1065,37,58110,68432.68312,0.962,83.7802
Tajikistan,TJK,1990,592,113,11487,3630,375,103,1682,927,8,18917,5229.309607,0.628,61.879
Tajikistan,TJK,1991,619,118,12173,3669,417,111,1732,951,12,19802,4802.050701,0.622,61.3789
Tajikistan,TJK,1992,646,128,13248,3727,461,123,1829,1009,17,21188,3326.931579,0.57,55.0738
Tajikistan,TJK,1993,670,144,14412,3658,482,135,1921,1055,22,22499,2700.926343,0.542,52.8669
Tajikistan,TJK,1994,670,156,15881,3750,534,152,2034,1152,28,24357,2057.050254,0.547,57.4796
Tajikistan,TJK,1995,646,136,14813,3545,529,147,1849,1170,34,22869,1752.612656,0.547,59.3379
Tajikistan,TJK,1996,633,129,14296,3393,516,147,1748,1190,41,22093,1386.771436,0.531,59.1285
Tajikistan,TJK,1997,640,139,14746,3315,500,149,1753,1210,49,22501,1460.672522,0.54,60.3482
Tajikistan,TJK,1998,634,153,15798,3296,502,153,1780,1251,57,23624,1516.179235,0.547,61.5186
Tajikistan,TJK,1999,603,155,16105,3284,511,155,1713,1278,67,23871,1545.093291,0.553,62.6206
Tajikistan,TJK,2000,564,156,16206,3302,523,159,1650,1317,77,23954,1604.246502,0.56,63.2596
Tajikistan,TJK,2001,535,159,16561,3364,543,164,1616,1341,87,24370,1707.388889,0.569,64.0569
Tajikistan,TJK,2002,504,162,16757,3428,566,167,1567,1355,97,24603,1802.689668,0.579,64.8464
Tajikistan,TJK,2003,482,167,17052,3490,589,169,1546,1369,105,24969,2036.008091,0.594,65.5521
Tajikistan,TJK,2004,466,176,17408,3612,628,174,1529,1419,113,25525,2340.051909,0.606,66.0284
Tajikistan,TJK,2005,453,184,18027,3770,685,184,1545,1478,120,26446,2423.795588,0.612,66.5143
Tajikistan,TJK,2006,452,190,18430,3858,721,192,1577,1496,126,27042,2677.912005,0.622,67.0127
Tajikistan,TJK,2007,451,196,18863,3974,772,201,1593,1530,127,27707,2756.08993,0.625,67.2169
Tajikistan,TJK,2008,456,204,19217,4069,820,213,1605,1572,125,28281,3175.501132,0.639,67.6884
Tajikistan,TJK,2009,464,208,19459,4131,869,227,1610,1609,121,28698,2779.985128,0.633,68.0386
Tajikistan,TJK,2010,471,222,20311,4269,948,247,1651,1675,120,29914,2961.621117,0.636,67.742
Tajikistan,TJK,2011,481,230,20866,4401,1034,267,1661,1736,115,30791,2837.980273,0.635,68.1485
Tajikistan,TJK,2012,478,233,20958,4477,1118,289,1651,1786,107,31097,3092.748608,0.643,68.4841
Tajikistan,TJK,2013,476,231,20832,4512,1194,311,1625,1820,103,31104,3613.099203,0.656,68.8848
Tajikistan,TJK,2014,475,236,21285,4642,1315,342,1638,1885,101,31919,3532.37459,0.656,69.0693
Tajikistan,TJK,2015,469,241,21852,4796,1452,377,1654,1956,90,32887,3479.011645,0.657,69.3059
Tajikistan,TJK,2016,467,247,22500,4997,1631,425,1683,2052,73,34075,3542.610803,0.66,69.5493
Tajikistan,TJK,2017,454,242,22601,5154,1649,416,1701,2099,63,34379,3728.067416,0.665,69.9047
Tajikistan,TJK,2018,447,225,21923,5227,1639,407,1665,2135,60,33728,3953.31425,0.671,70.3532
Tajikistan,TJK,2019,446,217,21856,5368,1655,405,1669,2188,60,33864,4155.953121,0.676,70.8674
Tanzania,TZA,1990,1180,288,26564,14316,3606,2751,4190,5356,35260,93511,1343.355022,0.371,51.4849
Tanzania,TZA,1991,1233,296,27286,14587,3684,2813,4251,5434,46430,106014,1332.109001,0.371,51.3058
Tanzania,TZA,1992,1291,305,28127,14895,3778,2882,4320,5520,58231,119349,1292.79506,0.369,50.9888
Tanzania,TZA,1993,1353,315,29030,15251,3884,2960,4398,5627,70048,132866,1268.44768,0.369,50.8698
Tanzania,TZA,1994,1412,325,29910,15548,3987,3031,4471,5715,81330,145729,1252.185506,0.369,50.797
Tanzania,TZA,1995,1469,333,30749,15785,4077,3090,4524,5783,91649,157459,1267.981138,0.37,50.7858
Tanzania,TZA,1996,1534,344,31164,16128,4213,3178,4577,5868,100572,167578,1305.859912,0.372,50.7443
Tanzania,TZA,1997,1599,357,31839,16568,4379,3272,4646,5980,108123,176763,1313.230569,0.373,50.6243
Tanzania,TZA,1998,1669,372,32811,17123,4590,3391,4727,6067,114228,184978,1338.682716,0.38,50.914
Tanzania,TZA,1999,1732,383,32990,17460,4675,3465,4827,6544,118955,191031,1371.267934,0.39,51.7476
Tanzania,TZA,2000,1802,394,33015,17608,4715,3510,4887,6913,122393,195237,1396.408325,0.398,52.3623
Tanzania,TZA,2001,1851,398,33281,17705,4841,3528,4935,7219,124346,198104,1423.040536,0.406,53.161
Tanzania,TZA,2002,1937,411,33954,18179,4958,3613,5014,7326,125259,200651,1508.033819,0.416,53.8634
Tanzania,TZA,2003,2023,426,34877,18929,5135,3738,5150,7565,125363,203206,1555.386661,0.426,54.8949
Tanzania,TZA,2004,2106,441,35743,19563,5301,3855,5270,7771,124863,204913,1624.165451,0.436,55.5963
Tanzania,TZA,2005,2189,459,36560,20126,5466,3975,5374,7945,123268,205362,1687.238249,0.446,56.2991
Tanzania,TZA,2006,2271,478,38034,20796,5642,4116,5508,8046,117194,202085,1779.566349,0.456,56.9111
Tanzania,TZA,2007,2351,497,39458,21499,5823,4255,5624,8136,104354,191997,1825.824479,0.465,57.52
Tanzania,TZA,2008,2433,520,40850,22081,5994,4387,5709,8166,93044,183184,1879.383305,0.473,58.0861
Tanzania,TZA,2009,2509,540,42226,22809,6165,4549,5829,8161,87009,179797,1924.128556,0.482,58.8937
Tanzania,TZA,2010,2609,560,43070,23445,6330,4690,5914,8107,80830,175555,1971.979768,0.493,60.1048
Tanzania,TZA,2011,2713,580,44227,24223,6532,4859,6027,7968,75933,173062,2060.728598,0.499,61.0492
Tanzania,TZA,2012,2822,603,45729,25212,6782,5043,6207,7929,66230,166557,2099.059624,0.504,62.0303
Tanzania,TZA,2013,2934,624,47104,26098,7023,5243,6353,7904,53911,157194,2172.728288,0.51,62.9603
Tanzania,TZA,2014,3023,637,47929,26515,7169,5357,6384,7825,45772,150611,2248.082321,0.515,63.8733
Tanzania,TZA,2015,3119,653,49040,27361,7369,5545,6538,7856,40967,148448,2310.042875,0.52,64.6507
Tanzania,TZA,2016,3227,672,50380,28244,7595,5710,6646,7987,38209,148670,2387.090895,0.524,65.3862
Tanzania,TZA,2017,3357,698,51769,29331,7866,5884,6771,8264,34451,148391,2472.985897,0.528,65.9987
Tanzania,TZA,2018,3512,728,53211,30436,8165,6068,6897,8407,29700,147124,2555.427577,0.538,66.5346
Tanzania,TZA,2019,3644,754,54489,31417,8430,6232,7001,8547,27125,147639,2693.535151,0.548,66.9885
Thailand,THA,2007,11384,2404,86180,81637,12113,17032,22047,14607,19395,266799,13001.9766,0.724,75.1872
Thailand,THA,2008,11944,2519,86876,83758,12305,17752,21937,15017,17638,269746,13123.79994,0.727,75.4916
Thailand,THA,2009,12485,2605,86890,85440,12370,18294,21705,15293,16590,271672,12986.90502,0.73,75.8416
Thailand,THA,1990,5158,1219,63996,48818,8845,9768,20374,10446,1026,169650,6907.889992,0.576,70.4449
Thailand,THA,1991,5457,1317,67586,51655,9470,10372,21266,10814,2614,180551,7394.923747,0.585,70.7168
Thailand,THA,1992,5749,1398,70177,53990,9962,10874,21859,11048,5000,190057,7971.357491,0.595,70.8853
Thailand,THA,1993,6019,1461,72529,56249,10438,11430,22333,11329,8266,200054,8598.577147,0.604,71.0678
Thailand,THA,1994,6281,1527,75329,58767,10982,12106,22966,11640,12214,211812,9191.86102,0.613,71.2265
Thailand,THA,1995,6573,1587,77663,61430,11487,12716,23396,11941,16624,223417,9824.277761,0.619,70.9475
Thailand,THA,1996,6912,1650,79900,64560,12035,13231,23716,12230,20993,235227,10203.84775,0.628,71.6525
Thailand,THA,1997,7217,1608,75643,62976,11480,12544,22291,11448,25228,230435,9759.635624,0.635,72.5005
Thailand,THA,1998,7639,1717,78596,66270,11812,12890,23276,11633,28859,242692,8823.728699,0.64,72.8623
Thailand,THA,1999,8020,1838,84458,71663,12651,14190,24437,12531,31836,261624,9198.867322,0.646,72.5419
Thailand,THA,2000,8285,1845,84185,72636,12621,14773,23901,12796,34113,265155,9616.209306,0.653,72.3156
Thailand,THA,2001,8522,1768,79669,70081,11567,14416,22171,12618,35471,256283,9772.652724,0.664,72.6127
Thailand,THA,2002,8930,1837,81240,72423,11544,15067,22192,13145,35798,262176,10211.68508,0.676,72.9296
Thailand,THA,2003,9292,1874,81296,74255,11274,15441,22028,13548,34901,263909,10799.9246,0.687,73.1546
Thailand,THA,2004,9838,2046,83785,75922,11601,15579,22314,13604,33089,267778,11369.88638,0.697,73.0797
Thailand,THA,2005,10357,2184,85153,77591,11679,15604,22383,13627,29303,267881,11752.65579,0.706,73.8202
Thailand,THA,2006,10847,2288,85479,79434,11904,16305,22180,14125,23476,266038,12360.60169,0.712,74.9381
Thailand,THA,2010,13132,2752,89053,88792,12761,19223,21913,15863,16261,279750,13795.84373,0.737,76.1313
Thailand,THA,2011,13732,2823,89282,91007,13018,19926,21719,16249,16044,283800,14101.94778,0.743,76.4212
Thailand,THA,2012,14401,2891,89655,92723,13451,20412,21176,16649,16875,288233,14717.81103,0.746,76.7721
Thailand,THA,2013,15192,2995,90755,93810,14081,20993,20618,16968,19269,294681,14759.55225,0.747,77.0827
Thailand,THA,2014,16083,3145,93587,96260,15059,21975,20590,17545,20839,305083,15038.44001,0.778,77.4153
Thailand,THA,2015,17050,3321,96931,99068,16137,23039,20642,18077,21103,315368,15445.28656,0.781,77.7166
Thailand,THA,2016,18144,3543,102483,103557,17385,24491,21412,18827,20543,330385,15993.77762,0.785,78.0489
Thailand,THA,2017,19228,3714,106585,107299,18017,25365,22241,19105,19544,341098,16642.45037,0.79,78.3939
Thailand,THA,2018,20380,3912,111404,111493,18847,26453,23139,19343,18405,353376,17218.95408,0.795,78.6622
Thailand,THA,2019,21553,4082,115830,115544,19570,27446,23925,19603,17215,364768,17773.65504,0.804,78.9751
Togo,TGO,1990,144,38,3302,1346,304,432,741,696,360,7363,1751.791508,0.41,54.3697
Togo,TGO,1991,148,39,3386,1391,319,446,748,714,592,7783,1699.800453,0.414,54.2682
Togo,TGO,1992,152,40,3478,1435,334,459,754,730,933,8315,1602.241461,0.406,54.2992
Togo,TGO,1993,155,41,3585,1480,352,474,762,747,1415,9011,1328.883756,0.398,54.1953
Togo,TGO,1994,160,42,3711,1532,372,489,770,767,2050,9893,1449.711643,0.404,54.0366
Togo,TGO,1995,166,44,3829,1583,393,501,774,789,2846,10925,1551.64435,0.419,54.0366
Togo,TGO,1996,172,45,3957,1637,417,513,777,813,3785,12116,1664.468392,0.429,54.0981
Togo,TGO,1997,177,47,4105,1698,444,527,781,839,4824,13442,1847.826779,0.438,54.1922
Togo,TGO,1998,182,48,4254,1753,470,540,787,865,5916,14815,1751.716825,0.439,54.1994
Togo,TGO,1999,188,49,4355,1792,489,545,784,881,6981,16064,1722.5777,0.443,54.5381
Togo,TGO,2000,194,51,4510,1851,512,561,799,908,7969,17355,1665.865094,0.446,54.742
Togo,TGO,2001,199,53,4643,1914,533,577,818,936,8828,18501,1633.556757,0.449,54.8597
Togo,TGO,2002,206,55,4806,1992,557,598,845,967,9512,19538,1664.154151,0.454,55.3112
Togo,TGO,2003,211,58,4979,2074,584,617,873,1003,9940,20339,1734.049646,0.46,55.6392
Togo,TGO,2004,218,60,5084,2127,600,626,890,1025,10089,20719,1667.270897,0.459,55.5695
Togo,TGO,2005,226,62,5250,2199,622,641,916,1054,9928,20898,1549.847877,0.458,55.9618
Togo,TGO,2006,233,65,5420,2274,643,659,942,1065,9740,21041,1549.220448,0.464,56.2219
Togo,TGO,2007,239,67,5635,2369,671,683,974,1082,9744,21464,1496.630684,0.457,56.5106
Togo,TGO,2008,249,71,5936,2493,708,718,1021,1111,9519,21826,1525.81517,0.464,56.6948
Togo,TGO,2009,258,74,6189,2618,741,750,1061,1141,8830,21662,1565.520809,0.472,57.0106
Togo,TGO,2010,269,77,6388,2728,769,777,1094,1165,7753,21020,1614.935947,0.477,57.3042
Togo,TGO,2011,278,79,6546,2824,793,798,1116,1125,6902,20461,1777.81732,0.487,57.9246
Togo,TGO,2012,289,82,6676,2901,813,814,1131,1103,6525,20334,1749.418448,0.491,58.073
Togo,TGO,2013,301,85,6813,2976,831,828,1144,1098,6256,20332,1815.490768,0.499,58.6841
Togo,TGO,2014,312,88,7011,3103,861,855,1173,1118,6053,20574,1880.964747,0.505,58.8534
Togo,TGO,2015,328,93,7329,3235,896,884,1206,1138,5776,20885,1981.773879,0.514,59.3958
Togo,TGO,2016,341,96,7590,3400,935,918,1243,1180,5112,20815,1991.088196,0.518,59.5501
Togo,TGO,2017,361,100,7897,3572,978,954,1283,1235,4342,20722,2013.813455,0.524,60.1544
Togo,TGO,2018,381,105,8109,3691,1010,977,1304,1251,3740,20568,2066.946841,0.528,60.244
Togo,TGO,2019,400,111,8361,3832,1046,1004,1332,1272,3448,20806,2128.4148,0.535,60.9011
Tonga,TON,1990,9,3,119,84,45,15,36,18,0,329,4535.219426,0.645,67.2943
Tonga,TON,1991,9,3,121,86,46,15,37,18,0,335,4779.933042,0.652,67.5176
Tonga,TON,1992,9,3,121,88,46,16,37,18,0,338,4754.482918,0.656,67.6864
Tonga,TON,1993,10,3,125,90,47,17,38,18,1,349,4906.378716,0.663,67.8548
Tonga,TON,1994,10,3,128,92,48,17,39,18,1,356,5331.259435,0.672,68.0145
Tonga,TON,1995,10,3,128,94,48,18,38,18,1,358,5328.356731,0.676,68.1699
Tonga,TON,1996,10,4,131,96,50,19,39,18,1,368,5342.561139,0.678,68.3229
Tonga,TON,1997,11,4,137,99,53,20,41,18,1,384,5294.495852,0.68,68.4904
Tonga,TON,1998,11,4,147,105,57,22,44,19,1,410,5486.404959,0.685,68.6423
Tonga,TON,1999,12,4,156,110,61,24,46,19,1,433,5539.615663,0.688,68.8086
Tonga,TON,2000,12,4,156,111,62,25,46,19,1,436,5610.106976,0.685,68.978
Tonga,TON,2001,12,4,155,111,63,26,45,19,1,436,5612.256069,0.688,69.127
Tonga,TON,2002,12,4,157,112,66,27,45,19,1,443,5919.305107,0.694,69.3348
Tonga,TON,2003,13,4,158,114,69,29,45,19,1,452,5806.25193,0.701,69.4946
Tonga,TON,2004,13,4,155,113,70,30,43,19,1,448,5693.384819,0.702,69.6704
Tonga,TON,2005,13,4,149,109,69,29,40,18,1,432,5561.841643,0.702,69.7682
Tonga,TON,2006,14,4,152,111,69,29,41,18,1,439,5505.705101,0.703,69.8939
Tonga,TON,2007,14,4,156,113,70,29,41,19,1,447,5311.430437,0.704,70.0478
Tonga,TON,2008,15,4,160,114,71,29,42,19,2,456,5527.20572,0.709,70.164
Tonga,TON,2009,15,5,164,116,71,29,42,19,2,463,5288.567375,0.708,70.0121
Tonga,TON,2010,15,5,167,117,72,29,43,19,2,469,5332.265468,0.713,70.3234
Tonga,TON,2011,16,5,169,119,73,29,43,19,2,475,5699.446117,0.72,70.3809
Tonga,TON,2012,16,5,171,120,74,30,43,19,2,480,5795.075725,0.723,70.442
Tonga,TON,2013,16,5,173,121,75,30,43,19,2,484,5843.639792,0.725,70.505
Tonga,TON,2014,17,5,174,122,77,31,43,19,2,490,5900.359576,0.727,70.5405
Tonga,TON,2015,17,5,175,123,78,31,43,19,2,493,6002.930747,0.73,70.607
Tonga,TON,2016,17,5,176,124,79,32,42,19,2,496,6343.509777,0.735,70.661
Tonga,TON,2017,18,5,177,125,80,32,42,19,2,500,6723.664971,0.74,70.7133
Tonga,TON,2018,18,5,178,126,81,32,42,19,2,503,6790.395096,0.742,70.7787
Tonga,TON,2019,18,5,178,127,82,32,42,19,2,505,6903.445994,0.744,70.8715
Trinidad and Tobago,TTO,1990,110,32,3161,1139,1013,175,201,150,101,6082,10497.63719,0.66,68.272
Trinidad and Tobago,TTO,1991,117,33,3199,1158,1034,177,199,143,120,6180,10649.47368,0.665,68.8595
Trinidad and Tobago,TTO,1992,124,34,3295,1194,1072,185,202,145,174,6425,10420.72124,0.663,68.3914
Trinidad and Tobago,TTO,1993,131,36,3475,1254,1139,198,209,151,187,6780,10300.6617,0.667,68.8113
Trinidad and Tobago,TTO,1994,138,37,3593,1300,1184,208,213,152,230,7055,10468.88734,0.67,68.5109
Trinidad and Tobago,TTO,1995,145,37,3490,1294,1156,206,203,141,237,6909,10801.6479,0.678,69.17
Trinidad and Tobago,TTO,1996,152,39,3639,1339,1218,216,211,148,308,7270,11548.07879,0.684,69.0086
Trinidad and Tobago,TTO,1997,158,38,3544,1313,1189,215,196,140,317,7110,12703.82988,0.69,68.719
Trinidad and Tobago,TTO,1998,166,41,3700,1356,1270,244,205,150,355,7487,13903.94721,0.7,69.1599
Trinidad and Tobago,TTO,1999,174,43,3726,1367,1306,286,217,151,510,7780,14958.86422,0.703,68.3771
Trinidad and Tobago,TTO,2000,180,42,3519,1339,1270,300,206,142,532,7530,15643.28331,0.712,69.1022
Trinidad and Tobago,TTO,2001,188,44,3528,1367,1300,320,208,151,522,7628,16521.25119,0.721,69.6462
Trinidad and Tobago,TTO,2002,194,45,3445,1370,1289,322,207,151,486,7509,17901.96486,0.732,70.4878
Trinidad and Tobago,TTO,2003,201,48,3529,1437,1373,348,215,157,418,7726,20236.02008,0.737,69.729
Trinidad and Tobago,TTO,2004,208,48,3428,1465,1370,356,211,160,329,7575,22429.82542,0.752,71.0756
Trinidad and Tobago,TTO,2005,215,49,3356,1477,1373,362,208,161,319,7520,23278.47647,0.758,71.3077
Trinidad and Tobago,TTO,2006,222,49,3258,1484,1349,370,203,156,302,7393,26206.36859,0.767,71.256
Trinidad and Tobago,TTO,2007,230,51,3237,1534,1368,389,206,159,260,7434,26458.12469,0.773,71.6523
Trinidad and Tobago,TTO,2008,239,54,3356,1621,1430,430,221,171,254,7776,26585.5194,0.777,71.4697
Trinidad and Tobago,TTO,2009,245,53,3226,1603,1363,437,214,161,244,7546,26620.88515,0.787,73.126
Trinidad and Tobago,TTO,2010,253,54,3205,1629,1341,476,219,158,229,7564,27481.11974,0.79,72.7254
Trinidad and Tobago,TTO,2011,259,54,3128,1635,1320,494,218,154,223,7485,25456.22639,0.794,73.2779
Trinidad and Tobago,TTO,2012,267,54,3066,1622,1304,506,215,152,236,7422,26253.28163,0.8,73.7159
Trinidad and Tobago,TTO,2013,279,57,3235,1684,1393,519,224,157,234,7782,27593.19075,0.806,73.9623
Trinidad and Tobago,TTO,2014,289,60,3369,1745,1473,540,232,163,231,8102,27041.19649,0.809,74.2152
Trinidad and Tobago,TTO,2015,298,62,3493,1798,1547,558,240,168,227,8391,28684.3759,0.816,74.5032
Trinidad and Tobago,TTO,2016,308,66,3679,1867,1644,582,251,175,222,8794,26827.84272,0.815,74.281
Trinidad and Tobago,TTO,2017,317,68,3798,1915,1707,594,258,179,217,9053,26543.37527,0.817,74.2301
Trinidad and Tobago,TTO,2018,325,70,3906,1966,1771,606,264,183,212,9303,25315.95987,0.815,73.8018
Trinidad and Tobago,TTO,2019,335,73,4016,2017,1833,618,271,188,206,9557,25722.49253,0.821,74.2279
Tunisia,TUN,1990,688,144,15655,4064,523,1030,1381,744,9,24238,5655.51495,0.576,70.1103
Tunisia,TUN,1991,746,159,16841,4311,561,1101,1470,765,11,25965,5707.121006,0.581,70.5211
Tunisia,TUN,1992,799,168,17633,4518,588,1144,1521,780,13,27164,5999.871306,0.588,70.7015
Tunisia,TUN,1993,854,178,18435,4720,614,1188,1576,795,16,28376,5931.990746,0.594,71.2347
Tunisia,TUN,1994,910,185,18855,4834,625,1212,1600,801,18,29040,6033.027276,0.604,71.6145
Tunisia,TUN,1995,972,201,20221,5105,673,1293,1694,828,21,31008,6110.871786,0.611,71.9876
Tunisia,TUN,1996,1023,210,20796,5263,696,1333,1729,842,24,31916,6417.676801,0.62,72.3796
Tunisia,TUN,1997,1073,219,21541,5487,726,1378,1770,871,28,33093,6727.51802,0.627,72.8634
Tunisia,TUN,1998,1127,229,22268,5684,754,1422,1812,897,32,34225,6987.206164,0.639,73.1687
Tunisia,TUN,1999,1181,238,22795,5843,776,1461,1841,919,37,35091,7334.055884,0.65,73.5081
Tunisia,TUN,2000,1236,249,23271,6001,808,1505,1874,937,42,35923,7576.227888,0.658,73.6901
Tunisia,TUN,2001,1293,263,23786,6116,853,1548,1914,955,48,36776,7788.470418,0.665,73.8156
Tunisia,TUN,2002,1351,277,24321,6232,897,1591,1953,973,53,37648,7829.054562,0.67,74.0595
Tunisia,TUN,2003,1408,293,24890,6340,938,1637,2000,992,56,38554,8160.127331,0.677,74.3054
Tunisia,TUN,2004,1467,306,25411,6449,986,1689,2035,1008,63,39414,8592.305927,0.687,74.4902
Tunisia,TUN,2005,1526,318,25912,6653,1033,1739,2069,1025,70,40345,8735.378169,0.694,74.7642
Tunisia,TUN,2006,1584,329,26407,6848,1087,1793,2102,1044,77,41271,9152.383855,0.7,74.9215
Tunisia,TUN,2007,1643,341,26934,7045,1141,1847,2134,1064,85,42234,9624.778572,0.706,75.072
Tunisia,TUN,2008,1703,353,27549,7260,1197,1906,2173,1086,93,43320,9902.639208,0.711,75.1846
Tunisia,TUN,2009,1762,365,28131,7477,1250,1968,2212,1109,100,44374,10145.01319,0.715,75.2667
Tunisia,TUN,2010,1826,378,28793,7722,1311,2041,2258,1135,110,45574,10309.12234,0.72,75.4206
Tunisia,TUN,2011,1893,388,29299,7957,1364,2096,2292,1160,122,46571,10050.71988,0.722,75.4595
Tunisia,TUN,2012,1967,401,29934,8193,1415,2153,2336,1186,131,47716,10392.25355,0.724,75.5498
Tunisia,TUN,2013,2038,414,30685,8448,1471,2219,2382,1212,139,49008,10480.33431,0.727,75.6502
Tunisia,TUN,2014,2116,428,31378,8713,1530,2288,2430,1240,145,50268,10750.96464,0.73,75.6497
Tunisia,TUN,2015,2198,441,32116,8989,1591,2363,2477,1266,147,51588,10793.65064,0.733,75.6919
Tunisia,TUN,2016,2282,454,32936,9263,1648,2431,2526,1292,149,52981,10821.75244,0.737,75.7861
Tunisia,TUN,2017,2370,467,33754,9549,1704,2501,2580,1320,152,54397,10906.88715,0.74,75.8448
Tunisia,TUN,2018,2457,477,34424,9841,1766,2570,2618,1345,150,55648,11027.26702,0.743,75.9501
Tunisia,TUN,2019,2547,485,35007,10110,1823,2634,2649,1367,148,56770,10910.37099,0.745,75.9933
Turkey,TUR,1990,6788,1453,114919,54267,13777,11606,18824,4950,7,226591,13000.46723,0.6,67.7092
Turkey,TUR,1991,7104,1459,116591,55193,13842,11597,18742,5033,10,229571,12853.99247,0.604,68.1689
Turkey,TUR,1992,7429,1476,118314,56008,13809,11530,18761,5089,14,232430,13435.52932,0.61,68.4861
Turkey,TUR,1993,7748,1508,120734,56921,13871,11580,18910,5169,18,236459,14262.03538,0.617,68.911
Turkey,TUR,1994,8061,1541,123698,57620,13989,11673,19108,5283,23,240996,13234.29213,0.618,69.2949
Turkey,TUR,1995,8331,1567,125320,58110,13981,11742,19173,5362,28,243614,14057.79503,0.625,69.6094
Turkey,TUR,1996,8573,1575,124587,57872,13974,11739,18940,5391,33,242684,14835.20939,0.633,70.1414
Turkey,TUR,1997,8891,1653,126560,58322,14245,11954,19230,5498,38,246391,15784.71553,0.641,70.5699
Turkey,TUR,1998,9196,1691,126420,58158,14372,11987,19179,5543,45,246591,16104.2375,0.652,71.0388
Turkey,TUR,1999,9465,1628,122438,57022,14201,11664,18372,5497,52,240339,15110.37857,0.655,70.6947
Turkey,TUR,2000,9824,1591,117613,55136,13721,11316,17719,5387,60,232367,15828.2357,0.67,71.8613
Turkey,TUR,2001,10337,1758,122045,56040,13952,11828,18871,5557,68,240456,14416.62894,0.674,72.2305
Turkey,TUR,2002,10840,1960,127958,57449,14317,12305,20082,5725,79,250715,15090.04263,0.684,72.5785
Turkey,TUR,2003,11205,2004,127567,58358,14410,12217,21201,5841,91,252894,15664.58718,0.69,72.8899
Turkey,TUR,2004,11487,2035,125897,59775,14580,12088,21935,5884,105,253786,16974.95537,0.695,73.24
Turkey,TUR,2005,11888,2064,124142,61799,14855,11949,22479,5875,121,255172,18195.9431,0.7,73.5341
Turkey,TUR,2006,12580,2223,128137,64842,15650,12290,23765,5938,101,265526,19214.58882,0.71,73.8448
Turkey,TUR,2007,13224,2412,133256,68123,16534,12667,25156,6007,76,277455,19875.82025,0.717,74.1927
Turkey,TUR,2008,13871,2646,140369,72652,17665,13257,26705,6133,78,293376,19759.90911,0.721,74.4501
Turkey,TUR,2009,14541,2857,148284,79101,18957,13943,28215,6243,89,312230,18541.48282,0.728,74.7653
Turkey,TUR,2010,15007,3017,151565,83964,19583,14439,29141,6325,112,323153,19908.96467,0.749,75.0693
Turkey,TUR,2011,15455,3151,153923,87607,19465,15048,30291,6414,139,331493,21780.12349,0.762,74.9406
Turkey,TUR,2012,15889,3247,156816,89838,18908,15639,30811,6448,162,337758,22475.58784,0.769,75.678
Turkey,TUR,2013,16387,3381,162746,92577,18668,16310,31653,6557,178,348457,23937.16912,0.799,76.2968
Turkey,TUR,2014,16855,3467,166683,95217,18494,16884,32318,6688,189,356795,24762.23574,0.809,76.5648
Turkey,TUR,2015,17371,3488,167148,96409,18263,17206,32185,6762,198,359030,25766.03064,0.817,76.646
Turkey,TUR,2016,18150,3599,170322,98216,18491,17785,32605,6908,204,366280,26159.38035,0.823,76.6605
Turkey,TUR,2017,18937,3721,173393,100727,18954,18367,33021,7085,210,374415,27553.33891,0.833,77.1408
Turkey,TUR,2018,19393,3743,173727,102336,19159,18665,32718,7192,216,377149,28148.5516,0.839,77.5631
Turkey,TUR,2019,19721,3838,176663,104816,19699,19193,32981,7349,226,384486,27984.86307,0.842,77.8318
Turkmenistan,TKM,1990,267,45,9651,2572,222,307,843,846,59,14812,10673.69611,,63.939
Turkmenistan,TKM,1991,275,47,10341,2535,248,323,848,885,68,15570,9900.154534,,64.0346
Turkmenistan,TKM,1992,281,48,10846,2466,270,336,826,897,73,16043,8179.417471,,63.8752
Turkmenistan,TKM,1993,286,53,12512,2641,327,386,872,1018,93,18188,8072.451783,,63.8037
Turkmenistan,TKM,1994,286,54,13083,2665,362,405,871,1088,100,18914,6694.977104,,63.7559
Turkmenistan,TKM,1995,285,54,13075,2570,369,412,826,1113,124,18828,5905.47537,,63.684
Turkmenistan,TKM,1996,285,55,13650,2576,391,443,815,1200,162,19577,6182.508416,,63.5957
Turkmenistan,TKM,1997,285,54,13646,2474,396,457,756,1248,186,19502,5540.031985,,63.6456
Turkmenistan,TKM,1998,288,54,13483,2341,385,466,694,1253,186,19150,5730.032825,,64.1056
Turkmenistan,TKM,1999,295,54,13311,2143,372,477,613,1242,198,18705,6499.897143,,64.5177
Turkmenistan,TKM,2000,302,55,13153,2107,361,443,544,1204,207,18376,6496.731096,,65.0258
Turkmenistan,TKM,2001,309,56,13377,2097,358,436,497,1235,185,18550,6989.00842,,65.1555
Turkmenistan,TKM,2002,318,60,14218,2164,384,456,490,1320,140,19550,6773.087816,,65.3846
Turkmenistan,TKM,2003,325,64,14901,2224,407,470,486,1397,142,20416,7028.017923,,65.7459
Turkmenistan,TKM,2004,333,69,15810,2358,444,501,494,1522,149,21680,7285.568256,,66.0747
Turkmenistan,TKM,2005,342,74,16718,2512,480,547,508,1687,163,23031,7701.550607,0.66,66.0683
Turkmenistan,TKM,2006,350,76,16749,2594,493,557,488,1760,141,23208,8525.197608,0.67,66.4989
Turkmenistan,TKM,2007,358,77,16538,2657,506,564,465,1815,140,23120,9671.032392,0.682,66.8948
Turkmenistan,TKM,2008,368,76,15933,2682,518,565,432,1845,133,22552,10668.24071,0.693,67.407
Turkmenistan,TKM,2009,380,73,14489,2617,494,538,377,1731,147,20846,11059.94872,0.701,67.9583
Turkmenistan,TKM,2010,396,73,14141,2654,491,537,350,1733,147,20522,12185.29259,0.711,68.2933
Turkmenistan,TKM,2011,415,78,14609,2787,520,557,349,1856,126,21297,13434.76844,0.72,68.567
Turkmenistan,TKM,2012,434,81,14950,2903,547,573,347,1965,114,21914,14100.61964,0.727,68.7225
Turkmenistan,TKM,2013,454,85,15562,3049,586,602,356,2121,111,22926,14022.45768,0.73,68.7401
Turkmenistan,TKM,2014,474,90,16113,3193,636,618,365,2269,114,23872,14348.73275,0.734,68.6135
Turkmenistan,TKM,2015,498,94,16630,3293,674,620,375,2352,111,24647,14808.95608,0.74,68.7816
Turkmenistan,TKM,2016,518,98,17002,3369,690,652,394,2343,110,25176,14351.65759,0.742,68.7774
Turkmenistan,TKM,2017,538,100,17309,3444,708,668,409,2351,109,25636,13615.49576,0.741,68.9158
Turkmenistan,TKM,2018,562,105,17971,3551,737,692,429,2370,107,26524,14804.54893,0.746,68.7963
Turkmenistan,TKM,2019,582,108,18323,3636,759,712,442,2381,105,27048,13227.7665,0.742,69.0016
Tuvalu,TUV,1990,1,1,33,10,6,2,10,2,0,65,3197.71048,0.559,61.6615
Tuvalu,TUV,1991,1,1,33,10,6,3,10,2,0,66,3271.029222,0.562,61.9086
Tuvalu,TUV,1992,1,1,33,10,6,3,9,2,0,65,3345.256001,0.558,60.4911
Tuvalu,TUV,1993,1,1,34,10,7,3,9,2,0,67,3445.855143,0.57,62.654
Tuvalu,TUV,1994,1,1,34,10,7,3,9,2,0,67,3762.99585,0.577,62.9243
Tuvalu,TUV,1995,1,1,34,11,7,3,9,2,0,68,3540.836324,0.575,63.098
Tuvalu,TUV,1996,1,1,35,11,7,3,9,2,0,69,3335.606028,0.573,63.2102
Tuvalu,TUV,1997,1,1,35,11,8,3,9,2,0,70,3620.024447,0.579,63.3559
Tuvalu,TUV,1998,1,1,36,11,8,3,9,2,0,71,4193.768758,0.589,63.4182
Tuvalu,TUV,1999,1,1,36,11,8,3,9,2,0,71,4111.556067,0.592,63.427
Tuvalu,TUV,2000,1,1,36,11,8,3,9,2,0,71,4069.942398,0.597,63.4988
Tuvalu,TUV,2001,1,1,36,11,8,3,8,2,0,70,4687.10837,0.61,63.5427
Tuvalu,TUV,2002,1,1,36,11,9,4,8,2,0,72,5543.670165,0.62,63.5803
Tuvalu,TUV,2003,1,1,36,11,9,4,8,2,0,72,4021.790569,0.605,63.6311
Tuvalu,TUV,2004,1,1,36,11,9,4,8,2,0,72,4294.324494,0.61,63.6933
Tuvalu,TUV,2005,1,1,37,11,9,4,8,2,0,73,4095.815257,0.61,63.8359
Tuvalu,TUV,2006,1,1,37,11,9,4,8,2,0,73,4068.23182,0.611,63.9278
Tuvalu,TUV,2007,1,1,38,12,9,4,8,2,0,75,4088.936472,0.613,63.9315
Tuvalu,TUV,2008,1,1,38,12,10,4,8,2,0,76,4377.878049,0.618,63.9483
Tuvalu,TUV,2009,1,1,39,12,10,4,8,2,0,77,4059.970187,0.615,63.9485
Tuvalu,TUV,2010,1,1,39,12,10,4,8,2,0,77,3988.288064,0.616,63.9781
Tuvalu,TUV,2011,1,1,40,12,10,4,8,2,0,78,3921.238902,0.616,63.9735
Tuvalu,TUV,2012,1,1,40,12,10,4,8,2,0,78,4361.456216,0.624,63.9636
Tuvalu,TUV,2013,1,1,40,12,10,4,8,2,1,79,4613.221665,0.628,64.0076
Tuvalu,TUV,2014,1,1,41,13,10,4,8,2,1,81,4377.057348,0.627,64.0252
Tuvalu,TUV,2015,2,1,41,13,10,4,7,2,1,81,5298.985449,0.643,64.0598
Tuvalu,TUV,2016,2,1,41,13,11,4,7,2,1,82,5853.327793,0.636,64.1075
Tuvalu,TUV,2017,2,1,42,13,11,4,7,2,1,83,5573.284065,0.634,64.1478
Tuvalu,TUV,2018,2,1,42,13,11,4,7,2,1,83,6462.950541,0.642,64.2117
Tuvalu,TUV,2019,2,1,42,14,11,5,7,2,1,85,5693.627717,0.635,64.2775
Uganda,UGA,1990,681,176,14464,8120,2240,1546,4164,3010,78042,112443,897.0248379,0.329,46.4426
Uganda,UGA,1991,708,183,15200,8580,2368,1638,4334,3163,83383,119557,916.1925994,0.331,46.3156
Uganda,UGA,1992,732,188,15700,8867,2456,1693,4416,3235,87233,124520,905.1111706,0.325,46.3684
Uganda,UGA,1993,757,194,16368,9270,2575,1768,4532,3350,90146,128960,962.7648601,0.332,46.2367
Uganda,UGA,1994,783,200,17023,9710,2696,1843,4626,3470,92000,132351,992.0634456,0.336,46.3526
Uganda,UGA,1995,809,205,17597,10158,2806,1910,4691,3581,93253,135010,1077.964235,0.342,46.5674
Uganda,UGA,1996,835,211,18206,10487,2919,1982,4748,3708,93908,137004,1144.642376,0.354,46.6701
Uganda,UGA,1997,859,217,18691,10809,3008,2035,4749,3803,94410,138581,1174.535886,0.364,46.9767
Uganda,UGA,1998,883,223,19321,11215,3120,2110,4765,3925,94688,140250,1198.845417,0.373,47.1747
Uganda,UGA,1999,907,230,19821,11522,3211,2164,4734,3997,94661,141247,1256.724765,0.385,47.7857
Uganda,UGA,2000,937,238,20384,12005,3311,2230,4726,4088,94584,142503,1239.390367,0.394,48.3415
Uganda,UGA,2001,961,244,20745,12366,3387,2280,4710,4156,93581,142430,1247.742473,0.404,49.0061
Uganda,UGA,2002,993,251,20933,12631,3429,2302,4662,4153,91895,141249,1327.539467,0.417,49.6476
Uganda,UGA,2003,1017,255,21029,12900,3462,2320,4609,4149,91026,140767,1370.540385,0.429,50.3682
Uganda,UGA,2004,1048,261,21298,13367,3518,2372,4639,4181,90543,141227,1409.057071,0.444,51.5469
Uganda,UGA,2005,1081,266,21386,13804,3549,2393,4617,4186,85305,136587,1448.236618,0.454,52.9756
Uganda,UGA,2006,1121,273,21496,14223,3589,2420,4603,4168,78785,130678,1561.532585,0.466,54.3688
Uganda,UGA,2007,1150,277,21543,14526,3620,2442,4581,4134,75831,128104,1649.249463,0.476,55.2365
Uganda,UGA,2008,1188,284,21496,14670,3635,2445,4533,4053,71698,124002,1739.344576,0.484,55.823
Uganda,UGA,2009,1231,292,21640,15063,3703,2492,4544,4052,66946,119963,1802.649977,0.494,56.4881
Uganda,UGA,2010,1279,302,21850,15613,3777,2555,4603,4093,61949,116021,1843.349609,0.502,57.0547
Uganda,UGA,2011,1335,313,22259,16191,3882,2628,4687,4175,55713,111183,1955.942554,0.506,57.9651
Uganda,UGA,2012,1390,325,22920,16919,4012,2726,4804,4300,48218,105614,1955.886259,0.504,58.8166
Uganda,UGA,2013,1451,339,23868,17975,4191,2876,5019,4488,39401,99608,1959.62118,0.509,59.7628
Uganda,UGA,2014,1506,350,24623,18722,4328,2987,5150,4628,32330,94624,1988.490664,0.512,60.4081
Uganda,UGA,2015,1560,360,25137,19079,4423,3049,5170,4700,28885,92363,2028.218794,0.517,61.0856
Uganda,UGA,2016,1623,371,25943,19739,4568,3152,5271,4840,27395,92902,2051.754604,0.519,61.6479
Uganda,UGA,2017,1696,382,26404,20056,4655,3180,5258,4939,24154,90724,2025.816431,0.52,62.115
Uganda,UGA,2018,1780,401,27374,20975,4866,3299,5392,5083,21442,90612,2064.075583,0.522,62.7139
Uganda,UGA,2019,1854,417,28149,21648,5033,3386,5480,5189,20762,91918,2124.933537,0.525,62.9913
Ukraine,UKR,1990,10011,2593,350606,115792,3044,1410,33452,7987,1481,526376,16779.60025,0.729,69.8024
Ukraine,UKR,1991,10330,2717,371482,120788,3374,1449,34769,8822,1593,555324,15250.3303,0.723,69.073
Ukraine,UKR,1992,10563,2816,391782,124692,3682,1478,35844,9642,1831,582330,13428.01374,0.715,68.6289
Ukraine,UKR,1993,10736,2935,415325,126513,3972,1503,36708,10387,2190,610269,11302.57843,0.703,67.8725
Ukraine,UKR,1994,10791,2990,432174,128117,4236,1512,37179,11268,2557,630824,8865.405669,0.689,67.4426
Ukraine,UKR,1995,10777,3056,454146,132842,4488,1545,38011,12826,3232,660923,7831.555788,0.684,66.8275
Ukraine,UKR,1996,10704,2964,446592,127334,4280,1493,36111,12921,3753,646152,7106.451536,0.685,67.1484
Ukraine,UKR,1997,10624,2868,435420,120714,3960,1439,33530,12609,4173,625337,6954.604481,0.689,67.6315
Ukraine,UKR,1998,10625,2749,417323,112466,3596,1382,30292,11976,3909,594318,6837.21638,0.696,68.3991
Ukraine,UKR,1999,10652,2812,432098,113835,3582,1421,29605,12969,4787,611761,6842.411129,0.698,68.1197
Ukraine,UKR,2000,10589,2882,444888,114487,3540,1459,28519,14377,5602,626343,7100.424621,0.7,67.8555
Ukraine,UKR,2001,10516,2875,441327,110398,3354,1470,26021,15224,5504,616689,7902.808794,0.715,68.1814
Ukraine,UKR,2002,10525,2944,451071,109370,3295,1530,24524,16866,5047,625172,8408.250902,0.722,68.1732
Ukraine,UKR,2003,10692,2994,454886,105904,3195,1593,22689,18337,5438,625728,9293.322703,0.732,68.2087
Ukraine,UKR,2004,10945,3074,463553,105005,3192,1715,21397,20764,5752,635397,10487.58975,0.74,68.4016
Ukraine,UKR,2005,11317,3210,475788,102204,3202,1942,20168,22700,8863,649394,10857.5854,0.743,68.1506
Ukraine,UKR,2006,11668,3198,461605,96578,3028,2011,18071,22612,9063,627834,11674.10072,0.751,68.7406
Ukraine,UKR,2007,12069,3322,471829,98316,3070,2184,17297,24698,9409,642194,12768.99435,0.757,68.7657
Ukraine,UKR,2008,12484,3395,472941,98623,3019,2287,16217,25241,9902,644109,13015.59578,0.761,69.1168
Ukraine,UKR,2009,12837,3269,440676,90806,2682,2173,14151,21318,9232,597144,11099.32517,0.758,70.2472
Ukraine,UKR,2010,13305,3296,434107,89047,2564,2190,13152,19478,8990,586129,11795.40101,0.764,70.6207
Ukraine,UKR,2011,13715,3251,420293,87652,2441,2188,12110,18323,8824,568797,12320.17058,0.769,71.3872
Ukraine,UKR,2012,14178,3295,420759,89246,2431,2275,11533,18400,8640,570757,12839.41011,0.773,71.6273
Ukraine,UKR,2013,14563,3296,417440,89518,2394,2360,10980,18435,5730,564716,12824.77342,0.773,71.8617
Ukraine,UKR,2014,14857,3142,395762,85023,2275,2271,10068,17095,7223,537716,12237.29245,0.773,72.5905
Ukraine,UKR,2015,15443,3489,455290,100754,2745,2767,11454,22167,6926,621035,11671.55321,0.774,73.4581
Ukraine,UKR,2016,15702,3496,442558,98149,2704,2714,11030,21131,6971,604455,11649.48105,0.779,74.3121
Ukraine,UKR,2017,15984,3488,440677,97496,2749,2663,11396,20576,7030,602059,12032.75473,0.782,74.7181
Ukraine,UKR,2018,16228,3586,451278,99448,2810,2688,11962,20433,6849,615282,12455.66945,0.783,74.4122
Ukraine,UKR,2019,16370,3586,449376,99218,2821,2660,12181,20141,6643,612996,12964.43614,0.786,74.5364
United Arab Emirates,ARE,2007,49,39,3338,1888,548,568,735,179,58,7402,79459.26304,0.831,77.1289
United Arab Emirates,ARE,2008,51,40,3550,2098,558,630,821,192,74,8014,69814.63137,0.834,77.4877
United Arab Emirates,ARE,2009,54,42,3870,2338,591,702,918,210,86,8811,59017.26106,0.833,78.003
United Arab Emirates,ARE,2011,62,48,4539,2755,683,813,1060,250,107,10317,56152.06467,0.84,78.5168
United Arab Emirates,ARE,2012,67,52,4950,2992,736,870,1136,273,117,11193,57445.95475,0.846,78.7155
United Arab Emirates,ARE,2014,80,54,5590,3528,791,967,1295,321,136,12762,62573.50531,0.859,79.0442
United Arab Emirates,ARE,2015,89,60,6138,3853,873,1046,1387,351,145,13942,65577.51224,0.865,79.2232
United Arab Emirates,ARE,1990,23,14,1552,647,189,207,310,71,3,3016,102433.136,0.728,71.9004
United Arab Emirates,ARE,1991,25,16,1659,697,204,221,330,77,4,3233,96250.29036,0.739,72.2414
United Arab Emirates,ARE,1992,26,17,1776,749,219,235,351,83,5,3461,93043.47737,0.742,72.3062
United Arab Emirates,ARE,1993,28,18,1906,804,235,250,375,89,6,3711,92505.3311,0.748,72.5213
United Arab Emirates,ARE,1994,29,20,2064,867,259,269,401,96,7,4012,96784.42694,0.755,72.5982
United Arab Emirates,ARE,1995,31,21,2175,926,275,285,424,103,8,4248,101303.2758,0.762,72.6945
United Arab Emirates,ARE,1996,32,22,2272,981,290,299,443,108,9,4456,101490.2439,0.767,72.7674
United Arab Emirates,ARE,1997,34,23,2357,1030,304,311,461,112,11,4643,103567.0353,0.773,72.9367
United Arab Emirates,ARE,1998,35,24,2430,1081,316,324,476,117,12,4815,99915.7695,0.779,73.0658
United Arab Emirates,ARE,1999,36,25,2521,1141,330,340,495,122,14,5024,98569.19252,0.787,73.6697
United Arab Emirates,ARE,2000,38,27,2635,1215,352,359,514,128,17,5285,104640.2807,0.796,74.38
United Arab Emirates,ARE,2001,39,29,2688,1280,368,377,528,133,20,5462,103519.0537,0.8,74.6356
United Arab Emirates,ARE,2002,41,30,2756,1352,388,398,547,138,24,5674,96736.92556,0.804,74.901
United Arab Emirates,ARE,2003,43,33,2880,1433,425,431,568,145,28,5986,97761.53732,0.814,76.2223
United Arab Emirates,ARE,2004,45,37,3053,1529,477,470,597,152,32,6392,98236.07759,0.818,76.4532
United Arab Emirates,ARE,2005,46,39,3143,1618,510,497,621,160,37,6671,92443.55639,0.822,76.6825
United Arab Emirates,ARE,2006,47,40,3254,1738,528,530,665,169,46,7017,88502.51225,0.827,76.9087
United Arab Emirates,ARE,2010,58,45,4185,2536,635,760,988,228,96,9531,54911.24407,0.835,78.3335
United Arab Emirates,ARE,2013,73,55,5358,3274,784,933,1226,301,126,12130,60005.69536,0.852,78.8528
United Arab Emirates,ARE,2016,99,66,6696,4209,962,1128,1483,386,154,15183,66881.32974,0.87,79.3347
United Arab Emirates,ARE,2017,111,74,7314,4592,1068,1223,1582,424,161,16549,67667.50846,0.897,79.5036
United Arab Emirates,ARE,2018,124,82,7947,5017,1190,1325,1678,464,163,17990,67195.09523,0.909,79.6274
United Arab Emirates,ARE,2019,138,90,8621,5473,1325,1433,1778,506,160,19524,68590.90094,0.92,79.7262
United Kingdom,GBR,1990,18423,4817,290792,169769,7802,4970,37657,4899,457,539586,30951.71296,0.804,75.7359
United Kingdom,GBR,1991,18884,4843,287057,169624,7770,4785,37799,4997,581,536340,30605.64788,0.809,75.9098
United Kingdom,GBR,1992,19355,4848,282816,169747,7654,4585,37909,5125,626,532665,31001.96039,0.816,76.3063
United Kingdom,GBR,1993,19863,4880,281336,170585,7450,4673,38482,5361,722,533352,31663.94445,0.82,76.1627
United Kingdom,GBR,1994,20253,4824,271859,168859,7166,4583,37932,5542,827,521845,33332.3481,0.828,76.7221
United Kingdom,GBR,1995,20795,4890,269294,169203,7119,4607,38648,5907,831,521294,31384.66716,0.828,76.6164
United Kingdom,GBR,1996,21258,4915,263690,168147,6979,4550,38812,6236,585,515172,31969.15701,0.834,76.8748
United Kingdom,GBR,1997,21666,4942,256903,167034,6852,4517,39141,6573,418,508046,34071.49387,0.842,77.1418
United Kingdom,GBR,1998,22095,5025,252922,167542,6838,4557,39754,7000,257,505990,35707.68553,0.848,77.277
United Kingdom,GBR,1999,22516,5149,248751,168049,6862,4624,40727,7426,268,504372,36363.83257,0.855,77.3757
United Kingdom,GBR,2000,22905,5218,239565,166014,6714,4653,40522,7712,268,493571,37777.78716,0.862,77.8525
United Kingdom,GBR,2001,23333,5353,233119,164840,6660,4784,40655,8027,290,487061,38719.04616,0.868,78.1239
United Kingdom,GBR,2002,23827,5570,230394,166083,6687,4981,41715,8413,295,487965,39849.42208,0.873,78.2411
United Kingdom,GBR,2003,24271,5744,224685,167145,6647,5126,42535,8714,340,485207,41064.69224,0.878,78.334
United Kingdom,GBR,2004,24610,5782,213148,166006,6399,5130,42083,8782,288,472228,41786.38488,0.889,78.9045
United Kingdom,GBR,2005,25153,5885,204902,165756,6234,5211,42263,8935,315,464654,42785.2434,0.895,79.1116
United Kingdom,GBR,2006,25785,5994,197876,166590,6108,5342,42427,9161,330,459613,43021.0528,0.894,79.355
United Kingdom,GBR,2007,26451,6150,192432,168163,5988,5531,42954,9272,343,457284,43316.41229,0.897,79.5424
United Kingdom,GBR,2008,27150,6317,188260,169922,5934,5695,43660,9396,339,456673,42389.3105,0.9,79.6652
United Kingdom,GBR,2009,27758,6355,181482,169668,5749,5792,43614,9320,334,450072,40680.05753,0.906,80.1668
United Kingdom,GBR,2010,28550,6450,178756,170537,5700,6036,44347,9335,328,450039,41666.51526,0.912,80.4008
United Kingdom,GBR,2011,29177,6524,176730,172472,5664,6345,45388,9287,273,451860,41872.23405,0.908,80.8046
United Kingdom,GBR,2012,29681,6739,178239,175638,5743,6733,46978,9273,264,459288,41700.4797,0.909,80.8659
United Kingdom,GBR,2013,29910,6929,178833,178763,5812,7015,48169,9416,275,465122,42026.76323,0.922,80.9291
United Kingdom,GBR,2014,30016,7039,176323,180410,5783,7195,47951,9455,215,464387,43236.64235,0.924,81.1602
United Kingdom,GBR,2015,30352,7261,177307,183720,5912,7376,49086,9704,266,470984,44136.35045,0.924,80.9238
United Kingdom,GBR,2016,30679,7350,176098,185795,5966,7471,49353,9896,263,472871,44729.56153,0.927,81.0747
United Kingdom,GBR,2017,31165,7468,176949,187620,6036,7577,49793,9959,245,476812,45771.00186,0.93,81.1684
United Kingdom,GBR,2018,31857,7745,184431,192771,6255,7703,51188,10016,239,492205,46225.87833,0.929,81.1254
United Kingdom,GBR,2019,32425,7906,188113,195999,6368,7776,51879,10031,233,500730,47251.76897,0.935,81.725
United States,USA,2007,114585,23705,836120,625940,73228,72852,172341,51575,12444,1982790,55542.57264,0.906,78.1004
United States,USA,2008,117064,24369,833165,637146,72592,76152,177366,53086,11400,2002340,54095.39699,0.906,78.1958
United States,USA,2009,118965,24760,823362,644331,71235,78863,179468,54496,10551,2006031,52795.10587,0.908,78.564
United States,USA,2010,121781,25309,820215,648290,69915,82391,182265,55472,9143,2014781,54265.33606,0.911,78.7724
United States,USA,2011,124656,26123,830800,659516,68571,86464,187463,57598,8428,2049619,54949.54774,0.913,78.82
United States,USA,2012,127120,26781,837102,668318,67741,89367,191590,59351,7973,2075343,56402.58237,0.916,78.9441
United States,USA,2013,129640,27531,847344,678428,67235,92802,196459,61199,7682,2108320,56904.62415,0.917,78.9507
United States,USA,2014,131616,28193,858443,689157,67583,96182,200484,63045,7413,2142116,58314.25546,0.919,79.0175
United States,USA,2015,134411,29081,876853,700941,68860,99915,205998,64842,7089,2187990,59682.8778,0.92,78.8694
United States,USA,2016,136673,29748,892268,715197,70534,102601,209980,66395,7430,2230826,59969.35653,0.922,78.8482
United States,USA,1990,73079,12895,879646,539139,47140,33101,106098,37386,27789,1756273,39472.3021,0.872,75.3699
United States,USA,1991,78365,13217,877798,544760,49037,33885,109587,37417,32425,1776491,38997.77919,0.873,75.5227
United States,USA,1992,83053,13600,874992,550919,51045,34919,113036,37599,36485,1795648,39677.08666,0.878,75.7776
United States,USA,1993,87768,14301,895086,565698,54543,36767,119371,38715,40523,1852772,40069.43868,0.88,75.567
United States,USA,1994,91491,14816,899691,573321,57260,38199,123547,39290,44959,1882574,41280.44005,0.884,75.7377
United States,USA,1995,94855,15434,908922,582371,60140,39946,128157,40019,45213,1915057,42183.13373,0.885,75.8536
United States,USA,1996,96526,15962,907009,583202,62422,41627,131733,40254,33684,1912419,43533.95344,0.887,76.1753
United States,USA,1997,96342,16545,904335,583773,64519,43504,135669,40662,19425,1904774,45256.99435,0.89,76.498
United States,USA,1998,95816,17349,909266,589017,67162,46077,141289,41422,15921,1923319,47253.20126,0.893,76.66
United States,USA,1999,95512,18354,920654,597618,70341,49593,148677,42462,17187,1960398,48806.13219,0.889,76.6718
United States,USA,2000,96426,19242,918346,602487,72376,53052,153230,43766,16072,1974997,50420.86712,0.891,76.8114
United States,USA,2001,98558,20082,913252,606130,74237,56223,156917,45248,15493,1986140,50701.40306,0.892,76.9285
United States,USA,2002,101170,20907,908753,610949,75715,59027,160322,46713,15477,1999033,50936.99207,0.893,77.0005
United States,USA,2003,104024,21562,895284,612745,76291,61472,162757,47856,15100,1997091,51602.26263,0.895,77.1536
United States,USA,2004,106572,21922,868245,609433,75309,63437,163040,48073,14416,1970447,53068.89741,0.898,77.5581
United States,USA,2005,109900,22755,864804,615940,75892,67056,167679,49642,13839,1987507,54305.12642,0.9,77.5573
United States,USA,2006,112291,23243,850549,620516,74669,69954,169726,50663,13265,1984876,55681.43355,0.904,77.8386
United States,USA,2017,138750,30014,899212,725719,72239,101751,211269,65977,7338,2252269,61186.46283,0.924,78.8213
United States,USA,2018,141681,31277,929375,750419,75081,104364,218546,66816,7200,2324759,62626.32702,0.927,78.9896
United States,USA,2019,143919,32211,957455,773895,77719,106954,224988,67286,7053,2391480,63614.86366,0.93,79.138
Uruguay,URY,1990,735,203,11463,8229,694,507,1291,533,46,23701,10699.72084,0.701,73.1617
Uruguay,URY,1991,772,216,11115,8429,720,470,1260,556,50,23588,11130.23386,0.705,73.3051
Uruguay,URY,1992,784,219,11280,8441,705,512,1358,552,59,23910,11984.48622,0.708,73.4412
Uruguay,URY,1993,805,227,11462,8522,706,546,1441,559,81,24349,12230.23593,0.711,73.579
Uruguay,URY,1994,830,227,11246,8498,689,549,1480,558,90,24167,12993.59291,0.716,73.7276
Uruguay,URY,1995,861,235,11357,8598,695,560,1566,557,85,24514,12746.59981,0.717,73.896
Uruguay,URY,1996,889,238,11258,8642,690,558,1609,549,113,24546,13386.57815,0.723,74.0876
Uruguay,URY,1997,919,238,11103,8655,683,542,1664,549,95,24448,14520.43184,0.735,74.298
Uruguay,URY,1998,949,248,11368,8831,706,568,1782,552,112,25116,15075.17988,0.744,74.5267
Uruguay,URY,1999,971,252,11326,8869,709,596,1846,548,120,25237,14797.83113,0.747,74.7695
Uruguay,URY,2000,989,250,10956,8812,697,600,1807,529,139,24779,14447.51049,0.753,75.0247
Uruguay,URY,2001,1009,254,10806,8792,698,618,1849,516,151,24693,13863.30468,0.76,75.2851
Uruguay,URY,2002,1034,262,10883,8939,715,656,1874,504,155,25022,12897.16027,0.764,75.5399
Uruguay,URY,2003,1060,272,11055,9066,737,698,1946,496,166,25496,12446.62399,0.77,75.7851
Uruguay,URY,2004,1079,277,10997,9085,748,724,1956,486,161,25513,13048.45186,0.77,76.0069
Uruguay,URY,2005,1093,279,10693,9064,748,732,1926,480,180,25195,14226.02679,0.768,76.1935
Uruguay,URY,2006,1110,280,10338,9034,751,733,1898,469,148,24761,14884.97098,0.768,76.3615
Uruguay,URY,2007,1144,294,10554,9315,796,770,1983,486,174,25516,15828.80644,0.771,76.4981
Uruguay,URY,2008,1165,289,9993,9169,774,749,1908,466,186,24699,16795.81997,0.774,76.623
Uruguay,URY,2009,1199,290,9665,9152,772,752,1906,457,189,24382,17404.48653,0.78,76.7384
Uruguay,URY,2010,1241,298,9642,9335,786,780,1945,453,196,24676,18614.31477,0.787,76.858
Uruguay,URY,2011,1297,315,10008,9532,818,844,2030,467,197,25508,19578.65067,0.794,76.9833
Uruguay,URY,2012,1321,321,9886,9562,825,877,2055,470,197,25514,19381.35212,0.798,77.111
Uruguay,URY,2013,1341,322,9660,9539,828,901,2048,459,179,25277,20666.30667,0.805,77.24
Uruguay,URY,2014,1363,325,9505,9532,833,920,2035,452,185,25150,21004.10273,0.808,77.3663
Uruguay,URY,2015,1395,333,9613,9645,851,938,2094,454,183,25506,21439.38802,0.811,77.4827
Uruguay,URY,2016,1424,337,9629,9687,863,963,2118,452,186,25659,21673.66035,0.815,77.5707
Uruguay,URY,2017,1450,341,9792,9836,875,967,2128,461,184,26034,21733.37205,0.819,77.6247
Uruguay,URY,2018,1473,345,9881,9948,883,977,2138,465,181,26291,21730.72567,0.819,77.611
Uruguay,URY,2019,1497,349,10003,10084,895,989,2155,471,177,26620,21916.76822,0.821,77.5085
Uzbekistan,UZB,1990,1919,289,49437,12936,1158,1891,4929,4147,133,76839,3472.614754,,65.3456
Uzbekistan,UZB,1991,1976,302,53340,13245,1363,2017,5084,4579,119,82025,3375.031431,,65.1307
Uzbekistan,UZB,1992,2021,321,59043,13687,1624,2190,5359,5142,133,89520,2928.28956,,65.1091
Uzbekistan,UZB,1993,2042,349,66756,14468,1995,2448,5842,5976,150,100026,2802.399012,,64.8289
Uzbekistan,UZB,1994,2017,367,72871,15039,2355,2684,6297,6765,178,108573,2601.278307,,64.6854
Uzbekistan,UZB,1995,1951,373,76405,15336,2610,2866,6546,7417,216,113720,2528.409015,,64.6463
Uzbekistan,UZB,1996,1873,380,79694,15596,2802,3043,6734,8064,235,118421,2516.539211,,64.7118
Uzbekistan,UZB,1997,1781,380,80580,15335,2836,3099,6594,8285,279,119169,2583.554927,,64.7636
Uzbekistan,UZB,1998,1683,387,82406,15268,2913,3192,6517,8414,322,121102,2666.620766,,65.035
Uzbekistan,UZB,1999,1584,392,83258,15234,3002,3281,6302,8586,383,122022,2732.518161,,65.3835
Uzbekistan,UZB,2000,1498,413,87898,15601,3271,3472,6336,9035,406,127930,2741.040168,0.607,65.7235
Uzbekistan,UZB,2001,1410,429,91143,15728,3456,3590,6097,9367,431,131651,2852.797942,0.614,66.087
Uzbekistan,UZB,2002,1327,450,95199,15923,3749,3757,5916,9725,436,136482,2943.953086,0.621,66.6037
Uzbekistan,UZB,2003,1250,471,98771,16084,4091,3953,5731,10092,424,140867,3041.282538,0.627,67.0397
Uzbekistan,UZB,2004,1186,488,101480,16060,4430,4213,5419,10647,383,144306,3250.889111,0.634,67.4012
Uzbekistan,UZB,2005,1131,507,105814,16635,4800,4686,5284,11255,393,150505,3439.404262,0.639,67.4901
Uzbekistan,UZB,2006,1084,496,102934,16509,4830,4398,4751,10941,464,146407,3567.76127,0.644,67.891
Uzbekistan,UZB,2007,1057,491,101757,16615,5007,4355,4313,10946,487,145028,4101.007448,0.656,68.2918
Uzbekistan,UZB,2008,1045,504,102555,16609,5189,4324,3953,10815,508,145502,4240.700719,0.659,68.7646
Uzbekistan,UZB,2009,1035,503,101045,16481,5322,4373,3553,10634,510,143456,4499.637461,0.665,68.8705
Uzbekistan,UZB,2010,1026,509,101550,16676,5521,4102,3360,10593,544,143881,4943.025175,0.673,69.2354
Uzbekistan,UZB,2011,1018,522,104111,17371,5893,4002,3340,10880,558,147695,5275.207055,0.68,69.6487
Uzbekistan,UZB,2012,1013,530,105856,18088,6331,3761,3343,11213,557,150692,5599.849102,0.687,69.8742
Uzbekistan,UZB,2013,1012,530,105614,18623,6616,3447,3390,11338,523,151093,5977.987646,0.693,69.9895
Uzbekistan,UZB,2014,1015,533,105795,19374,6985,3423,3414,11597,595,152731,6258.947949,0.698,70.2343
Uzbekistan,UZB,2015,1020,539,106219,20098,7329,3426,3423,11866,593,154513,6485.233243,0.701,70.4753
Uzbekistan,UZB,2016,1033,542,106364,20851,7598,3668,3492,12166,587,156301,6725.763449,0.709,70.7548
Uzbekistan,UZB,2017,1055,545,106915,21321,7776,3747,3636,12474,589,158058,6974.358065,0.715,71.0095
Uzbekistan,UZB,2018,1084,547,107628,21879,8003,3860,3752,12770,588,160111,7303.472178,0.72,71.1494
Uzbekistan,UZB,2019,1119,544,107394,22338,8154,3971,3837,13042,585,160984,7499.478344,0.726,71.3441
Vanuatu,VUT,1990,7,5,311,76,28,16,90,26,2,561,2796.691933,,66.6747
Vanuatu,VUT,1991,7,5,330,81,30,17,94,28,2,594,2648.554526,,67.2031
Vanuatu,VUT,1992,7,5,347,86,32,19,98,29,3,626,2472.191472,,67.3535
Vanuatu,VUT,1993,7,5,362,89,33,20,101,30,3,650,2469.48714,,67.5281
Vanuatu,VUT,1994,8,6,380,94,35,21,105,31,4,684,2443.395921,,67.7387
Vanuatu,VUT,1995,8,6,386,95,36,21,105,31,4,692,2549.196357,,67.8853
Vanuatu,VUT,1996,8,6,399,98,38,23,108,32,4,716,2597.366653,,68.6298
Vanuatu,VUT,1997,8,6,410,101,40,24,109,32,5,735,2629.264118,,68.7082
Vanuatu,VUT,1998,8,6,420,104,42,25,110,33,5,753,2688.953424,,68.763
Vanuatu,VUT,1999,9,6,435,108,44,26,113,34,5,780,2793.51902,,68.2374
Vanuatu,VUT,2000,9,6,437,108,45,26,111,33,5,780,2795.741554,,68.9657
Vanuatu,VUT,2001,9,6,454,113,49,28,113,34,6,812,2756.182045,,69.0375
Vanuatu,VUT,2002,9,6,451,112,50,29,110,33,6,806,2561.696975,,69.196
Vanuatu,VUT,2003,9,6,454,112,51,30,109,32,7,810,2598.666954,,69.2761
Vanuatu,VUT,2004,9,6,471,117,55,33,111,33,7,842,2618.474793,,69.3133
Vanuatu,VUT,2005,10,6,503,125,62,36,116,34,7,899,2648.817055,0.578,69.3898
Vanuatu,VUT,2006,10,7,528,132,66,38,120,35,8,944,2864.764402,0.584,69.462
Vanuatu,VUT,2007,11,7,558,141,71,41,125,37,8,999,2871.305544,0.585,69.5445
Vanuatu,VUT,2008,11,8,586,149,76,44,129,38,9,1050,3099.601738,0.591,69.6019
Vanuatu,VUT,2009,12,8,608,155,80,46,132,39,10,1090,3013.346393,0.591,69.6526
Vanuatu,VUT,2010,12,8,631,162,84,49,135,40,10,1131,2991.247208,0.591,69.6171
Vanuatu,VUT,2011,13,9,665,171,91,52,141,41,11,1194,3024.658712,0.593,69.5508
Vanuatu,VUT,2012,14,9,689,178,95,54,144,42,11,1236,2865.599326,0.59,69.4972
Vanuatu,VUT,2013,14,10,716,185,100,57,148,43,12,1285,2929.854856,0.593,69.5342
Vanuatu,VUT,2014,15,10,742,192,105,59,153,44,13,1333,3031.763329,0.595,69.4645
Vanuatu,VUT,2015,16,11,767,198,110,62,156,45,14,1379,2969.834779,0.595,69.5129
Vanuatu,VUT,2016,17,11,793,205,115,64,161,46,15,1427,3043.566834,0.596,69.6496
Vanuatu,VUT,2017,17,12,817,212,119,66,164,48,16,1471,3089.938709,0.599,69.7095
Vanuatu,VUT,2018,18,12,843,219,123,68,168,48,17,1516,3200.787431,0.603,69.7948
Vanuatu,VUT,2019,19,13,869,225,127,70,172,49,19,1563,3417.730001,0.611,69.8769
Venezuela,VEN,1990,1629,282,25991,12533,3086,1548,2046,2124,655,49894,16424.636,0.659,71.5319
Venezuela,VEN,1991,1719,296,26930,13007,3292,1703,2108,2186,598,51839,17598.569,0.669,71.8318
Venezuela,VEN,1992,1823,312,27673,13588,3503,1863,2192,2251,786,53991,18235.914,0.675,71.806
Venezuela,VEN,1993,1942,341,28655,14054,3627,2045,2328,2288,907,56187,17875.116,0.676,71.9253
Venezuela,VEN,1994,2063,382,30586,14884,3867,2314,2552,2361,1089,60098,17071.451,0.675,71.8529
Venezuela,VEN,1995,2159,401,30719,15118,3909,2642,2731,2365,942,60986,17364.324,0.679,72.1429
Venezuela,VEN,1996,2249,401,30061,15123,3851,2926,2817,2302,1025,60755,16965.033,0.679,72.1108
Venezuela,VEN,1997,2376,410,29523,15174,3841,3158,2899,2243,1233,60857,17681.472,0.685,72.7029
Venezuela,VEN,1998,2536,439,30766,15872,4030,3511,3162,2378,1278,63972,17385.75,0.686,72.6681
Venezuela,VEN,1999,2685,460,31481,16382,4232,3826,3324,2421,1397,66208,16027.197,0.682,72.2539
Venezuela,VEN,2000,2820,479,31963,16887,4363,4059,3388,2502,1408,67869,16072.076,0.684,72.4775
Venezuela,VEN,2001,2956,510,33055,17822,4577,4338,3584,2639,1287,70768,16343.749,0.689,71.2015
Venezuela,VEN,2002,3124,553,34905,19028,4888,4685,3775,2756,1299,75013,14654.607,0.699,72.6618
Venezuela,VEN,2003,3286,580,36846,19915,5148,5091,4011,2915,1372,79164,13301.808,0.693,71.9402
Venezuela,VEN,2004,3415,571,35887,19650,5002,5058,3912,2805,1542,77842,15485.932,0.707,72.514
Venezuela,VEN,2005,3573,596,36891,20463,5150,5279,4035,2910,1585,80482,16817.616,0.721,72.7825
Venezuela,VEN,2006,3727,638,39086,21913,5512,5688,4233,3177,1663,85637,18193.572,0.732,72.7418
Venezuela,VEN,2007,3877,675,40688,23102,5924,6065,4407,3421,1738,89897,19485.41,0.749,73.0583
Venezuela,VEN,2008,4053,714,42689,24417,6412,6521,4588,3617,1739,94750,20205.672,0.756,72.436
Venezuela,VEN,2009,4206,731,43284,24932,6686,6730,4639,3621,1861,96690,19268.248,0.756,72.5788
Venezuela,VEN,2010,4370,716,41767,24352,6648,6650,4539,3353,1941,94336,18702.897,0.755,72.8901
Venezuela,VEN,2011,4554,745,42996,25140,7008,6924,4725,3412,2234,97738,19201.512,0.762,72.913
Venezuela,VEN,2012,4714,782,44682,26388,7523,7361,4957,3611,2251,102269,19990.746,0.767,73.0364
Venezuela,VEN,2013,4856,797,44817,26771,7768,7560,5048,3622,2165,103404,19973.024,0.774,73.1962
Venezuela,VEN,2014,5074,841,46562,27936,8191,7925,5285,3635,2182,107631,18928.272,0.77,72.8533
Venezuela,VEN,2015,5276,879,48257,28869,8552,8291,5506,3753,2155,111538,17510.852,0.767,73.0064
Venezuela,VEN,2016,5535,928,50966,30209,9049,8769,5813,3939,2070,117278,14482.668,0.757,72.0578
Venezuela,VEN,2017,5789,973,53591,31186,9459,9157,6105,4114,1956,122330,12321.887,0.744,71.943
Venezuela,VEN,2018,6036,1022,56164,32241,9897,9575,6427,4307,1882,127551,10431.452,0.738,71.9788
Venezuela,VEN,2019,6313,1119,61510,34771,10795,10405,7062,4692,1850,138517,7045.248,0.721,72.1614
Yemen,YEM,2007,1086,256,37776,8249,1066,1776,4262,2293,252,57016,3886.050629,0.498,66.5653
Yemen,YEM,2008,1136,269,39045,8663,1122,1846,4372,2367,258,59078,3889.668856,0.501,66.9629
Yemen,YEM,2009,1182,279,39807,8910,1163,1896,4422,2394,257,60310,3925.035508,0.506,67.1964
Yemen,YEM,2010,1228,289,40277,9075,1197,1931,4438,2396,261,61092,3902.233535,0.51,67.28
Yemen,YEM,2011,1282,302,41648,9437,1256,1997,4539,2423,262,63146,3161.129536,0.509,67.4194
Yemen,YEM,2012,1337,315,42824,9731,1310,2055,4620,2417,268,64877,3152.900024,0.512,67.3429
Yemen,YEM,2013,1396,329,44191,10142,1375,2143,4746,2428,280,67030,3212.651579,0.513,67.5451
Yemen,YEM,2014,1453,343,45318,10462,1435,2215,4825,2419,285,68755,2775.842952,0.505,67.3842
Yemen,YEM,2015,1510,357,47307,10900,1507,2311,4981,2460,287,71620,1785.788608,0.477,65.8734
Yemen,YEM,1990,528,119,25373,4545,577,1149,3341,1546,73,37251,2730.788444,0.383,58.6994
Yemen,YEM,1991,549,123,25913,4647,588,1174,3395,1577,82,38048,2574.032279,0.386,59.049
Yemen,YEM,1992,572,128,26560,4777,601,1199,3443,1616,92,38988,2550.0361,0.391,59.4283
Yemen,YEM,1993,595,133,27232,4906,615,1226,3497,1651,102,39957,2538.306132,0.397,59.8595
Yemen,YEM,1994,620,138,27938,5049,630,1255,3555,1690,111,40986,2475.452053,0.399,59.7135
Yemen,YEM,1995,648,144,28606,5196,645,1282,3590,1738,120,41969,2691.795957,0.409,60.4532
Yemen,YEM,1996,676,149,29232,5343,661,1309,3622,1783,129,42904,2983.637039,0.419,60.5678
Yemen,YEM,1997,704,155,29894,5500,677,1337,3662,1828,138,43895,3069.567853,0.427,61.1193
Yemen,YEM,1998,733,161,30440,5642,692,1363,3689,1865,147,44732,3235.378693,0.435,61.3748
Yemen,YEM,1999,766,167,31290,5858,715,1405,3754,1922,157,46034,3162.854312,0.441,61.9752
Yemen,YEM,2000,801,176,31976,6094,748,1446,3805,1971,168,47185,3334.373285,0.45,62.588
Yemen,YEM,2001,836,186,32560,6354,790,1480,3849,2011,179,48245,3466.026749,0.46,63.2222
Yemen,YEM,2002,876,197,33472,6705,840,1535,3931,2079,191,49826,3516.398906,0.468,63.9062
Yemen,YEM,2003,912,208,34248,6984,882,1582,3996,2109,203,51124,3576.926075,0.476,64.5411
Yemen,YEM,2004,952,219,35081,7275,925,1632,4062,2140,215,52501,3593.508139,0.483,65.0059
Yemen,YEM,2005,995,231,35845,7564,967,1668,4110,2177,227,53784,3673.872607,0.489,65.543
Yemen,YEM,2006,1042,244,36810,7887,1016,1719,4182,2221,239,55360,3858.420964,0.494,65.9877
Yemen,YEM,2016,1574,371,49168,11338,1587,2409,5162,2519,289,74417,1494.230811,0.467,66.0641
Yemen,YEM,2017,1638,386,51491,11808,1665,2505,5368,2607,325,77793,1302.425254,0.459,65.9573
Yemen,YEM,2018,1687,401,53763,12293,1745,2598,5569,2703,332,81091,1341.656234,0.459,64.5751
Yemen,YEM,2019,1731,413,55752,12681,1815,2676,5738,2786,347,83939,1349.567046,0.461,65.0917
Zambia,ZMB,1990,284,88,7826,4635,1138,950,1570,2373,12705,31569,2015.484747,0.412,47.9263
Zambia,ZMB,1991,291,92,8198,4816,1203,994,1624,2462,17443,37123,1865.878534,0.408,47.0971
Zambia,ZMB,1992,297,94,8508,4957,1258,1031,1665,2533,22862,43205,1818.589486,0.408,46.5119
Zambia,ZMB,1993,301,97,8783,5075,1309,1064,1700,2602,28690,49621,1940.829074,0.414,46.2094
Zambia,ZMB,1994,306,99,9092,5220,1367,1101,1739,2688,34628,56240,1755.655971,0.411,45.8543
Zambia,ZMB,1995,312,102,9397,5361,1427,1137,1776,2780,40377,62669,1763.509351,0.413,45.5534
Zambia,ZMB,1996,318,105,9655,5481,1482,1171,1805,2867,45656,68540,1836.686374,0.414,45.2326
Zambia,ZMB,1997,325,108,9848,5572,1529,1196,1823,2944,50296,73641,1853.509751,0.413,44.9446
Zambia,ZMB,1998,332,111,10028,5660,1576,1224,1841,3014,54273,78059,1787.142659,0.411,44.7011
Zambia,ZMB,1999,339,114,10162,5722,1616,1245,1853,3075,57575,81701,1848.441511,0.413,44.6589
Zambia,ZMB,2000,349,117,10320,5768,1652,1267,1868,3124,60302,84767,1879.117195,0.418,45.2312
Zambia,ZMB,2001,357,118,10443,5788,1670,1277,1872,3153,62458,87136,1934.086619,0.425,46.0188
Zambia,ZMB,2002,371,122,10656,5855,1701,1292,1893,3201,63913,89004,1978.769525,0.434,46.9791
Zambia,ZMB,2003,384,125,10903,5978,1738,1315,1924,3257,63393,89017,2076.947214,0.448,48.284
Zambia,ZMB,2004,401,128,11173,6136,1769,1340,1964,3320,61380,87611,2088.561487,0.459,49.4873
Zambia,ZMB,2005,418,132,11420,6265,1796,1361,1987,3348,59143,85870,2154.594327,0.472,50.6591
Zambia,ZMB,2006,436,136,11789,6467,1844,1398,2020,3384,55703,83177,2225.630647,0.484,51.7955
Zambia,ZMB,2007,452,139,11979,6585,1864,1415,2018,3375,48742,76569,2300.748795,0.495,52.7389
Zambia,ZMB,2008,471,142,12235,6748,1894,1443,2032,3394,39812,68171,2499.089747,0.506,53.9449
Zambia,ZMB,2009,491,146,12490,6917,1932,1473,2035,3429,34047,62960,2799.939636,0.519,55.3004
Zambia,ZMB,2010,512,152,12954,7229,2008,1530,2082,3543,31937,61947,2872.004712,0.529,56.7991
Zambia,ZMB,2011,534,157,13555,7508,2063,1576,2124,3646,30107,61270,2873.031079,0.534,57.7708
Zambia,ZMB,2012,556,161,14035,7676,2086,1596,2131,3705,27836,59782,3333.576512,0.548,58.8672
Zambia,ZMB,2013,579,165,14583,7901,2118,1628,2153,3795,26035,58957,3389.47894,0.554,59.8777
Zambia,ZMB,2014,602,169,15184,8131,2159,1664,2180,3904,25339,59332,3263.039162,0.557,60.699
Zambia,ZMB,2015,626,173,15875,8372,2210,1703,2214,4026,25110,60309,3403.471444,0.562,61.2078
Zambia,ZMB,2016,651,178,16687,8642,2265,1746,2249,4179,24776,61373,3237.50565,0.564,61.7937
Zambia,ZMB,2017,689,186,17172,9067,2375,1813,2302,4386,24788,62778,3330.552717,0.568,62.1201
Zambia,ZMB,2018,726,195,17663,9421,2476,1870,2341,4481,23697,62870,3418.096158,0.572,62.3422
Zambia,ZMB,2019,763,203,18157,9789,2573,1931,2388,4593,22540,62937,3365.410652,0.575,62.7926
Zimbabwe,ZWE,1990,457,123,9099,5977,1264,918,1820,1450,11997,33105,2660.896738,0.509,59.4264
Zimbabwe,ZWE,1991,476,129,9211,6161,1297,946,1835,1476,18368,39899,2742.056651,0.512,58.0911
Zimbabwe,ZWE,1992,494,136,9553,6428,1362,996,1893,1532,26535,48929,2477.582183,0.498,56.4354
Zimbabwe,ZWE,1993,509,142,9693,6552,1398,1026,1914,1555,36266,59055,2494.192348,0.491,54.4264
Zimbabwe,ZWE,1994,527,148,9891,6777,1442,1072,1957,1608,46974,70396,2585.596789,0.486,52.5878
Zimbabwe,ZWE,1995,546,156,10139,6980,1495,1118,2009,1657,58072,82172,2540.4448,0.477,50.531
Zimbabwe,ZWE,1996,564,161,10153,7062,1516,1144,2009,1660,68821,93090,2799.62845,0.476,48.9551
Zimbabwe,ZWE,1997,584,167,10364,7226,1571,1199,2036,1679,78903,103729,2776.869008,0.472,47.9933
Zimbabwe,ZWE,1998,609,176,10964,7536,1699,1293,2102,1716,88131,114226,2722.390955,0.466,46.8192
Zimbabwe,ZWE,1999,635,184,11596,7864,1842,1394,2162,1743,95833,123253,2664.18119,0.457,45.2056
Zimbabwe,ZWE,2000,661,193,12372,8300,2021,1516,2252,1795,101864,130974,2448.217915,0.452,44.6864
Zimbabwe,ZWE,2001,679,198,12652,8523,2116,1579,2268,1791,105950,135756,2508.376048,0.441,41.9572
Zimbabwe,ZWE,2002,695,203,13133,8841,2247,1666,2316,1804,108432,139337,2363.482258,0.452,44.5654
Zimbabwe,ZWE,2003,703,206,13484,9063,2354,1737,2344,1798,109389,141078,2167.302016,0.439,43.3926
Zimbabwe,ZWE,2004,710,209,13967,9339,2463,1789,2398,1825,108079,140779,2071.34529,0.446,44.5023
Zimbabwe,ZWE,2005,716,209,14110,9289,2498,1804,2415,1835,104293,137169,1973.994783,0.448,44.7677
Zimbabwe,ZWE,2006,723,211,14484,9457,2588,1844,2467,1878,98236,131888,1892.260606,0.452,45.3635
Zimbabwe,ZWE,2007,725,212,14862,9622,2678,1880,2525,1930,89962,124396,1840.530098,0.454,45.6102
Zimbabwe,ZWE,2008,728,215,15654,10071,2835,1962,2654,2045,80466,116630,1563.611915,0.454,46.7232
Zimbabwe,ZWE,2009,726,215,16082,10311,2927,1995,2721,2106,69602,106685,2381.584309,0.486,48.0625
Zimbabwe,ZWE,2010,723,214,16218,10396,2955,2006,2743,2135,57069,94459,2817.502775,0.512,50.6523
Zimbabwe,ZWE,2011,722,211,16091,10366,2947,1998,2721,2062,45789,82907,3154.375903,0.535,53.347
Zimbabwe,ZWE,2012,724,209,16083,10454,2970,2004,2708,2011,38354,75517,3618.629526,0.557,55.6263
Zimbabwe,ZWE,2013,731,209,16098,10574,3007,2013,2693,1964,33646,70935,3632.111591,0.567,57.4577
Zimbabwe,ZWE,2014,741,212,16356,10857,3094,2057,2715,1952,31034,69018,3644.856047,0.576,58.846
Zimbabwe,ZWE,2015,754,215,16649,11161,3176,2108,2751,1956,29162,67932,3638.532892,0.582,59.5911
Zimbabwe,ZWE,2016,767,219,16937,11465,3259,2160,2788,1962,27141,66698,3606.750671,0.588,60.3059
Zimbabwe,ZWE,2017,781,223,17187,11744,3313,2196,2818,2007,24846,65115,3728.918785,0.594,60.7095
Zimbabwe,ZWE,2018,795,227,17460,12038,3381,2240,2849,2030,22106,63126,3864.012419,0.602,61.4141
Zimbabwe,ZWE,2019,812,232,17810,12353,3460,2292,2891,2065,20722,62637,3674.564482,0.601,61.2925
